kategori,satis_turu,siparis_no,siparis_tarihi,siparisi_veren,kurulum_yeri,il,urun_modeli,urun_adi,litre,seri_no,teslim_suresi,teslim_tarihi,siparisin_durumu,irsaliye_tarihi
yikama,DMO,2018/041,2018-01-02,DMO İSTANBUL BÖLGE MÜDÜRLÜĞÜ,HUDUT VE SAHİLLER SAĞLIK MÜDÜRLÜĞÜ DESTEK MÜDÜRLÜĞÜ-ELBAB,İSTANBUL,TSY 360,360 LT YIKAMA CİHAZI,360 LT,2018/05-005,28 GÜN,,,
yikama,DMO,2018/042,2018-01-02,DMO İSTANBUL BÖLGE MÜDÜRLÜĞÜ,HUDUT VE SAHİLLER SAĞLIK MÜDÜRLÜĞÜ DESTEK MÜDÜRLÜĞÜ-ÇOBANBEY,İSTANBUL,TSY 360,360 LT YIKAMA CİHAZI,360 LT,2018/05-003,29 GÜN,,,
yikama,ÖZEL,2018/043,2018-05-26,ADERANS TEKNİK TAAH.İNŞ.SAN.TİC.LTD.ŞTİ.,İSTANBUL MEDENİYET ÜNİVERSİTESİ,İSTANBUL,GY 360,360 LT YIKAMA CİHAZI,360 LT,2018/05-011,30 GÜN,2018-04-21,,
yikama,DMO,2018/044,2018-01-02,DMO İSTANBUL BÖLGE MÜDÜRLÜĞÜ,HUDUT VE SAHİLLER SAĞLIK MÜDÜRLÜĞÜ DESTEK MÜDÜRLÜĞÜ-MAREA,İSTANBUL,TSY 360,360 LT YIKAMA CİHAZI,360 LT,2018/05-006,31 GÜN,,,
yikama,DMO,2018/045,2018-01-02,DMO İSTANBUL BÖLGE MÜDÜRLÜĞÜ,BÜYÜKÇEKMECE DEVLET HASTANESİ,İSTANBUL,TSY 360,360 LT YIKAMA CİHAZI,360 LT,2018/05-013,55 GÜN,2018-06-26,,
yikama,ÖZEL,2018/047,2018-08-05,FOÇA DEVLET HASTANESİ,FOÇA DEVLET HASTANESİ,İZMİR,GY 225,225 LT ÇİFT KAPI YIKAMA CİHAZI,225 LT,2018/05-020,56 GÜN,2018-06-15,,
yikama,DMO,2018/048,2018-01-02,DMO İSTANBUL BÖLGE MÜDÜRLÜĞÜ,HUDUT VE SAHİLLER SAĞLIK MÜDÜRLÜĞÜ DESTEK MÜDÜRLÜĞÜ-ELBAB,İSTANBUL,TSY 360,360 LT YIKAMA CİHAZI,360 LT,2018/05-004,57 GÜN,,,
yikama,DMO,2018/050,2018-05-03,DMO İZMİR BÖLGE MÜDÜRLÜĞÜ,ORTACA DEVLET HASTANESİ,MUĞLA,TSY 290 O,290 LT YIKAMA CİHAZI,290 LT,2018/05-015,58 GÜN,2018-06-21,,
yikama,DMO,2018/051,2018-03-14,DMO GENEL MÜDÜRLÜĞÜ,KAMAN DEVLET HASTANESİ,KIRŞEHİR,TSY 290,290 LT YIKAMA CİHAZI,290 LT,2018/05-009,59 GÜN,,,
yikama,DMO,2018/052,2018-07-23,DMO ESKİŞEHİR BÖLGE MÜDÜRLÜĞÜ,ALANYA ALAADDİN KEYKUBAT ÜNİVERSİTESİ,ANTALYA,TSY 290,290 LT YIKAMA CİHAZI,290 LT,2018/05-027,55 GÜN,2018-09-15,,
yikama,DMO,2018/053,2018-03-14,DMO GENEL MÜDÜRLÜĞÜ,KAMAN DEVLET HASTANESİ,KIRŞEHİR,TSY 290,290 LT YIKAMA CİHAZI,290 LT,2018/05-010,56 GÜN,,,
yikama,DMO,2018/054,2018-07-24,DMO ESKİŞEHİR BÖLGE MÜDÜRLÜĞÜ,FİNİKE DEVLET HASTANESİ,ANTALYA,TSY 290,290 LT YIKAMA CİHAZI,290 LT,2018/05-030,55 GÜN,2018-09-16,,
yikama,DMO,2018/055,2018-01-02,DMO İSTANBUL BÖLGE MÜDÜRLÜĞÜ,HUDUT VE SAHİLLER SAĞLIK MÜDÜRLÜĞÜ DESTEK MÜDÜRLÜĞÜ-ÇOBANBEY,İSTANBUL,TSY 360,360 LT YIKAMA CİHAZI,360 LT,2018/05-002,56 GÜN,,,
yikama,DMO,2018/076,2018-05-04,DMO ELAZIĞ BÖLGE MÜDÜRLÜĞÜ,YEŞİLYURT DEVLET HASTANESİ,MALATYA,TSY 290 O,290 LT YIKAMA CİHAZI,290 LT,2018/05-017,50 GÜN,2018-06-22,,
yikama,DMO,2018/096,2018-05-08,DMO İSTANBUL BÖLGE MÜDÜRLÜĞÜ,BEYLİKDÜZÜ DEVLET HASTANESİ,İSTANBUL,TSY 360,360 LT YIKAMA CİHAZI,360 LT,2018/05-031,50 GÜN,2018-09-28,,
yikama,DMO,2018/099,2018-11-08,DMO MERSİN BÖLGE MÜDÜRLÜĞÜ,AKSARAY EĞİTİM VE ARAŞTIRMA HASTANESİ,AKSARAY,TSY 360,360 LT YIKAMA CİHAZI,360 LT,2018/05-021,51 GÜN,,,
yikama,DMO,2018/098,2018-04-03,DMO GAZİANTEP BÖLGE MÜDÜRLÜĞÜ,İSKENDERUN ADSM,İSKENDERUN,TSY 360,360 LT YIKAMA CİHAZI,360 LT,2018/05-012,52 GÜN,2018-05-27,,
yikama,DMO,2018/098,2018-05-04,DMO MERSİN BÖLGE MÜDÜRLÜĞÜ,AKSARAY EĞİTİM VE ARAŞTIRMA HASTANESİ,AKSARAY,TSY 360,360 LT YIKAMA CİHAZI,360 LT,2018/05-019,50 GÜN,2018-06-22,,
yikama,DMO,2018/097,2018-05-08,DMO MERSİN BÖLGE MÜDÜRLÜĞÜ,AKSARAY EĞİTİM VE ARAŞTIRMA HASTANESİ,AKSARAY,TSY 360,360 LT YIKAMA CİHAZI,360 LT,2018/05-018,50 GÜN,2018-06-22,,
yikama,ÖZEL,2018/100,2018-05-04,ENDOVET-GÜVEN MEDİKAL,TATVAN DEVLET HASTANESİ,TATVAN,GY 360,360 LT YIKAMA CİHAZI,360 LT,2018/05-016,51 GÜN,2018-05-09,,
yikama,DMO,2018/118,2018-03-03,DMO İZMİR BÖLGE MÜDÜRLÜĞÜ,İZMİR KATİP ÇELEBİ ÜNİVERSİTESİ ATATÜRK EĞİTİM VE ARAŞTIRMA HASTANESİ,İZMİR,TSY 360,360 LT YIKAMA CİHAZI,360 LT,2018/05-007,55 GÜN,2018-04-25,,
yikama,DMO,2018/119,2018-03-03,DMO İZMİR BÖLGE MÜDÜRLÜĞÜ,İZMİR KATİP ÇELEBİ ÜNİVERSİTESİ ATATÜRK EĞİTİM VE ARAŞTIRMA HASTANESİ,İZMİR,TSY 360,360 LT YIKAMA CİHAZI,360 LT,2018/05-008,55 GÜN,2018-04-25,,
yikama,DMO,2018/152,2018-05-03,DMO İSTANBUL BÖLGE MÜDÜRLÜĞÜ,BÜYÜKÇEKMECE DEVLET HASTANESİ,İSTANBUL,TSY 360,360 LT YIKAMA CİHAZI,360 LT,2018/05-014,55 GÜN,2018-06-26,,
yikama,DMO,2018/185,2018-07-23,DMO ESKİŞEHİR BÖLGE MÜDÜRLÜĞÜ,ALANYA ALAADDİN KEYKUBAT ÜNİVERSİTESİ,ANTALYA,TSY 290 O,290 LT ÇİFT KAPILI  YIKAMA CİHAZI,290 LT,2018/05-028,55 GÜN,2018-09-15,,
yikama,YURTDIŞI,2018/166,2018-05-18,ALPLER MEDİKAL VE SAĞLIK LTD.ŞTİ.,ALPLER MEDİKAL VE SAĞLIK LTD.ŞTİ.,MOLDOVA,GY 290,290 LT ÇİFT KAPILI  YIKAMA CİHAZI,290 LT,2018/05-023,56 GÜN,2018-06-08,,
yikama,DMO,2018/168,2018-04-03,DMO GAZİANTEP BÖLGE MÜDÜRLÜĞÜ,İSKENDERUN ADSM,İSKENDERUN,TSY 360,360 LT YIKAMA CİHAZI,360 LT,2018/05-024,57 GÜN,2018-07-15,,
yikama,YURTDIŞI,2018/154,2018-06-21,SİMAD ÜNİVERSİTESİ,SİMAD ÜNİVERSİTESİ,SOMALİ,GY 290 ,290 LT YIKAMA CİHAZI,290 LT,2018/05-025,58 GÜN,2018-07-01,,
yikama,DMO,2018/196,2018-06-28,DMO MERSİN BÖLGE MÜDÜRLÜĞÜ,AKSARAY EĞİTİM VE ARAŞTIRMA HASTANESİ,AKSARAY,TSY 360,360 LT YIKAMA CİHAZI,360 LT,2018/05-026,59 GÜN,,,
yikama,DMO,2018/214,2018-07-24,DMO ESKİŞEHİR BÖLGE MÜDÜRLÜĞÜ,FİNİKE DEVLET HASTANESİ,ANTALYA,TSY 290 O,290 LT YIKAMA CİHAZI,290 LT,2018/05-029,55 GÜN,2018-09-16,,
yikama,DMO,2018/230,2018-11-30,DMO İSTANBUL BÖLGE MÜDÜRLÜĞÜ,TEKİRDAĞ ŞARKÖY DEVLET HASTANESİ,TEKİRDAĞ,TSY 290 O,290 LT YIKAMA CİHAZI,290 LT,2018/05-039,50 GÜN,2019-01-18,,
yikama,DMO,2018/246,2018-09-13,DMO İSTANBUL BÖLGE MÜDÜRLÜĞÜ,HAYRABOLU DEVLET HASTANESİ,TEKİRDAĞ,TSY 360,360 LT YIKAMA CİHAZI,360 LT,2018/05-034,55 GÜN,2018-11-06,,
yikama,YURTDIŞI,2018/302,2018-09-19,RAWAAT-ALMAJARRA COMPANY,RAWAAT-ALMAJARRA COMPANY,IRAK,GY 290,290 LT TEK KAPI YIKAMA CİHAZI,290 LT,2018/05-035,3 HAFTA,2018-10-10,,
yikama,DMO,2018/297,2018-09-25,DMO ESKİŞEHİR BÖLGE MÜDÜRLÜĞÜ,YUNUS EMRE DEVLET HASTANESİ,ESKİŞEHİR,TSY 360,360 LT YIKAMA CİHAZI,360 LT,2018/05-036,50 GÜN,2018-11-14,,
yikama,YURTDIŞI,2018/353,2018-10-31,SHORESH ENTERPRISE,SHORESH ENTERPRISE,SİNGAPUR,GY 290 O,290 LT YIKAMA CİHAZI,290 LT,2018/05-038,15 GÜN,2018-11-15,,
yikama,YURTDIŞI,2018/324,2018-12-06,SHİNYAR COMPANY FOR GENERAL ,SHİNYAR COMPANY FOR GENERAL ,IRAK,GY 360,360 LT YIKAMA CİHAZI,360 LT,2018/05-042,30 GÜN,2019-01-06,,
yikama,İHALE,2018/327,2018-12-01,NUH NACİ YAZGAN ÜNİVERSİTESİ,NUH NACİ YAZGAN ÜNİVERSİTESİ,KAYSERİ,GY 360,360 LT YIKAMA CİHAZI,360 LT,2018/05-040,30 GÜN,2019-01-01,,
yikama,İHALE,2018/343,2018-12-01,NUH NACİ YAZGAN ÜNİVERSİTESİ,NUH NACİ YAZGAN ÜNİVERSİTESİ,KAYSERİ,GY 290 O,290 LT YIKAMA CİHAZI,290 LT,2018/05-041,30 GÜN,2019-01-01,,
yikama,ÖZEL,2018/309,2018-12-24,A HOSPİTAL SAĞLIK HİZM.TİC.LTD.ŞTİ.,A HOSPİTAL SAĞLIK HİZM.TİC.LTD.ŞTİ.,İSTANBUL,GY 290 O,290 LT YIKAMA CİHAZI,290 LT,2018/05-044,15 GÜN,2019-01-07,,
yikama,YURTDIŞI,2019/006,2019-01-17,SHİNYAR COMPANY FOR GENERAL CONSTRUCTİON LTD.,SHİNYAR COMPANY FOR GENERAL CONSTRUCTİON LTD.,IRAK,GY 290 O,290 LT YIKAMA CİHAZI,290 LT,2018/05-043,121,2019-05-18,,
yikama,DMO,2019/007,2019-06-26,DMO PAZARLAMA BÖLGE MÜDÜRLÜĞÜ,BAYAT DEVLET HASTANESİ,ÇORUM,TSY 290 O,290 LT YIKAMA CİHAZI,290 LT,2019/05-015,23,2019-07-19,,
yikama,DMO,2019/062,2019-02-01,DMO İZMİR BÖLGE MÜDÜRLÜĞÜ,İZMİR KONAK DİŞ HASTANESİ,İZMİR,TSY 360,360 LT YIKAMA CİHAZI,360 LT,2019/05-001,10,2019-02-11,,
yikama,DMO,2019/015,2019-03-15,DMO ELAZIĞ BÖLGE MÜDÜRLÜĞÜ,SU ŞEHRİ DEVLET HASTANESİ,SİVAS,TSY 360,360 LT YIKAMA CİHAZI,360 LT,2019/05-007,54,2019-05-08,,
yikama,DMO,2019/016,2019-02-22,DMO İSTANBUL BÖLGE MÜDÜRLÜĞÜ,ÜSKÜDAR ADSM,İSTANBUL,TSY 360,360 LT YIKAMA CİHAZI,360 LT,2019/05-006,54,2019-04-17,,
yikama,YURTDIŞI,2019/017,2019-05-08,ALHİKMA HOSPİTAL,ALHİKMA HOSPİTAL,LİBYA,GY 290,290 LT YIKAMA CİHAZI,290 LT,2019/05-013,43,2019-06-20,,
yikama,YURTDIŞI,2019/019,2019-02-08,"MME LLC,ALEXANDER","MME LLC,ALEXANDER",UKRAYNA,GY 290,290 LT TEK KAPILI YIKAMA CİHAZI,225 LT,2019/05-002,28,2019-03-08,,
yikama,DMO,2019/037,2019-02-15,DMO İSTANBUL BÖLGE MÜDÜRLÜĞÜ,ŞİLE DEVLET HASTANESİ,İSTANBUL,TSY 290 O,290 LT ÇİFT KAPILI YIKAMA CİHAZI,290 LT,2019/05-003,54,2019-04-10,,
yikama,İHALE,2019/038,2019-02-19,NUH NACİ YAZGAN ÜNİVERSİTESİ,NUH NACİ YAZGAN ÜNİVERSİTESİ,KAYSERİ,GY 400,400 LT YIKAMA DEZENFEKSİYON CİHAZI,400 LT,,51,2019-04-11,,
yikama,DMO,2019/040,2019-02-19,DMO GENEL MÜDÜRLÜĞÜ,ETİMESGUT DEVLET HASTANESİ,ANKARA,TSY 290 O,290 LT ÇİFT KAPILI YIKAMA CİHAZI,290 LT,2019/05-004,28,2019-03-19,,
yikama,DMO,2019/041,2019-02-19,DMO GENEL MÜDÜRLÜĞÜ,ETİMESGUT DEVLET HASTANESİ,ANKARA,TSY 290 O,290 LT ÇİFT KAPILI YIKAMA CİHAZI,290 LT,2019/05-005,28,2019-03-19,,
yikama,YURTDIŞI,2019/048,2019-03-21,AZERBEYCAN,AZERBEYCAN,AZERBEYCAN,GY 290 O,290 LT YIKAMA CİHAZI,290 LT,2019/05-009,28,2019-04-18,,
yikama,YURTDIŞI,2019/049,2019-03-21,AZERBEYCAN,AZERBEYCAN,AZERBEYCAN,GY 290 O,290 LT YIKAMA CİHAZI,290 LT,2019/05-010,28,2019-04-18,,
yikama,DMO,2019/050,2019-10-10,DMO GAZİANTEP BÖLGE MÜDÜRLÜĞÜ,ANDIRIN DEVLET HASTANESİ,KAHRAMANMARAŞ,GY 290 O,290 LT YIKAMA CİHAZI,290 LT,2019/05-035,64,2019-12-13,,
yikama,DMO,2019/051,2019-05-22,DMO DİYARBAKIR BÖLGE MÜDÜRLÜĞÜ,BATMAN ADSM,BATMAN,GY 290 O,290 LT YIKAMA CİHAZI,290 LT,2019/05-018,54,2019-07-15,,
yikama,ÖZEL,2019/061,2019-05-07,ERPA ÖZEL SAĞLIK HİZMETLERİ,ERPA ÖZEL SAĞLIK HİZMETLERİ,DENİZLİ,GY 360,360 LT YIKAMA CİHAZI,360 LT,2019/05-012,15,2019-05-22,,
yikama,YURTDIŞI,2019/060,2019-07-09,EKVATOR,EKVATOR,EKVATOR,GY 360,360 LT YIKAMA CİHAZI,360 LT,2019/05-022,13,2019-07-22,,
yikama,DMO,2019/081,2019-05-30,DMO DİYARBAKIR BÖLGE MÜDÜRLÜĞÜ,SİLVAN DR.YUSUF AZİZOĞLU DEVLET HASTANESİ,DİYARBAKIR,TSY 290 O,290 LT YIKAMA CİHAZI,290 LT,2019/05-016,54,2019-07-23,,
yikama,DMO,2019/082,2019-05-30,DMO DİYARBAKIR BÖLGE MÜDÜRLÜĞÜ,SİLVAN DR.YUSUF AZİZOĞLU DEVLET HASTANESİ,DİYARBAKIR,TSY 290 O,290 LT YIKAMA CİHAZI,290 LT,2019/05-017,54,2019-07-23,,
yikama,DMO,2019/084,2019-08-29,DMO GAZİANTEP BÖLGE MÜDÜRLÜĞÜ,BOZOVA DEVLET HASTANESİ,ŞANLIURFA,TSY 290 O,290 LT YIKAMA CİHAZI,290 LT,2019/05-023,54,2019-10-22,,
yikama,DMO,2019/096,2019-06-27,DMO ESKİŞEHİR BÖLGE MÜDÜRLÜĞÜ,AKDENİZ ÜNİVERSİTESİ UYGULAMA VE ARAŞTIRMA HASTANESİ,ANTALYA,TSY 360,360 LT YIKAMA CİHAZI,360 LT,2019/05-019,54,2019-08-20,,
yikama,İHALE,2019/097,2019-07-04,YÜKSELİŞ HATSANE EKİPMANLARI,SANCAKTEPE ŞEHİT PROF.DR.İLHAN VARANK EĞİTİM VE ARAŞTIRMA HASTANESİ,İSTANBUL,GY 360,360 LT YIKAMA CİHAZI,360 LT,2019/05-021,11,2019-07-15,,
yikama,DMO,2019/101,2019-06-27,DMO ESKİŞEHİR BÖLGE MÜDÜRLÜĞÜ,AKDENİZ ÜNİVERSİTESİ UYGULAMA VE ARAŞTIRMA HASTANESİ,ANTALYA,TSY 360,360 LT YIKAMA CİHAZI,360 LT,2019/05-020,54,2019-08-20,,
yikama,İHALE,2019/104,2019-04-27,ADANA FATMA KEMAL TİMUÇİN ADSM,ADANA FATMA KEMAL TİMUÇİN ADSM,ADANA,GY 290 O,290 LT ÇİFT KAPILI YIKAMA CİHAZI,290 LT,2019/05-011,116,2019-08-21,,
yikama,İHALE,2019/123,2019-05-14,BÜYÜKÇEKMECE ADSM,BÜYÜKÇEKMECE ADSM,İSTANBUL,GY 360,360 LT YIKAMA CİHAZI,360 LT,2019/05-014,100,2019-08-22,,
yikama,DMO,2019/136,2019-11-12,DMO VAN BÖLGE MÜDÜRLÜĞÜ,BİTLİS TATVAN DEVLET HASTANESİ,BİTLİS,TSY 360,360 LT YIKAMA CİHAZI,360 LT,2019/05-031,41,2019-12-23,,
yikama,DMO,2019/137,2019-12-20,DMO MERSİN BÖLGE MÜDÜRLÜĞÜ,ADANA CEYHAN DEVLET HASTANESİ,ADANA,TSY 360,360 LT YIKAMA CİHAZI,360 LT,2019/05-030,4,2019-12-24,,
yikama,DMO,2019/138,2019-11-18,DMO İSTANBUL BÖLGE MÜDÜRLÜĞÜ,SİLİVRİ DEVLET HASTANESİ,İSTANBUL,TSY 360,360 LT YIKAMA CİHAZI,360 LT,2019/05-032,37,2019-12-25,,
yikama,DMO,2019/178,2019-10-31,DMO ESKİŞEHİR BÖLGE MÜDÜRLÜĞÜ,İSCEHİSAR DEVLET HASTANESİ,AFYONKARAHİSAR,TSY 290 O,290 LT YIKAMA CİHAZI,290 LT,2019/05-024,56,2019-12-26,,
yikama,DMO,2019/179,2019-10-10,DMO GAZİANTEP BÖLGE MÜDÜRLÜĞÜ,ELBİSTAN ADSM,KAHRAMANMARAŞ,TSY 360,360 LT YIKAMA CİHAZI,360 LT,2019/05-034,78,2019-12-27,,
yikama,ÖZEL,2019/224,2019-10-17,HAZAR SU ARITMA SİSTEMLERİ,HAZAR SU ARITMA SİSTEMLERİ,İSTANBUL,GY 360,360 LT TEK KAPILI YIKAMA CİHAZI,360 LT,2019/05-036,72,2019-12-28,,
yikama,İHALE,2019/227,2019-10-22,ÇAYCUMA DEVLET HASTANESİ,ÇAYCUMA DEVLET HASTANESİ,ZONGULDAK,GY 360,360 LT TEK KAPILI YIKAMA CİHAZI,360 LT,2019/05-037,68,2019-12-29,,
yikama,DMO,2019/012 (YÜKSELİK),2019-12-04,DMO İSTANBUL BÖLGE MÜDÜRLÜĞÜ,KIRKLARELİ VİZE DEVLET HASTANESİ,KIRKLARELİ,STERİLNET 290 O,290 LT ÇİFT KAPILI YIKAMA CİHAZI,290 LT,2019/05-040,26,2019-12-30,,
yikama,İHALE,2019/231,2019-11-25,BİTLİS DEVLET HASTANESİ,BİTLİS DEVLET HASTANESİ,BİTLİS,GY 290 O,290 LT ÇİFT KAPILI YIKAMA CİHAZI,290 LT,2019/05-038,36,2019-12-31,,
yikama,DMO,2019/280,2019-11-28,DMO BURSA BÖLGE MÜDÜRLÜĞÜ,ÇANAKKALE ONSEKİZ MART ÜNİVERSİTESİ,ÇANAKKALE,TSY 290 O,290 LT ÇİFT KAPILI YIKAMA CİHAZI,290 LT,2019/05-039,34,2020-01-01,,
yikama,YURTDIŞI,2019/284,2019-12-16,AL MASARA HOSPİTAL,AL MASARA HOSPİTAL,LİBYA-SURMAN,GY 290 O,290 LT YIKAMA CİHAZI,290 LT,2019/05-026,17,2020-01-02,,
yikama,YURTDIŞI,2019/006,2019-01-17,SHİNYAR COMPANY FOR GENERAL CONSTRUCTİON LTD.,SHİNYAR COMPANY FOR GENERAL CONSTRUCTİON LTD.,IRAK,GY 290 O,290 LT YIKAMA CİHAZI,290 LT,2018/05-043,121,2019-05-18,,
yikama,DMO,2019/007,2019-06-26,DMO PAZARLAMA BÖLGE MÜDÜRLÜĞÜ,BAYAT DEVLET HASTANESİ,ÇORUM,TSY 290 O,290 LT YIKAMA CİHAZI,290 LT,2019/05-015,23,2019-07-19,,
yikama,DMO,2019/062,2019-02-01,DMO İZMİR BÖLGE MÜDÜRLÜĞÜ,İZMİR KONAK DİŞ HASTANESİ,İZMİR,TSY 360,360 LT YIKAMA CİHAZI,360 LT,2019/05-001,10,2019-02-11,,
yikama,DMO,2019/015,2019-03-15,DMO ELAZIĞ BÖLGE MÜDÜRLÜĞÜ,SU ŞEHRİ DEVLET HASTANESİ,SİVAS,TSY 360,360 LT YIKAMA CİHAZI,360 LT,2019/05-007,54,2019-05-08,,
yikama,DMO,2019/016,2019-02-22,DMO İSTANBUL BÖLGE MÜDÜRLÜĞÜ,ÜSKÜDAR ADSM,İSTANBUL,TSY 360,360 LT YIKAMA CİHAZI,360 LT,2019/05-006,54,2019-04-17,,
yikama,YURTDIŞI,2019/017,2019-05-08,ALHİKMA HOSPİTAL,ALHİKMA HOSPİTAL,LİBYA,GY 290,290 LT YIKAMA CİHAZI,290 LT,2019/05-013,43,2019-06-20,,
yikama,YURTDIŞI,2019/019,2019-02-08,"MME LLC,ALEXANDER","MME LLC,ALEXANDER",UKRAYNA,GY 290,290 LT TEK KAPILI YIKAMA CİHAZI,225 LT,2019/05-002,28,2019-03-08,,
yikama,DMO,2019/037,2019-02-15,DMO İSTANBUL BÖLGE MÜDÜRLÜĞÜ,ŞİLE DEVLET HASTANESİ,İSTANBUL,TSY 290 O,290 LT ÇİFT KAPILI YIKAMA CİHAZI,290 LT,2019/05-003,54,2019-04-10,,
yikama,İHALE,2019/038,2019-02-19,NUH NACİ YAZGAN ÜNİVERSİTESİ,NUH NACİ YAZGAN ÜNİVERSİTESİ,KAYSERİ,GY 400,400 LT YIKAMA DEZENFEKSİYON CİHAZI,400 LT,,51,2019-04-11,,
yikama,DMO,2019/040,2019-02-19,DMO GENEL MÜDÜRLÜĞÜ,ETİMESGUT DEVLET HASTANESİ,ANKARA,TSY 290 O,290 LT ÇİFT KAPILI YIKAMA CİHAZI,290 LT,2019/05-004,28,2019-03-19,,
yikama,DMO,2019/041,2019-02-19,DMO GENEL MÜDÜRLÜĞÜ,ETİMESGUT DEVLET HASTANESİ,ANKARA,TSY 290 O,290 LT ÇİFT KAPILI YIKAMA CİHAZI,290 LT,2019/05-005,28,2019-03-19,,
yikama,YURTDIŞI,2019/048,2019-03-21,AZERBEYCAN,AZERBEYCAN,AZERBEYCAN,GY 290 O,290 LT YIKAMA CİHAZI,290 LT,2019/05-009,28,2019-04-18,,
yikama,YURTDIŞI,2019/049,2019-03-21,AZERBEYCAN,AZERBEYCAN,AZERBEYCAN,GY 290 O,290 LT YIKAMA CİHAZI,290 LT,2019/05-010,28,2019-04-18,,
yikama,DMO,2019/050,2019-10-10,DMO GAZİANTEP BÖLGE MÜDÜRLÜĞÜ,ANDIRIN DEVLET HASTANESİ,KAHRAMANMARAŞ,GY 290 O,290 LT YIKAMA CİHAZI,290 LT,2019/05-035,64,2019-12-13,,
yikama,DMO,2019/051,2019-05-22,DMO DİYARBAKIR BÖLGE MÜDÜRLÜĞÜ,BATMAN ADSM,BATMAN,GY 290 O,290 LT YIKAMA CİHAZI,290 LT,2019/05-018,54,2019-07-15,,
yikama,ÖZEL,2019/061,2019-05-07,ERPA ÖZEL SAĞLIK HİZMETLERİ,ERPA ÖZEL SAĞLIK HİZMETLERİ,DENİZLİ,GY 360,360 LT YIKAMA CİHAZI,360 LT,2019/05-012,15,2019-05-22,,
yikama,YURTDIŞI,2019/060,2019-07-09,EKVATOR,EKVATOR,EKVATOR,GY 360,360 LT YIKAMA CİHAZI,360 LT,2019/05-022,13,2019-07-22,,
yikama,DMO,2019/081,2019-05-30,DMO DİYARBAKIR BÖLGE MÜDÜRLÜĞÜ,SİLVAN DR.YUSUF AZİZOĞLU DEVLET HASTANESİ,DİYARBAKIR,TSY 290 O,290 LT YIKAMA CİHAZI,290 LT,2019/05-016,54,2019-07-23,,
yikama,DMO,2019/082,2019-05-30,DMO DİYARBAKIR BÖLGE MÜDÜRLÜĞÜ,SİLVAN DR.YUSUF AZİZOĞLU DEVLET HASTANESİ,DİYARBAKIR,TSY 290 O,290 LT YIKAMA CİHAZI,290 LT,2019/05-017,54,2019-07-23,,
yikama,DMO,2019/084,2019-08-29,DMO GAZİANTEP BÖLGE MÜDÜRLÜĞÜ,BOZOVA DEVLET HASTANESİ,ŞANLIURFA,TSY 290 O,290 LT YIKAMA CİHAZI,290 LT,2019/05-023,54,2019-10-22,,
yikama,DMO,2019/096,2019-06-27,DMO ESKİŞEHİR BÖLGE MÜDÜRLÜĞÜ,AKDENİZ ÜNİVERSİTESİ UYGULAMA VE ARAŞTIRMA HASTANESİ,ANTALYA,TSY 360,360 LT YIKAMA CİHAZI,360 LT,2019/05-019,54,2019-08-20,,
yikama,İHALE,2019/097,2019-07-04,YÜKSELİŞ HATSANE EKİPMANLARI,SANCAKTEPE ŞEHİT PROF.DR.İLHAN VARANK EĞİTİM VE ARAŞTIRMA HASTANESİ,İSTANBUL,GY 360,360 LT YIKAMA CİHAZI,360 LT,2019/05-021,11,2019-07-15,,
yikama,DMO,2019/101,2019-06-27,DMO ESKİŞEHİR BÖLGE MÜDÜRLÜĞÜ,AKDENİZ ÜNİVERSİTESİ UYGULAMA VE ARAŞTIRMA HASTANESİ,ANTALYA,TSY 360,360 LT YIKAMA CİHAZI,360 LT,2019/05-020,54,2019-08-20,,
yikama,İHALE,2019/104,2019-04-27,ADANA FATMA KEMAL TİMUÇİN ADSM,ADANA FATMA KEMAL TİMUÇİN ADSM,ADANA,GY 290 O,290 LT ÇİFT KAPILI YIKAMA CİHAZI,290 LT,2019/05-011,116,2019-08-21,,
yikama,İHALE,2019/123,2019-05-14,BÜYÜKÇEKMECE ADSM,BÜYÜKÇEKMECE ADSM,İSTANBUL,GY 360,360 LT YIKAMA CİHAZI,360 LT,2019/05-014,100,2019-08-22,,
yikama,DMO,2019/136,2019-11-12,DMO VAN BÖLGE MÜDÜRLÜĞÜ,BİTLİS TATVAN DEVLET HASTANESİ,BİTLİS,TSY 360,360 LT YIKAMA CİHAZI,360 LT,2019/05-031,41,2019-12-23,,
yikama,DMO,2019/137,2019-12-20,DMO MERSİN BÖLGE MÜDÜRLÜĞÜ,ADANA CEYHAN DEVLET HASTANESİ,ADANA,TSY 360,360 LT YIKAMA CİHAZI,360 LT,2019/05-030,4,2019-12-24,,
yikama,DMO,2019/138,2019-11-18,DMO İSTANBUL BÖLGE MÜDÜRLÜĞÜ,SİLİVRİ DEVLET HASTANESİ,İSTANBUL,TSY 360,360 LT YIKAMA CİHAZI,360 LT,2019/05-032,37,2019-12-25,,
yikama,DMO,2019/178,2019-10-31,DMO ESKİŞEHİR BÖLGE MÜDÜRLÜĞÜ,İSCEHİSAR DEVLET HASTANESİ,AFYONKARAHİSAR,TSY 290 O,290 LT YIKAMA CİHAZI,290 LT,2019/05-024,56,2019-12-26,,
yikama,DMO,2019/179,2019-10-10,DMO GAZİANTEP BÖLGE MÜDÜRLÜĞÜ,ELBİSTAN ADSM,KAHRAMANMARAŞ,TSY 360,360 LT YIKAMA CİHAZI,360 LT,2019/05-034,78,2019-12-27,,
yikama,ÖZEL,2019/224,2019-10-17,HAZAR SU ARITMA SİSTEMLERİ,HAZAR SU ARITMA SİSTEMLERİ,İSTANBUL,GY 360,360 LT TEK KAPILI YIKAMA CİHAZI,360 LT,2019/05-036,72,2019-12-28,,
yikama,İHALE,2019/227,2019-10-22,ÇAYCUMA DEVLET HASTANESİ,ÇAYCUMA DEVLET HASTANESİ,ZONGULDAK,GY 360,360 LT TEK KAPILI YIKAMA CİHAZI,360 LT,2019/05-037,68,2019-12-29,,
yikama,DMO,2019/012 (YÜKSELİK),2019-12-04,DMO İSTANBUL BÖLGE MÜDÜRLÜĞÜ,KIRKLARELİ VİZE DEVLET HASTANESİ,KIRKLARELİ,STERİLNET 290 O,290 LT ÇİFT KAPILI YIKAMA CİHAZI,290 LT,2019/05-040,26,2019-12-30,,
yikama,İHALE,2019/231,2019-11-25,BİTLİS DEVLET HASTANESİ,BİTLİS DEVLET HASTANESİ,BİTLİS,GY 290 O,290 LT ÇİFT KAPILI YIKAMA CİHAZI,290 LT,2019/05-038,36,2019-12-31,,
yikama,DMO,2019/280,2019-11-28,DMO BURSA BÖLGE MÜDÜRLÜĞÜ,ÇANAKKALE ONSEKİZ MART ÜNİVERSİTESİ,ÇANAKKALE,TSY 290 O,290 LT ÇİFT KAPILI YIKAMA CİHAZI,290 LT,2019/05-039,34,2020-01-01,,
yikama,YURTDIŞI,2019/284,2019-12-16,AL MASARA HOSPİTAL,AL MASARA HOSPİTAL,LİBYA-SURMAN,GY 290 O,290 LT YIKAMA CİHAZI,290 LT,2019/05-026,17,2020-01-02,,
yikama,DMO,2021/135,2021-07-09,DMO BURSA BÖLGE MÜDÜRLÜĞÜ,BANDIRMA ADSM,BALIKESİR,TSY 360,360 LT ÇİFT KAPILI YIKAMA DEZENFEKSİYON CİHAZI,360 LT,2020/05-049,37.0,2021-08-15 00:00:00,,
yikama,ÖZEL,2020/374,2020-12-25,SAMSUN MEDİKAL GRUP ÖZEL SAĞLIK HİZM.A.Ş.,MLPCARE VADİ İSTANBUL PROJESİ,İSTANBUL,GY 290 O,290 LT ÇİFT KAPILI YIKAMA DEZENFEKSİYON CİHAZI,290 LT,2021/05-001,66.0,2021-03-01 00:00:00,,
yikama,ÖZEL,2020/375,2020-12-25,SAMSUN MEDİKAL GRUP ÖZEL SAĞLIK HİZM.A.Ş.,MLPCARE VADİ İSTANBUL PROJESİ,İSTANBUL,GY 290 O,290 LT ÇİFT KAPILI YIKAMA DEZENFEKSİYON CİHAZI,290 LT,2021/05-002,66.0,2021-03-01 00:00:00,,
yikama,ÖZEL,2020/283,2020-12-28,KARA MEHMET MERMER SAN.LTD.ŞTİ.,İSCEHİSAR DEVLET HASTANESİ,AFYONKARAHİSAR,GY 290 O,290 LT ÇİFT KAPILI YIKAMA DEZENFEKSİYON CİHAZI,290 LT,2021/05-003,16.0,2021-01-13 00:00:00,,
yikama,YURTDIŞI,2020/274,2021-01-07,RAWAT ALMAJARRA,RAWAT ALMAJARRA,IRAK,GY 290 O,290 LT ÇİFT KAPILI YIKAMA DEZENFEKSİYON CİHAZI,290 LT,2021/05-004,16.0,2021-01-23 00:00:00,,
yikama,ÖZEL,2020/367,2021-06-19,STERİLİZASYON MEDİKAL,STERİLİZASYON MEDİKAL,İSTANBUL,GY 360,360 LT ÇİFT KAPILI YIKAMA DEZENFEKSİYON CİHAZI,360 LT,2021/05-005,2.0,2021-06-21 00:00:00,,
yikama,ÖZEL,2020/384,2021-06-22,ASZ KİMYA,KİLİS DEVLET HASTANESİ,KİLİS,GY 360,360 LT ÇİFT KAPILI YIKAMA DEZENFEKSİYON CİHAZI,360 LT,2021/05-006,30.0,2021-07-22 00:00:00,,
yikama,ÖZEL,2020/386,2021-06-22,ASZ KİMYA,KİLİS DEVLET HASTANESİ,KİLİS,GY 360,360 LT ÇİFT KAPILI YIKAMA DEZENFEKSİYON CİHAZI,360 LT,2021/05-007,31.0,2021-07-23 00:00:00,,
yikama,ÖZEL,2020/390,2021-03-22,ETA 21 İNŞAAT ELEKTRİK,JİYAN HOSPİTAL,DİYARBAKIR,GY 290 O,290 LT ÇİFT KAPILI YIKAMA DEZENFEKSİYON CİHAZI,290 LT,2021/05-008,14.0,2021-04-05 00:00:00,,
yikama,ÖZEL,2021/126,2021-03-22,ETA 21 İNŞAAT ELEKTRİK,JİYAN HOSPİTAL,DİYARBAKIR,GY 290 O,290 LT ÇİFT KAPILI YIKAMA DEZENFEKSİYON CİHAZI,290 LT,2021/05-009,14.0,2021-04-05 00:00:00,,
yikama,İHALE,2021/141,2021-04-20,ERDEMLİ DEVLET HASTANESİ,ERDEMLİ DEVLET HASTANESİ,MERSİN,GY 290 O,290 LT ÇİFT KAPILI YIKAMA DEZENFEKSİYON CİHAZI,290 LT,2021/05-010,20.0,2021-05-10 00:00:00,,
yikama,DMO,2020/273,2021-02-23,DMO İSTANBUL BÖLGE MÜDÜRLÜĞÜ,İSTANBUL ÜNİVERSİTESİ ÇAPA TIP FAKÜLTESİ,İSTANBUL,TSY 290 O,290 LT ÇİFT KAPILI YIKAMA DEZENFEKSİYON CİHAZI,290 LT,2021/05-011,10.0,2021-03-05 00:00:00,,
yikama,DMO,2020/376,2021-03-04,DMO İSTANBUL BÖLGE MÜDÜRLÜĞÜ,SAKARYA PAMUKOVA İLÇE DEVLET HASTANESİ,SAKARYA,TSY 290 O,290 LT ÇİFT KAPILI YIKAMA DEZENFEKSİYON CİHAZI,290 LT,2021/05-012,64.0,2021-05-07 00:00:00,,
yikama,DMO,2021/138,2021-03-31,DMO ESKİŞEHİR BÖLGE MÜDÜRLÜĞÜ,BOZÜYÜK DEVLET HASTANESİ,BİLECİK,TSY 290 O,290 LT ÇİFT KAPILI YIKAMA DEZENFEKSİYON CİHAZI,290 LT,2021/05-013,64.0,2021-06-03 00:00:00,,
yikama,DMO,2021/139,2021-04-08,DMO İZMİR BÖLGE MÜDÜRLÜĞÜ,SINDIRGI DEVLET HASTANESİ,BALIKESİR,TSY 290 O,290 LT ÇİFT KAPILI YIKAMA DEZENFEKSİYON CİHAZI,290 LT,2021/05-014,64.0,2021-06-11 00:00:00,,
yikama,DMO,2021/186,2021-04-19,DMO ESKİŞEHİR BÖLGE MÜDÜRLÜĞÜ,BOZÜYÜK DEVLET HASTANESİ,BİLECİK,TSY 290 O,290 LT ÇİFT KAPILI YIKAMA DEZENFEKSİYON CİHAZI,290 LT,2021/05-015,64.0,2021-06-22 00:00:00,,
yikama,DMO,2021/140,2021-07-29,DMO BURSA BÖLGE MÜDÜRLÜĞÜ,ÇANAKKALE ONSEKİZ MART ÜNİVERSİTESİ AĞIZ VE DİŞ SAĞLIĞI MERKEZİ,ÇANAKKALE,TSY 290 O,290 LT ÇİFT KAPILI YIKAMA DEZENFEKSİYON CİHAZI,290 LT,2021/05-016,59.0,2021-09-26 00:00:00,,
yikama,DMO,2021/215,2021-10-15,DMO İZMİR BÖLGE MÜDÜRLÜĞÜ,İZMİR KARABAĞLAR BELEDİYE BAŞKANLIĞI VETERİNER İŞLERİ,İZMİR,TSY 290 O,290 LT ÇİFT KAPILI YIKAMA DEZENFEKSİYON CİHAZI,290 LT,2021/05-017,64.0,2021-12-18 00:00:00,,
yikama,DMO,2021/202,2021-09-24,DMO VAN BÖLGE MÜDÜRLÜĞÜ,ÇALDIRAN DEVLET HASTANESİ,VAN,TSY 290 O,290 LT ÇİFT KAPILI YIKAMA DEZENFEKSİYON CİHAZI,290 LT,2021/05-018,64.0,2021-11-27 00:00:00,,
yikama,DMO,2020/385,2021-02-12,DMO GENEL MÜDÜRLÜĞÜ,ARNAVUTLUK FİER HASTANESİ,ARNAVUTLUK,TSY 360,360 LT ÇİFT KAPILI YIKAMA DEZENFEKSİYON CİHAZI,360 LT,2021/05-019,37.0,2021-03-21 00:00:00,,
yikama,DMO,2020/370,2021-03-08,DMO GENEL MÜDÜRLÜĞÜ,MAMAK DEVLET HASTANESİ,ANKARA,TSY 360,360 LT ÇİFT KAPILI YIKAMA DEZENFEKSİYON CİHAZI,360 LT,2021/05-020,64.0,2021-05-11 00:00:00,,
yikama,DMO,2019/229,2021-04-06,DMO GAZİANTEP BÖLGE MÜDÜRLÜĞÜ,CEYLANPINAR DEVLET HASTANESİ,ŞANLIURFA,TSY 360,360 LT ÇİFT KAPILI YIKAMA DEZENFEKSİYON CİHAZI,360 LT,2021/05-021,64.0,2021-06-09 00:00:00,,
yikama,DMO,2020/369,2021-05-17,DMO GENEL MÜDÜRLÜĞÜ,KAZAN HAMDİ ERİŞ DEVLET HASTANESİ,ANKARA,TSY 360,360 LT ÇİFT KAPILI YIKAMA DEZENFEKSİYON CİHAZI,360 LT,2021/05-022,64.0,2021-07-20 00:00:00,,
yikama,DMO,2020/371,2021-05-26,DMO İZMİR BÖLGE MÜDÜRLÜĞÜ,EGE ÜNİVERSİTESİ,İZMİR,TSY 360,360 LT ÇİFT KAPILI YIKAMA DEZENFEKSİYON CİHAZI,360 LT,2021/05-023,59.0,2021-07-24 00:00:00,,
yikama,DMO,2021/318,2021-09-24,DMO ELAZIĞ BÖLGE MÜDÜRLÜĞÜ,BATTALGAZİ DEVLET HASTANESİ,MALATYA,TSY 360,360 LT ÇİFT KAPILI YIKAMA DEZENFEKSİYON CİHAZI,360 LT,2021/05-024,64.0,2021-11-27 00:00:00,,
yikama,ÖZEL,2021/319,2021-10-12,ORDEM YAPI İTH.İHR.SAN.TİC.LTD.ŞTİ.,TRAKYA ÜNİVERSİTESİ,EDİRNE,GY 360,360 LT ÇİFT KAPILI YIKAMA DEZENFEKSİYON CİHAZI,360 LT,2021/05-025,30.0,2021-11-11 00:00:00,,
yikama,DMO,2021/321,2021-09-24,DMO ELAZIĞ BÖLGE MÜDÜRLÜĞÜ,BATTALGAZİ DEVLET HASTANESİ,MALATYA,TSY 360,360 LT ÇİFT KAPILI YIKAMA DEZENFEKSİYON CİHAZI,360 LT,2021/05-026,64.0,2021-11-27 00:00:00,,
yikama,ÖZEL,2021/142,2021-04-29,ESTELİT SAĞLIK HİZMETLERİ LTD.ŞTİ.,ESTELİT SAĞLIK HİZMETLERİ LTD.ŞTİ.,İSTANBUL,GY 290 O,290 LT ÇİFT KAPILI YIKAMA DEZENFEKSİYON CİHAZI,290 LT,2021/05-027,52.0,2021-06-20 00:00:00,,
yikama,YURTDIŞI,2021/143,2021-06-05,NASİRİYAH,NASİRİYAH,IRAK,GY 290 O,290 LT ÇİFT KAPILI YIKAMA DEZENFEKSİYON CİHAZI,290 LT,2021/05-028,25.0,2021-06-30 00:00:00,,
yikama,YURTDIŞI,2021/144,2021-06-05,NASİRİYAH,NASİRİYAH,IRAK,GY 290 O,290 LT ÇİFT KAPILI YIKAMA DEZENFEKSİYON CİHAZI,290 LT,2021/05-029,25.0,2021-06-30 00:00:00,,
yikama,YURTDIŞI,2021/145,2021-06-10,ALHADARAT NASİRİYAH,ALHADARAT NASİRİYAH,IRAK,GY 290 O,290 LT ÇİFT KAPILI YIKAMA DEZENFEKSİYON CİHAZI,290 LT,2021/05-030,-44357.0,,,
yikama,YURTDIŞI,2021/146,2021-06-10,ALHADARAT NASİRİYAH,ALHADARAT NASİRİYAH,IRAK,GY 290 O,290 LT ÇİFT KAPILI YIKAMA DEZENFEKSİYON CİHAZI,290 LT,2021/05-031,-44357.0,,,
yikama,ÖZEL,2021/131,2021-06-24,KUZU GRUP,HATAY DÖRTYOL DEVLET HASTANESİ,HATAY,GY 360,360 LT ÇİFT KAPILI YIKAMA DEZENFEKSİYON CİHAZI,360 LT,2021/05-032,30.0,2021-07-24 00:00:00,,
yikama,ÖZEL,2021/132,2021-06-24,KUZU GRUP,HATAY DÖRTYOL DEVLET HASTANESİ,HATAY,GY 360,360 LT ÇİFT KAPILI YIKAMA DEZENFEKSİYON CİHAZI,360 LT,2021/05-033,30.0,2021-07-24 00:00:00,,
yikama,ÖZEL,2021/134,2021-06-26,GELİŞİM ÜNİVERSİTESİ,GELİŞİM ÜNİVERSİTESİ,İSTANBUL,GY 360,360 LT ÇİFT KAPILI YIKAMA DEZENFEKSİYON CİHAZI,360 LT,2021/05-034,29.0,2021-07-25 00:00:00,,
yikama,ÖZEL,2021/147,2021-07-01,GÜVEN HASTANESİ,GÜVEN HASTANESİ,ANKARA,GY 290 O,290 LT ÇİFT KAPILI YIKAMA DEZENFEKSİYON CİHAZI,290 LT,2021/05-035,30.0,DERHAL,,
yikama,ÖZEL,2021/133,2021-07-02,LTS GLOBAL SAĞLIK SAN.TİC.A.Ş.,ŞİŞLİ SARIYER HAMİDİYE EFTAL EĞİTİM ARAŞTIRMA HASTANESİ,İSTANBUL,GY 360,360 LT ÇİFT KAPILI YIKAMA DEZENFEKSİYON CİHAZI,360 LT,2021/05-036,3.0,2021-07-05 00:00:00,,
yikama,ÖZEL,2021/135,2021-07-02,LTS GLOBAL SAĞLIK SAN.TİC.A.Ş.,ŞİŞLİ SARIYER HAMİDİYE EFTAL EĞİTİM ARAŞTIRMA HASTANESİ,İSTANBUL,GY 360,360 LT ÇİFT KAPILI YIKAMA DEZENFEKSİYON CİHAZI,360 LT,2021/05-037,3.0,2021-07-05 00:00:00,,
yikama,YURTDIŞI,2021/137,2021-03-31,"MME, LLC",UKRAYNA,UKRAYNA,GY 360,360 LT ÇİFT KAPILI YIKAMA DEZENFEKSİYON CİHAZI,360 LT,2021/05-038,142.0,2021-08-20 00:00:00,,
yikama,DMO,2021/136,2021-08-13,DMO GAZİANTEP BÖLGE MÜDÜRLÜĞÜ,KİLİS ADSM,KİLİS,TSY 360,360 LT ÇİFT KAPILI YIKAMA DEZENFEKSİYON CİHAZI,360 LT,2021/05-039,64.0,2021-10-16 00:00:00,,
yikama,ÖZEL,2021/280,2021-08-16,LOTEZ SAĞLIK HİZMETLERİ SAN.TİC.A.Ş.,HASEKİ EĞİTİM ARAŞTIRMA HASTANESİ,İSTANBUL,GY 360,360 LT ÇİFT KAPILI YIKAMA DEZENFEKSİYON CİHAZI,360 LT,2021/05-040,18.0,2021-09-03 00:00:00,,
yikama,ÖZEL,2021/281,2021-08-16,LOTEZ SAĞLIK HİZMETLERİ SAN.TİC.A.Ş.,HASEKİ EĞİTİM ARAŞTIRMA HASTANESİ,İSTANBUL,GY 360,360 LT ÇİFT KAPILI YIKAMA DEZENFEKSİYON CİHAZI,360 LT,2021/05-041,18.0,2021-09-03 00:00:00,,
yikama,DMO,2021/187,2021-08-17,DMO İSTANBUL BÖLGE MÜDÜRLÜĞÜ,İSTANBUL ÜNİVERSİTESİ DİŞ HEKİMLİĞİ FAKÜLTESİ,İSTANBUL,TSY 290 O,290 LT ÇİFT KAPILI YIKAMA DEZENFEKSİYON CİHAZI,290 LT,2021/05-042,64.0,2021-10-20 00:00:00,,
yikama,DMO,2021/188,2021-08-17,DMO İSTANBUL BÖLGE MÜDÜRLÜĞÜ,İSTANBUL ÜNİVERSİTESİ DİŞ HEKİMLİĞİ FAKÜLTESİ,İSTANBUL,TSY 290 O,290 LT ÇİFT KAPILI YIKAMA DEZENFEKSİYON CİHAZI,290 LT,2021/05-043,64.0,2021-10-20 00:00:00,,
yikama,ÖZEL,2021/282,2021-08-18,TÜRKİYE GAZETESİ HASTANESİ,TÜRKİYE GAZETESİ HASTANESİ,İSTANBUL,GY 360,360 LT ÇİFT KAPILI YIKAMA DEZENFEKSİYON CİHAZI,360 LT,2021/05-044,20.0,2021-09-07 00:00:00,,
yikama,DMO,2021/285,2021-08-19,DMO GAZİANTEP BÖLGE MÜDÜRLÜĞÜ,PAZARCIK DEVLET HASTANESİ,KAHRAMANMARAŞ,TSY 360,360 LT ÇİFT KAPILI YIKAMA DEZENFEKSİYON CİHAZI,360 LT,2021/05-045,64.0,2021-10-22 00:00:00,,
yikama,DMO,2021/307,2021-10-15,DMO MERSİN BÖLGE MÜDÜRLÜĞÜ,KAYSERİ DEVELİ HATİCE-MUAMMER KOCATÜRK DEVLET HASTANESİ,KAYSERİ,TSY 360,360 LT ÇİFT KAPILI YIKAMA DEZENFEKSİYON CİHAZI,360 LT,2021/05-046,64.0,2021-12-18 00:00:00,,
yikama,DMO,2021/306,2021-10-15,DMO TRABZON BÖLGE MÜDÜRLÜĞÜ,GİRESUN ÜNİVERSİTESİ DİŞ FAKÜLTESİ HASTANESİ,GİRESUN,TSY 360,360 LT ÇİFT KAPILI YIKAMA DEZENFEKSİYON CİHAZI,360 LT,2021/05-047,59.0,2021-12-13 00:00:00,,
yikama,DMO,2021/189,2021-08-24,DMO DİYARBAKIR BÖLGE MÜDÜRLÜĞÜ,KIZILTEPE DEVLET HASTANESİ,MARDİN,TSY 290 O,290 LT ÇİFT KAPILI YIKAMA DEZENFEKSİYON CİHAZI,290 LT,2021/05-048,59.0,2021-10-22 00:00:00,,
yikama,YURTDIŞI,2021/190,2021-08-25,IRAK,IRAK,IRAK,GY 290 O,290 LT ÇİFT KAPILI YIKAMA DEZENFEKSİYON CİHAZI,290 LT,2021/05-049,21.0,2021-09-15 00:00:00,,
yikama,YURTDIŞI,2021/191,2021-08-25,IRAK,IRAK,IRAK,GY 290 O,290 LT ÇİFT KAPILI YIKAMA DEZENFEKSİYON CİHAZI,290 LT,2021/05-050,21.0,2021-09-15 00:00:00,,
yikama,YURTDIŞI,2021/192,2021-10-28,UKRAYNA,UKRAYNA,UKRAYNA,GY 290 O,290 LT ÇİFT KAPILI YIKAMA DEZENFEKSİYON CİHAZI,290 LT,2021/05-051,30.0,31.11.2021,,
yikama,DMO,2021/193,2022-03-25,DMO İSTANBUL BÖLGE MÜDÜRLÜĞÜ,KOCAELİ ÜNİVERSİTESİ UYGULAMA VE ARAŞTIRMA HASTANESİ,KOCAELİ,TSY 290 O,290 LT ÇİFT KAPILI YIKAMA DEZENFEKSİYON CİHAZI,290 LT,2021/05-052,30.0,60 GÜN,,
yikama,YURTDIŞI,2021/214,2021-09-10,ROMANYA,ROMANYA,ROMANYA,GY 290 O,290 LT ÇİFT KAPILI YIKAMA DEZENFEKSİYON CİHAZI,290 LT,2021/05-053,35.0,2021-10-15 00:00:00,,
yikama,DMO,2021/308,2021-09-24,DMO MERSİN BÖLGE MÜDÜRLÜĞÜ,NİĞDE ÖMER HALİSDEMİR ÜNİVERSİTESİ,NİĞDE,TSY 360,360 LT ÇİFT KAPILI YIKAMA DEZENFEKSİYON CİHAZI,360 LT,2021/05-054,64.0,2021-11-27 00:00:00,,
yikama,DMO,2021/286,2021-11-02,DMO GENEL MÜDÜRLÜĞÜ,SİNCAN AĞIZ VE DİŞ SAĞLIĞI MERKEZİ,ANKARA,TSY 360,360 LT ÇİFT KAPILI YIKAMA DEZENFEKSİYON CİHAZI,360 LT,2021/05-055,64.0,2022-01-05 00:00:00,,
yikama,ÖZEL,2021/212,2022-05-10,ASZ KİMYA TİC. LTD. ŞTİ.,DİYARBAKIR ÖZEL DÜNYA HASTANESİ,DİYARBAKIR,GY 290 O,290 LT ÇİFT KAPILI YIKAMA DEZENFEKSİYON CİHAZI,290 LT,2021/05-056,17.0,2022-05-27 00:00:00,,
yikama,İHALE,2021/194,2021-11-01,GÖLBAŞI DEVLET HASTANESİ,GÖLBAŞI DEVLET HASTANESİ,ANKARA,GY 290 O,290 LT ÇİFT KAPILI YIKAMA DEZENFEKSİYON CİHAZI,290 LT,2021/05-057,14.0,2021-11-15 00:00:00,,
yikama,DMO,2021/303,2021-10-22,DMO BURSA BÖLGE MÜDÜRLÜĞÜ,YALOVA DEVLET HASTANESİ,YALOVA,TSY 360,360 LT ÇİFT KAPILI YIKAMA DEZENFEKSİYON CİHAZI,360 LT ,2021/05-058,59.0,2021-12-20 00:00:00,,
yikama,DMO,2021/304,2021-11-19,DMO GENEL MÜDÜRLÜĞÜ,TARSUS DEVLET HASTANESİ,MERSİN,TSY 360,360 LT ÇİFT KAPILI YIKAMA DEZENFEKSİYON CİHAZI,360 LT,2021/05-059,64.0,2022-01-22 00:00:00,,
yikama,DMO,2021/195,2021-11-10,DMO GAZİANTEP BÖLGE MÜDÜRLÜĞÜ,HATAY SAMANDAĞ DEVLET HASTANESİ,HATAY,TSY 290 O,290 LT ÇİFT KAPILI YIKAMA DEZENFEKSİYON CİHAZI,290 LT,2021/05-060,64.0,2022-01-13 00:00:00,,
yikama,DMO,2021/305,2021-11-12,DMO İSTANBUL BÖLGE MÜDÜRLÜĞÜ,İSTANBUL FİZİK TEDAVİ REHABİLİTASYON EĞİTİM VE ARAŞTIRMA HASTANESİ,İSTANBUL,TSY 360,360 LT ÇİFT KAPILI YIKAMA DEZENFEKSİYON CİHAZI,360 LT,2021/05-061,64.0,2022-01-15 00:00:00,,
yikama,DMO,2021/309,2021-11-12,DMO İSTANBUL BÖLGE MÜDÜRLÜĞÜ,İSTANBUL FİZİK TEDAVİ REHABİLİTASYON EĞİTİM VE ARAŞTIRMA HASTANESİ,İSTANBUL,TSY 360,360 LT ÇİFT KAPILI YIKAMA DEZENFEKSİYON CİHAZI,360 LT,2021/05-062,64.0,2022-01-15 00:00:00,,
yikama,İHALE,2021/311,2021-11-16,İSTANBUL TIP FAKÜLTESİ SAĞLIK UYGULAMA ARAŞTIRMA MERKEZİ,İSTANBUL TIP FAKÜLTESİ SAĞLIK UYGULAMA ARAŞTIRMA MERKEZİ,İSTANBUL,GY 360,360 LT ÇİFT KAPILI YIKAMA DEZENFEKSİYON CİHAZI,360 LT,2021/05-063,61.0,2022-01-16 00:00:00,,
yikama,DMO,2021/404,2021-11-02,DMO GENEL MÜDÜRLÜĞÜ,SİNCAN AĞIZ VE DİŞ SAĞLIĞI MERKEZİ,ANKARA,TSY 360,360 LT ÇİFT KAPILI YIKAMA DEZENFEKSİYON CİHAZI,360 LT,2021/05-064,64.0,2022-01-05 00:00:00,,
yikama,DMO,2021/312,2021-11-19,DMO İSTANBUL BÖLGE MÜDÜRLÜĞÜ,ŞİŞLİ HAMİDİYE EFTAL EĞİTİM VE ARAŞTIRMA HASTANESİ,İSTANBUL,TSY 360,360 LT ÇİFT KAPILI YIKAMA DEZENFEKSİYON CİHAZI,360 LT,2021/05-065,64.0,2022-01-22 00:00:00,,
yikama,DMO,2021/313,2021-11-19,DMO İSTANBUL BÖLGE MÜDÜRLÜĞÜ,SAKARYA TOYOTASA ACİL YARDIM HASTANESİ,SAKARYA,TSY 360,360 LT ÇİFT KAPILI YIKAMA DEZENFEKSİYON CİHAZI,360 LT,2021/05-066,63.0,2022-01-21 00:00:00,,
yikama,ÖZEL,2021/435,2021-11-23,RST MEDİKAL,RST MEDİKAL,ANKARA,GY 290 O,290 LT TEK KAPILI YIKAMA DEZENFEKSİYON CİHAZI,290 LT,2021/05-067,25.0,2021-12-18 00:00:00,,
yikama,ÖZEL,2021/197,2021-11-26,RST MEDİKAL,RST MEDİKAL,ANKARA,GY 290 O,290 LT ÇİFT KAPILI YIKAMA DEZENFEKSİYON CİHAZI,290 LT,2021/05-068,22.0,2021-12-18 00:00:00,,
yikama,DMO,2021/196,2021-12-09,DMO MERSİN BÖLGE MÜDÜRLÜĞÜ,TARSUS DEVLET HASTANESİ,MERSİN,TSY 290 O,290 LT ÇİFT KAPILI YIKAMA DEZENFEKSİYON CİHAZI,290 LT,2021/05-069,64.0,2022-02-11 00:00:00,,
yikama,ÖZEL,2021/211,2021-12-20,ALTUNİZADE SAĞLIK HİZMETLERİ SAN.TİC.A.Ş.,ACADEMİC HOSPİTAL,İSTANBUL,GY 290 O,290 LT ÇİFT KAPILI YIKAMA DEZENFEKSİYON CİHAZI,290 LT,2021/05-070,11.0,2021-12-31 00:00:00,,
yikama,ÖZEL,2021/213,2021-12-21,PROMED MEDİKAL SAN.TİC.LTD.ŞTİ,PROMED MEDİKAL SAN.TİC.LTD.ŞTİ,ADANA,GY 290 O,290 LT ÇİFT KAPILI YIKAMA DEZENFEKSİYON CİHAZI,290 LT,2021/05-071,30.0,2022-01-20 00:00:00,,
yikama,YURTDIŞI,2021/210,2021-12-29,NİGERİA,NİGERİA,NİGERİA,GY 290 O,290 LT ÇİFT KAPILI YIKAMA DEZENFEKSİYON CİHAZI,290 LT,2021/05-072,23.0,2022-01-21 00:00:00,,
yikama,STOK,2021/198,2021-06-02,STOK,STOK,STOK,,290 LT ÇİFT KAPILI YIKAMA DEZENFEKSİYON CİHAZI,290 LT,,,,,
yikama,STOK,2021/199,2021-06-02,STOK,STOK,STOK,,290 LT ÇİFT KAPILI YIKAMA DEZENFEKSİYON CİHAZI,290 LT,,,,,
yikama,STOK,2021/200,2021-06-02,STOK,STOK,STOK,,290 LT ÇİFT KAPILI YIKAMA DEZENFEKSİYON CİHAZI,290 LT,,,,,
yikama,STOK,2021/201,2021-06-02,STOK,STOK,STOK,,290 LT ÇİFT KAPILI YIKAMA DEZENFEKSİYON CİHAZI,290 LT,,,,,
yikama,STOK,2021/203,2021-06-02,STOK,STOK,STOK,,290 LT ÇİFT KAPILI YIKAMA DEZENFEKSİYON CİHAZI,290 LT,,,,,
yikama,STOK,2021/204,2021-06-02,STOK,STOK,STOK,,290 LT ÇİFT KAPILI YIKAMA DEZENFEKSİYON CİHAZI,290 LT,,,,,
yikama,STOK,2021/205,2021-06-02,STOK,STOK,STOK,,290 LT ÇİFT KAPILI YIKAMA DEZENFEKSİYON CİHAZI,290 LT,,,,,
yikama,STOK,2021/206,2021-06-02,STOK,STOK,STOK,,290 LT ÇİFT KAPILI YIKAMA DEZENFEKSİYON CİHAZI,290 LT,,,,,
yikama,DMO,2021/468,2021-11-19,DMO MERSİN BÖLGE MÜDÜRLÜĞÜ,TARSUS DEVLET HASTANESİ,MERSİN,TSY 360,360 LT ÇİFT KAPILI YIKAMA DEZENFEKSİYON CİHAZI,360 LT,2021/05-073,,2022-02-11 00:00:00,,
yikama,DMO,2022/088,2022-02-11,DMO ESKİŞEHİR BÖLGE MÜDÜRLÜĞÜ,BİLECİK BOZÜYÜK AĞIZ VE DİŞ SAĞLIĞI MERKEZİ,BİLECİK,TSY 290 O,290 LT ÇİFT KAPILI YIKAMA DEZENFEKSİYON CİHAZI,290 LT,2022/05-009,64,2022-04-16,,
yikama,DMO,2022/083,2022-03-08,DMO ERZURUM İRTİBAT BÜROSU,ARTVİN YUSUFELİ DEVLET HASTANESİ,ARTVİN YUSUFELİ,TSY 290 O,290 LT ÇİFT KAPILI YIKAMA DEZENFEKSİYON CİHAZI,290 LT,2022/05-003,125,2022-07-11,,
yikama,DMO,2022/085,2022-01-06,DMO ESKİŞEHİR BÖLGE MÜDÜRLÜĞÜ,AFYONKARAHİSAR İL SAĞLIK MÜDÜRLÜĞÜ,AFYONKARAHİSAR,TSY 290 O,290 LT ÇİFT KAPILI YIKAMA DEZENFEKSİYON CİHAZI,290 LT,2022/05-006,136,2022-05-22,,
yikama,DMO,2022/086,2022-01-06,DMO ESKİŞEHİR BÖLGE MÜDÜRLÜĞÜ,AFYONKARAHİSAR İL SAĞLIK MÜDÜRLÜĞÜ,AFYONKARAHİSAR,TSY 290 O,290 LT ÇİFT KAPILI YIKAMA DEZENFEKSİYON CİHAZI,290 LT,2022/05-007,136,2022-05-22,,
yikama,ÖZEL,2022/087,2021-09-07,ŞAFAK DİŞ DEPOSU,KENT ÜNİVERSİTESİ,İSTANBUL,GY 290 O,290 LT ÇİFT KAPILI YIKAMA DEZENFEKSİYON CİHAZI,290 LT,2022/05-008,-44446,,,
yikama,DMO,2021/193,2022-03-25,DMO İSTANBUL BÖLGE MÜDÜRLÜĞÜ,KOCAELİ ÜNİVERSİTESİ UYGULAMA VE ARAŞTIRMA HASTANESİ,KOCAELİ,TSY 290 O,290 LT ÇİFT KAPILI YIKAMA DEZENFEKSİYON CİHAZI,290 LT,2021/05-052,60,2022-05-24,,
yikama,DMO,2022/084,2022-03-31,DMO İZMİR BÖLGE MÜDÜRLÜĞÜ,MANİSA İL SAĞLIK MÜDÜRLÜĞÜ,MANİSA,TSY 290 O,290 LT ÇİFT KAPILI YIKAMA DEZENFEKSİYON CİHAZI,290 LT,2022/05-004,60,2022-05-30,,
yikama,YURTDIŞI,2022/089,2022-04-13,KONGO ,KONGO -FABRİKA,KONGO ,TSY 290 O,290 LT ÇİFT KAPILI YIKAMA DEZENFEKSİYON CİHAZI,290 LT,2022/05-012,21,2022-05-04,,
yikama,YURTDIŞI,2022/090,2022-04-13,KONGO ,KONGO -FABRİKA,KONGO ,TSY 290 O,290 LT ÇİFT KAPILI YIKAMA DEZENFEKSİYON CİHAZI,290 LT,2022/05-013,21,2022-05-04,,
yikama,DMO,2022/258,2022-05-13,DMO İZMİR BÖLGE MÜDÜRLÜĞÜ,UŞAK SİVASLI İLÇE DEVLET HASTANESİ,UŞAK,TSY 290 O,290 LT ÇİFT KAPILI YIKAMA DEZENFEKSİYON CİHAZI,290 LT,2022/05-057,60,2022-07-12,,
yikama,DMO,2022/092,2022-05-20,DMO İZMİR BÖLGE MÜDÜRLÜĞÜ,İZMİR İL SAĞLIK MÜDÜRLÜĞÜ,İZMİR,TSY 290 O,290 LT ÇİFT KAPILI YIKAMA DEZENFEKSİYON CİHAZI,290 LT,2022/05-019,65,2022-07-24,,
yikama,DMO,2021/312,2022-01-18,DMO İSTANBUL BÖLGE MÜDÜRLÜĞÜ,ŞİŞLİ HAMİDİYE EFTAL EĞİTİM VE ARAŞTIRMA HASTANESİ,İSTANBUL,TSY 360,360 LT ÇİFT KAPILI YIKAMA DEZENFEKSİYON CİHAZI,360 LT,2021/05-065,64,2022-03-23,,
yikama,DMO,2022/095,2022-01-31,DMO İSTANBUL BÖLGE MÜDÜRLÜĞÜ,ŞİŞLİ HAMİDİYE EFTAL EĞİTİM VE ARAŞTIRMA HASTANESİ,İSTANBUL,TSY 360,360 LT ÇİFT KAPILI YIKAMA DEZENFEKSİYON CİHAZI,360 LT,2022/05-002,51,2022-03-23,,
yikama,DMO,2022/096,2022-01-06,DMO İSTANBUL BÖLGE MÜDÜRLÜĞÜ,ŞİŞLİ HAMİDİYE EFTAL EĞİTİM VE ARAŞTIRMA HASTANESİ,İSTANBUL,TSY 360,360 LT ÇİFT KAPILI YIKAMA DEZENFEKSİYON CİHAZI,360 LT,2022/05-005,77,2022-03-24,,
yikama,DMO,2022/097,2022-06-22,DMO 1 NOLU OPERASYONEL SÜREÇLER DAİRE BAŞKANLIĞI,GAZİ ÜNİVERSİTESİ SAĞLIK UYGULAMA VE ARAŞTIRMA MERKEZİ,ANKARA,TSY 360,360 LT ÇİFT KAPILI YIKAMA DEZENFEKSİYON CİHAZI,360 LT,2022/05-031,60,2022-08-21,,
yikama,DMO,2022/098,2022-04-29,DMO İZMİR BÖLGE MÜDÜRLÜĞÜ,İZMİR EĞİTİM DİŞ HASTANESİ,İZMİR,TSY 360,360 LT ÇİFT KAPILI YIKAMA DEZENFEKSİYON CİHAZI,360 LT,2022/05-017,60,2022-06-28,,
yikama,DMO,2022/099,2022-07-18,DMO İSTANBUL BÖLGE MÜDÜRLÜĞÜ,METİN SABANCI BALTA LİMANI KEMİK HASTALIKLARI EĞİTİM VE ARAŞTIRMA HASTANESİ,İSTANBUL,TSY 360,360 LT ÇİFT KAPILI YIKAMA DEZENFEKSİYON CİHAZI,360 LT,2022/05-010,65,2022-09-21,,
yikama,İHALE,2022/100,2022-04-08,BAHÇEŞEHİR ÜNİVERSİTESİ,BAHÇEŞEHİR ÜNİVERSİTESİ DİŞ HEKİMLİĞİ FAKÜLTESİ,İSTANBUL,GY 360,360 LT ÇİFT KAPILI YIKAMA DEZENFEKSİYON CİHAZI,360 LT,2022/05-011,42,2022-05-20,,
yikama,DMO,2022/094,2022-01-31,DMO İSTANBUL BÖLGE MÜDÜRLÜĞÜ,ŞİŞLİ HAMİDİYE EFTAL EĞİTİM VE ARAŞTIRMA HASTANESİ,İSTANBUL,TSY 360,360 LT ÇİFT KAPILI YIKAMA DEZENFEKSİYON CİHAZI,360 LT,2022/05-001,42,2022-03-14,,
yikama,DMO,2022/205,2022-04-13,DMO İZMİR BÖLGE MÜDÜRLÜĞÜ,MUĞLA İLSAĞLIK MÜDÜRLÜĞÜ- BODRUM DEVLET HASTANESİ,MUĞLA,TSY 360,360 LT ÇİFT KAPILI YIKAMA DEZENFEKSİYON CİHAZI,360 LT,2022/05-014,65,2022-06-17,,
yikama,DMO,DEĞİŞİM,2022-04-16,SİLİVRİ DEVLET HASTANESİ,SİLİVRİ DEVLET HASTANESİ,SİLİVRİ,TSY 360,360 LT ÇİFT KAPILI YIKAMA DEZENFEKSİYON CİHAZI,360 LT,2022/05-015,2,2022-04-18,,
yikama,DMO,2022/206,2022-04-20,DMO MERSİN İRTİBAT BÜROSU,NEVŞEHİR HACI BEKTAŞ VELİ ÜNİVERSİTESİ,NEVŞEHİR,TSY 360,360 LT ÇİFT KAPILI YIKAMA DEZENFEKSİYON CİHAZI,360 LT,2022/05-016,65,2022-06-24,,
yikama,DMO,2022/378,2022-06-07,DMO 1 NOLU OPERASYONEL SÜREÇLER DAİRE BAŞKANLIĞI,ANKARA SİNCAN DR. NAFİZ KÖREZ DEVLET HASTANESİ,ANKARA,TSY 360,360 LT ÇİFT KAPILI YIKAMA DEZENFEKSİYON CİHAZI,360 LT,2022/05-069,60,2022-08-06,,
yikama,DMO,2022/212,2022-05-24,DMO TRABZON BÖLGE MÜDÜRLÜĞÜ,SAMSUN BAFRA AĞIZ VE DİŞ SAĞLIĞI MERKEZİ,SAMSUN,TSY 360,360 LT ÇİFT KAPILI YIKAMA DEZENFEKSİYON CİHAZI,360 LT,2022/05-025,65,2022-07-28,,
yikama,DMO,2022/213,2022-05-24,DMO TRABZON BÖLGE MÜDÜRLÜĞÜ,SAMSUN BAFRA AĞIZ VE DİŞ SAĞLIĞI MERKEZİ,SAMSUN,TSY 360,360 LT ÇİFT KAPILI YIKAMA DEZENFEKSİYON CİHAZI,360 LT,2022/05-026,65,2022-07-28,,
yikama,DMO,2022/207,2022-05-25,DMO TRABZON BÖLGE MÜDÜRLÜĞÜ,SAMSUN İL SAĞLIK MÜDÜRLÜĞÜ,SAMSUN,TSY 360,360 LT ÇİFT KAPILI YIKAMA DEZENFEKSİYON CİHAZI,360 LT,2022/05-029,65,2022-07-29,,
yikama,DMO,2022/211,2022-07-18,DMO İSTANBUL BÖLGE MÜDÜRLÜĞÜ,METİN SABANCI BALTA LİMANI KEMİK HASTALIKLARI EĞİTİM VE ARAŞTIRMA HASTANESİ,İSTANBUL,TSY 360,360 LT ÇİFT KAPILI YIKAMA DEZENFEKSİYON CİHAZI,360 LT,2022/05-024,65,2022-09-21,,
yikama,DMO,2022/208,2022-06-01,DMO İSTANBUL BÖLGE MÜDÜRLÜĞÜ,PROF. DR. CEMİL TAŞCIOĞLU ŞEHİR HASTANESİ,İSTANBUL,TSY 360,360 LT ÇİFT KAPILI YIKAMA DEZENFEKSİYON CİHAZI,360 LT,2022/05-021,65,2022-08-05,,
yikama,DMO,2022/209,2022-06-01,DMO İSTANBUL BÖLGE MÜDÜRLÜĞÜ,PROF. DR. CEMİL TAŞCIOĞLU ŞEHİR HASTANESİ,İSTANBUL,TSY 360,360 LT ÇİFT KAPILI YIKAMA DEZENFEKSİYON CİHAZI,360 LT,2022/05-022,65,2022-08-05,,
yikama,DMO,2022/214,2022-05-27,DMO İSTANBUL BÖLGE MÜDÜRLÜĞÜ,İSTANBUL TAKSİM EĞİTİM VE ARAŞTRIMA HASTANESİ,İSTANBUL,TSY 360,360 LT ÇİFT KAPILI YIKAMA DEZENFEKSİYON CİHAZI,360 LT,2022/05-033,65,2022-07-31,,
yikama,İHALE,2022/215,2022-04-08,BAHÇEŞEHİR ÜNİVERSİTESİ,BAHÇEŞEHİR ÜNİVERSİTESİ DİŞ HEKİMLİĞİ FAKÜLTESİ,İSTANBUL,GY 360,360 LT ÇİFT KAPILI YIKAMA DEZENFEKSİYON CİHAZI,360 LT,2022/05-034,42,2022-05-20,,
yikama,ÖZEL,2022/216,2022-07-19,TEKEN ELEKTRİK ENERJİ ÜRETİM İNŞAAT TİCARET A. Ş.,MERSİN ÜNİVERSİTESİ DİŞ HEKİMLİĞİ FAKÜLTESİ,MERSİN,GY 360,360 LT ÇİFT KAPILI YIKAMA DEZENFEKSİYON CİHAZI,360 LT,2022/05-037,30,2022-08-18,,
yikama,ÖZEL,2022/217,2022-07-19,TEKEN ELEKTRİK ENERJİ ÜRETİM İNŞAAT TİCARET A. Ş.,MERSİN ÜNİVERSİTESİ DİŞ HEKİMLİĞİ FAKÜLTESİ,MERSİN,GY 360,360 LT ÇİFT KAPILI YIKAMA DEZENFEKSİYON CİHAZI,360 LT,2022/05-038,30,2022-08-18,,
yikama,DMO,2022/218,2022-08-01,DMO GAZİANTEP BÖLGE MÜDÜRLÜĞÜ,KAHRAMANMARAŞ İL SAĞLIK MÜDÜRLÜĞÜ (NECİP FAZIL ŞEHİR HASTANESİ),KAHRAMANMARAŞ,TSY 360,360 LT ÇİFT KAPILI YIKAMA DEZENFEKSİYON CİHAZI,360 LT,2022/05-039,60,2022-09-30,,
yikama,DMO,2022/219,2022-08-03,DMO GAZİANTEP BÖLGE MÜDÜRLÜĞÜ,KAHRAMANMARAŞ İL SAĞLIK MÜDÜRLÜĞÜ (NECİP FAZIL ŞEHİR HASTANESİ),KAHRAMANMARAŞ,TSY 360,360 LT ÇİFT KAPILI YIKAMA DEZENFEKSİYON CİHAZI,360 LT,2022/05-040,65,2022-10-07,,
yikama,DMO,2022/220,2022-08-03,DMO GAZİANTEP BÖLGE MÜDÜRLÜĞÜ,KAHRAMANMARAŞ İL SAĞLIK MÜDÜRLÜĞÜ (NECİP FAZIL ŞEHİR HASTANESİ),KAHRAMANMARAŞ,TSY 360,360 LT ÇİFT KAPILI YIKAMA DEZENFEKSİYON CİHAZI,360 LT,2022/05-041,65,2022-10-07,,
yikama,DMO,2022/221,2022-08-19,DMO İSTANBUL BÖLGE MÜDÜRLÜĞÜ,PROF. DR. CEMİL TAŞCIOĞLU ŞEHİR HASTANESİ,İSTANBUL,TSY 360,360 LT ÇİFT KAPILI YIKAMA DEZENFEKSİYON CİHAZI,360 LT,2022/05-042,65,2022-10-23,,
yikama,DMO,2022/222,2022-10-04,DMO İSTANBUL BÖLGE MÜDÜRLÜĞÜ,PROF. DR. CEMİL TAŞCIOĞLU ŞEHİR HASTANESİ,İSTANBUL,TSY 360,360 LT ÇİFT KAPILI YIKAMA DEZENFEKSİYON CİHAZI,360 LT,2022/05-043,65,2022-12-08,,
yikama,DMO,2022/371,2022-08-25,DMO ESKİŞEHİR BÖLGE MÜDÜRLÜĞÜ,MEHMET AKİF ERSOY ÜNİVERSİTESİ İDARİ VE MALİ İŞLER MÜDÜRLÜĞÜ,BURDUR,TSY 360,360 LT ÇİFT KAPILI YIKAMA DEZENFEKSİYON CİHAZI,360 LT,2022/05-058,35,2022-09-29,,
yikama,DMO,2022/224,2022-09-16,DMO DİYARBAKIR İRTİBAT BÜROSU,MARDİN İL SAĞLIK MÜDÜRLÜĞÜ,MARDİN,TSY 360,360 LT ÇİFT KAPILI YIKAMA DEZENFEKSİYON CİHAZI,360 LT,2022/05-046,65,2022-11-20,,
yikama,DMO,2022/244,2022-06-03,DMO ESKİŞEHİR BÖLGE MÜDÜRLÜĞÜ,KÜTAHYA İL SAĞLIK MÜDÜRLÜĞÜ -AĞIZ VE DİŞ SAĞLIĞI MERKEZİ,KÜTAHYA,TSY 290 O,290 LT ÇİFT KAPILI YIKAMA DEZENFEKSİYON CİHAZI,290 LT,2022/05-027,65,2022-08-07,,
yikama,DMO,2022/247,2022-06-06,DMO GAZİANTEP BÖLGE MÜDÜRLÜĞÜ,HATAY İL SAĞLIK MÜDÜRLÜĞÜ- ARSUZ DEVLET HASTANESİ,HATAY,TSY 290 O,290 LT ÇİFT KAPILI YIKAMA DEZENFEKSİYON CİHAZI,290 LT,2022/05-028,65,2022-08-10,,
yikama,DMO,2022/248,2022-06-08,DMO BURSA BÖLGE MÜDÜRLÜĞÜ,ÇANAKKALE İL SAĞLIK MÜDÜRLÜĞÜ -BİGA ADSM,ÇANAKKALE,TSY 290 O,290 LT ÇİFT KAPILI YIKAMA DEZENFEKSİYON CİHAZI,290 LT,2022/05-030,65,2022-08-12,,
yikama,DMO,2022/093,2022-06-27,DMO DİYARBAKIR İRTİBAT BÜROSU,ŞIRNAK İL SAĞLIK MÜDÜRLÜĞÜ,ŞIRNAK,TSY 290 O,290 LT ÇİFT KAPILI YIKAMA DEZENFEKSİYON CİHAZI,290 LT,2022/05-020,65,2022-08-31,,
yikama,İHALE,2022/251,2022-07-18,HARRAN ÜNİVERSİTESİ,HARRAN ÜNİVERSİTESİ DİŞ HEKİMLİĞİ FAKÜLTESİ,ŞANLIURFA,GY 290 O,290 LT ÇİFT KAPILI YIKAMA DEZENFEKSİYON CİHAZI,290 LT,2022/05-035,60,2022-09-16,,
yikama,İHALE,2022/252,2022-07-18,HARRAN ÜNİVERSİTESİ,HARRAN ÜNİVERSİTESİ DİŞ HEKİMLİĞİ FAKÜLTESİ,ŞANLIURFA,GY 290 O,290 LT ÇİFT KAPILI YIKAMA DEZENFEKSİYON CİHAZI,290 LT,2022/05-036,60,2022-09-16,,
yikama,DMO,2022/250,2022-08-15,DMO MERSİN İRTİBAT BÜROSU,AKSARAY ÜNİVERSİTESİ REKTÖRLÜĞÜ İDARİ VE MALİ İŞLER DAİRE BAŞKANLIĞI,AKSARAY,TSY 290 O,290 LT ÇİFT KAPILI YIKAMA DEZENFEKSİYON CİHAZI,290 LT,2022/05-032,65,2022-10-19,,
yikama,DMO,2022/254,2022-09-20,DMO DİYARBAKIR İRTİBAT BÜROSU,ŞIRNAK İL SAĞLIK MÜDÜRLÜĞÜ,ŞIRNAK,TSY 290 O,290 LT ÇİFT KAPILI YIKAMA DEZENFEKSİYON CİHAZI,290 LT,2022/05-048,65,2022-11-24,,
yikama,DMO,2022/255,2022-09-20,DMO DİYARBAKIR İRTİBAT BÜROSU,ŞIRNAK İL SAĞLIK MÜDÜRLÜĞÜ,ŞIRNAK,TSY 290 O,290 LT ÇİFT KAPILI YIKAMA DEZENFEKSİYON CİHAZI,290 LT,2022/05-049,65,2022-11-24,,
yikama,DMO,2022/256,2022-10-11,DMO İZMİR BÖLGE MÜDÜRLÜĞÜ,MUĞLA İL SAĞLIK MÜDÜRLÜĞÜ-SEYDİKEMER DEVLET HASTANESİ,MUĞLA,TSY 290 O,290 LT ÇİFT KAPILI YIKAMA DEZENFEKSİYON CİHAZI,290 LT,2022/05-055,65,2022-12-15,,
yikama,DMO,2022/257,2022-10-14,DMO VAN İRTİBAT BÜROSU,VAN YÜZÜNCÜ YIL ÜNİVERSİTESİ DURSUN ODABAŞ TIP MERKEZİ HASTANESİ,VAN,TSY 290 O,290 LT ÇİFT KAPILI YIKAMA DEZENFEKSİYON CİHAZI,290 LT,2022/05-056,60,2022-12-13,,
yikama,ÖZEL,2022/253,2022-10-20,MERT ÖZEL SAĞLIK HİZMETLERİ LTD. ŞTİ.,MERT ÖZEL SAĞLIK HİZMETLERİ LTD. ŞTİ.,ANTALYA,GY 290 O,290 LT ÇİFT KAPILI YIKAMA DEZENFEKSİYON CİHAZI,290 LT,2022/05-044,10,2022-10-30,,
yikama,DMO,2022/259,2022-11-08,DMO TRABZON BÖLGE MÜDÜRLÜĞÜ,SAMSUN AĞIZ VE DİŞ SAĞLIĞI MERKEZİ,SAMSUN,TSY 290 O,290 LT ÇİFT KAPILI YIKAMA DEZENFEKSİYON CİHAZI,290 LT,2022/05-065,60,2023-01-07,,
yikama,İHALE,2022/260,2022-11-25,ALANYA AĞIZ VE DİŞ SAĞLIĞI MERKEZİ,ALANYA AĞIZ VE DİŞ SAĞLIĞI MERKEZİ,ANTALYA,GY 290 O,290 LT ÇİFT KAPILI YIKAMA DEZENFEKSİYON CİHAZI,290 LT,2022/05-066,45,2023-01-09,,
yikama,DMO,2022/261,2022-11-10,DMO 1 NOLU OPERASYONEL SÜREÇLER DAİRE BAŞKANLIĞI,KIRŞEHİR İL SAĞLIK MÜDÜRLÜĞÜ-MUCUR DEVLET HASTANESİ,KIRŞEHİR,TSY 290 O,290 LT ÇİFT KAPILI YIKAMA DEZENFEKSİYON CİHAZI,290 LT,2022/05-067,65,2023-01-14,,
yikama,İHALE,2022/262,2022-01-05,ADANA İL SAĞLIK MÜDÜRLÜĞÜ,ADANA İL SAĞLIK MÜDÜRLÜĞÜ (GÜNEY SEYHAN DEVLET HASTANESİ),ADANA,GY 290 O,290 LT ÇİFT KAPILI YIKAMA DEZENFEKSİYON CİHAZI,290 LT,2022/05-073,29,2022-02-03,,
yikama,DMO,2022/359,2022-09-16,DMO DİYARBAKIR İRTİBAT BÜROSU,MARDİN İL SAĞLIK MÜDÜRLÜĞÜ,MARDİN,TSY 360 ,360 LT ÇİFT KAPILI YIKAMA DEZENFEKSİYON CİHAZI,360 LT,2022/05-047,65,2022-11-20,,
yikama,DMO,2022/366,2022-09-28,DMO İSTANBUL BÖLGE MÜDÜRLÜĞÜ,İSTANBUL İL SAĞLIK MÜDÜRLÜĞÜ -HASEKİ EAH,İSTANBUL,TSY 360,360 LT ÇİFT KAPILI YIKAMA DEZENFEKSİYON CİHAZI,360 LT,2022/05-050,65,2022-12-02,,
yikama,DMO,2022/367,2022-09-28,DMO İSTANBUL BÖLGE MÜDÜRLÜĞÜ,İSTANBUL İL SAĞLIK MÜDÜRLÜĞÜ -HASEKİ EAH,İSTANBUL,TSY 360,360 LT ÇİFT KAPILI YIKAMA DEZENFEKSİYON CİHAZI,360 LT,2022/05-051,65,2022-12-02,,
yikama,DMO,2022/368,2022-09-30,DMO 1 NOLU OPERASYONEL SÜREÇLER DAİRE BAŞKANLIĞI,ANKARA SİNCAN DR. NAFİZ KÖREZ DEVLET HASTANESİ,ANKARA,TSY 360,360 LT ÇİFT KAPILI YIKAMA DEZENFEKSİYON CİHAZI,360 LT,2022/05-052,65,2022-12-04,,
yikama,DMO,2022/369,2022-10-10,DMO 1 NOLU OPERASYONEL SÜREÇLER DAİRE BAŞKANLIĞI,ANKARA SAĞLIK BİLİMLERİ ÜNİVERSİTESİ GÜLHANE DİŞ HEKİMLİĞİ FAKÜLTESİ,ANKARA,TSY 360,360 LT ÇİFT KAPILI YIKAMA DEZENFEKSİYON CİHAZI,360 LT,2022/05-053,61,2022-12-10,,
yikama,DMO,2022/370,2022-10-10,DMO 1 NOLU OPERASYONEL SÜREÇLER DAİRE BAŞKANLIĞI,ANKARA SAĞLIK BİLİMLERİ ÜNİVERSİTESİ GÜLHANE DİŞ HEKİMLİĞİ FAKÜLTESİ,ANKARA,TSY 360,360 LT ÇİFT KAPILI YIKAMA DEZENFEKSİYON CİHAZI,360 LT,2022/05-054,61,2022-12-10,,
yikama,DMO,2022/223,2022-10-24,DMO İSTANBUL BÖLGE MÜDÜRLÜĞÜ,PROF. DR. CEMİL TAŞCIOĞLU ŞEHİR HASTANESİ,İSTANBUL,TSY 360,360 LT ÇİFT KAPILI YIKAMA DEZENFEKSİYON CİHAZI,360 LT,2022/05-045,60,2022-12-23,,
yikama,YURTDIŞI,2022/372,2022-10-25,CEZAYİR,CEZAYİR,CEZAYİR,GY 360,360 LT ÇİFT KAPILI YIKAMA DEZENFEKSİYON CİHAZI,360 LT,2022/05-059,25,2022-11-19,,
yikama,DMO,2022/373,2022-10-26,DMO VAN İRTİBAT BÜROSU,VAN İL SAĞLIK MÜDÜRLÜĞÜ -VAN ERCİŞ ADSM,VAN,TSY 360,360 LT ÇİFT KAPILI YIKAMA DEZENFEKSİYON CİHAZI,360 LT,2022/05-060,65,2022-12-30,,
yikama,DMO,2022/374,2022-11-07,DMO İSTANBUL BÖLGE MÜDÜRLÜĞÜ,İSTANBUL İL SAĞLIK MÜDÜRLÜĞÜ -HASEKİ EAH,İSTANBUL,TSY 360,360 LT ÇİFT KAPILI YIKAMA DEZENFEKSİYON CİHAZI,360 LT,2022/05-062,65,2023-01-11,,
yikama,DMO,2022/375,2022-11-07,DMO İSTANBUL BÖLGE MÜDÜRLÜĞÜ,İSTANBUL İL SAĞLIK MÜDÜRLÜĞÜ -HASEKİ EAH,İSTANBUL,TSY 360,360 LT ÇİFT KAPILI YIKAMA DEZENFEKSİYON CİHAZI,360 LT,2022/05-063,65,2023-01-11,,
yikama,DMO,2022/376,2022-11-07,DMO 1 NOLU OPERASYONEL SÜREÇLER DAİRE BAŞKANLIĞI,ANKARA SİNCAN DR. NAFİZ KÖREZ DEVLET HASTANESİ,ANKARA,TSY 360,360 LT ÇİFT KAPILI YIKAMA DEZENFEKSİYON CİHAZI,360 LT,2022/05-064,65,2023-01-11,,
yikama,İHALE,2022/377,2022-11-11,PAŞA DENTAL TIBBİ CİHAZLAR MALZEME SAN VE TİC. A.Ş.,BİLECİK ŞEYH EDEBALİ ÜNİVERSİTESİ DİŞ HEKİMLİĞİ FAKÜLTESİ,BİLECİK,GY 360,360 LT ÇİFT KAPILI YIKAMA DEZENFEKSİYON CİHAZI,360 LT,2022/05-068,28,2022-12-09,,
yikama,DMO,2022/210,2022-11-17,DMO 1 NOLU OPERASYONEL SÜREÇLER DAİRE BAŞKANLIĞI,KONYA NECMETTİN ERBAKAN ÜNİVERSİTESİ MEARM TIP FAKÜLTESİ HASTANESİ ,KONYA,TSY 360,360 LT ÇİFT KAPILI YIKAMA DEZENFEKSİYON CİHAZI,360 LT,2022/05-023,65,2023-01-21,,
yikama,DMO,2022/379,2022-11-18,DMO ESKİŞEHİR BÖLGE MÜDÜRLÜĞÜ,BURDUR İL SAĞLIK MÜDÜRLÜĞÜ -BURDUR DEVLET HASTANESİ,BURDUR,TSY 360,360 LT ÇİFT KAPILI YIKAMA DEZENFEKSİYON CİHAZI,360 LT,2022/05-070,65,2023-01-22,,
yikama,DMO,2022/380,2022-11-18,DMO ESKİŞEHİR BÖLGE MÜDÜRLÜĞÜ,BURDUR İL SAĞLIK MÜDÜRLÜĞÜ -BURDUR DEVLET HASTANESİ,BURDUR,TSY 360,360 LT ÇİFT KAPILI YIKAMA DEZENFEKSİYON CİHAZI,360 LT,2022/05-071,65,2023-01-22,,
yikama,DMO,2022/381,2022-11-18,DMO ESKİŞEHİR BÖLGE MÜDÜRLÜĞÜ,BURDUR İL SAĞLIK MÜDÜRLÜĞÜ -BURDUR DEVLET HASTANESİ,BURDUR,TSY 360,360 LT ÇİFT KAPILI YIKAMA DEZENFEKSİYON CİHAZI,360 LT,2022/05-072,65,2023-01-22,,
yikama,DMO,2022/382,2022-12-08,DMO İZMİR BÖLGE MÜDÜRLÜĞÜ,İZMİR ALSANCAK NEVVAR SALİH İŞGÖREN DEVLET HASTANESİ,İZMİR,TSY 360,360 LT ÇİFT KAPILI YIKAMA DEZENFEKSİYON CİHAZI,360 LT,2022/05-074,65,2023-02-11,,
yikama,ÖZEL,2022/383,2022-12-14,ÖZEL DENİPOL HASTANESİ,ÖZEL DENİPOL HASTANESİ,DENİZLİ,GY 360,360 LT ÇİFT KAPILI YIKAMA DEZENFEKSİYON CİHAZI,360 LT,2022/05-075,31,2023-01-14,,
yikama,YURTDIŞI,2022/384,2022-12-16,LÜBNAN,LÜBNAN,LÜBNAN,GY 360,360 LT ÇİFT KAPILI YIKAMA DEZENFEKSİYON CİHAZI,360 LT,2022/05-076,20,2023-01-05,,
yikama,ÖZEL,2021/415,2022-11-02,ESNAN AĞIZ VE DİŞ SAĞLIĞI MERKEZİ,ESNAN AĞIZ VE DİŞ SAĞLIĞI MERKEZİ,İSTANBUL,GY 225,225 LT ÇİFT KAPILI YIKAMA DEZENFEKSİYON CİHAZI,225 LT,2022/05-061,60,2023-01-01,,
yikama,YURTDIŞI,2022/013,2022-12-24,LİBYA,LİBYA,LİBYA,GY 360,360 LT ÇİFT KAPILI YIKAMA DEZENFEKSİYON KURUTMA CİHAZI,360 LT,2023/05-001,65 GÜN,2023-01-09 00:00:00,,
yikama,DMO,2023/053,2023-01-12,DMO TRABZON BÖLGE MÜDÜRLÜĞÜ,SAMSUN 19 MAYIS ÜNİVERSİTESİ DİŞ HEKİMLİĞİ FAKÜLTESİ,SAMSUN,TSY 360,360 LT ÇİFT KAPILI YIKAMA DEZENFEKSİYON KURUTMA CİHAZI,360 LT,2023/05-002,65 GÜN,2023-03-18 00:00:00,,
yikama,DMO,2022/263,2023-03-16,DMO TRABZON BÖLGE MÜDÜRLÜĞÜ,ARTVİN AĞIZ VE DİŞ SAĞLIĞI MERKEZİ,ARTVİN,TSY 290 O,290 LT ÇİFT KAPILI YIKAMA DEZENFEKSİYON CİHAZI,290 LT,2023/05-003,65 GÜN,2023-05-20 00:00:00,,
yikama,DMO,2022/264,2023-01-26,DMO ERZURUM İRTİBAT BÜROSU,AĞRI İL ÖZEL İDARESİ (AĞRI TAŞLIÇAY DEVLET HASTANESİ),AĞRI,TSY 290 O,290 LT ÇİFT KAPILI YIKAMA DEZENFEKSİYON CİHAZI,290 LT,2023/05-004,65 GÜN,2023-04-01 00:00:00,,
yikama,DMO,2022/265,2023-01-26,DMO ERZURUM İRTİBAT BÜROSU,AĞRI İL ÖZEL İDARESİ (DOĞU BEYAZIT ADSM),AĞRI,TSY 290 O,290 LT ÇİFT KAPILI YIKAMA DEZENFEKSİYON CİHAZI,290 LT,2023/05-005,65 GÜN,2023-04-01 00:00:00,,
yikama,ÖZEL,2022/266,2023-01-31,KOL İNŞAAT TİCARET SAN. VE TURİZM LTD. ŞTİ.,AMASYA ÖZEL ATAŞEHİR HASTANESİ,AMASYA,GY 290 O,290 LT ÇİFT KAPILI YIKAMA DEZENFEKSİYON CİHAZI,290 LT,2023/05-006,65 GÜN,2023-03-02 00:00:00,,
yikama,DMO,2022/267,2023-02-10,DMO VAN İRTİBAT BÜROSU,VAN EĞİTİM VE ARAŞTIRMA HASTANESİ,VAN,TSY 290 O,290 LT ÇİFT KAPILI YIKAMA DEZENFEKSİYON CİHAZI,290 LT,2023/05-007,60 GÜN,2023-04-11 00:00:00,,
yikama,DMO,2022/268,2023-02-10,DMO ERZURUM İRTİBAT BÜROSU,AĞRI İL SAĞLIK MÜDÜRLÜĞÜ (AĞRI ADSM),AĞRI,TSY 290 O,290 LT ÇİFT KAPILI YIKAMA DEZENFEKSİYON CİHAZI,290 LT,2023/05-008,60 GÜN,2023-04-11 00:00:00,,
yikama,YURTDIŞI,2022/269,2023-02-15,GET SARL,BENİN,BENİN,GY 290 O,290 LT ÇİFT KAPILI YIKAMA DEZENFEKSİYON CİHAZI,290 LT,2023/05-009,65 GÜN,2023-03-07 00:00:00,,
yikama,YURTDIŞI,2022/270,2023-02-15,GET SARL,BENİN,BENİN,GY 290 O,290 LT ÇİFT KAPILI YIKAMA DEZENFEKSİYON CİHAZI,290 LT,2023/05-010,65 GÜN,2023-03-07 00:00:00,,
yikama,YURTDIŞI,2022/271,2023-02-15,GET SARL,BENİN,BENİN,GY 290 O,290 LT ÇİFT KAPILI YIKAMA DEZENFEKSİYON CİHAZI,290 LT,2023/05-011,65 GÜN,2023-03-07 00:00:00,,
yikama,YURTDIŞI,2023/054,2023-02-15,GET SARL,BENİN,BENİN,GY 290 O,290 LT ÇİFT KAPILI YIKAMA DEZENFEKSİYON KURUTMA CİHAZI,290 LT,2023/05-012,65 GÜN,2023-03-07 00:00:00,,
yikama,DMO,2023/055,2023-02-20,DMO BURSA BÖLGE MÜDÜRLÜĞÜ,DÜZCE ATATÜRK DEVLET HASTANESİ,DÜZCE,TSY 290 O,290 LT ÇİFT KAPILI YIKAMA DEZENFEKSİYON KURUTMA CİHAZI,290 LT,2023/05-013,65 GÜN,2023-04-26 00:00:00,,
yikama,DMO,2023/056,2023-02-23,DMO VAN İRTİBAT BÜROSU,HAKKARİ İL SAĞLIK MÜDÜRLÜĞÜ - YÜKSEKOVA DEVLET HASTANESİ,HAKKARİ,TSY 290 O,290 LT ÇİFT KAPILI YIKAMA DEZENFEKSİYON KURUTMA CİHAZI,290 LT,2023/05-014,65 GÜN,2023-04-29 00:00:00,,
yikama,DMO,2023/069,2023-02-23,DMO MERSİN İRTİBAT BÜROSU,ŞANLIURFA İL SAĞLIK MÜDÜRLÜĞÜ -ŞANLIURFA ADSM,ŞANLIURFA,TSY 360,360 LT ÇİFT KAPILI YIKAMA DEZENFEKSİYON KURUTMA CİHAZI,360 LT,2023/05-015,65 GÜN,2023-04-29 00:00:00,,
yikama,DMO,2023/070,2023-02-23,DMO MERSİN İRTİBAT BÜROSU,ŞANLIURFA İL SAĞLIK MÜDÜRLÜĞÜ -ŞANLIURFA ADSM,ŞANLIURFA,TSY 360,360 LT ÇİFT KAPILI YIKAMA DEZENFEKSİYON KURUTMA CİHAZI,360 LT,2023/05-016,65 GÜN,2023-04-29 00:00:00,,
yikama,DMO,2023/057,2023-02-28,DMO MERSİN İRTİBAT BÜROSU,NİĞDE DEVLET HASTANESİ (DEFNE-HATAY),HATAY,TSY 290 O,290 LT ÇİFT KAPILI YIKAMA DEZENFEKSİYON KURUTMA CİHAZI,290 LT,2023/05-017,65 GÜN,2023-05-04 00:00:00,,
yikama,DMO,2023/071,2023-02-27,DMO 1 NOLU OPERASYONEL SÜREÇLER DAİRE BAŞKANLIĞI,ANKARA AKYURT DEVLET HASTANESİ,ANKARA,TSY 360,360 LT ÇİFT KAPILI YIKAMA DEZENFEKSİYON KURUTMA CİHAZI,360 LT,2023/05-018,65 GÜN,2023-05-03 00:00:00,,
yikama,DMO,2023/058,2023-03-09,DMO TRABZON BÖLGE MÜDÜRLÜĞÜ,SAMSUN AĞIZ VE DİŞ SAĞLIĞI MERKEZİ,SAMSUN,TSY 290 O,290 LT ÇİFT KAPILI YIKAMA DEZENFEKSİYON KURUTMA CİHAZI,290 LT,2023/05-019,65 GÜN,2023-05-13 00:00:00,,
yikama,YURTDIŞI,2023/059,2023-04-06,CASPİAN MEDİKAL SAN VE TİC. LTD. ŞTİ.,AZERBAYCAN,AZERBAYCAN,GY 290 O,290 LT ÇİFT KAPILI YIKAMA DEZENFEKSİYON KURUTMA CİHAZI,290 LT,2023/05-020,30 GÜN,2023-05-06 00:00:00,,
yikama,YURTDIŞI,2023/060,2023-04-06,ALTHIQALAYN HOSPİTAL,IRAK,IRAK,GY 290 O,290 LT ÇİFT KAPILI YIKAMA DEZENFEKSİYON KURUTMA CİHAZI,290 LT,2023/05-021,90 GÜN,2023-05-06 00:00:00,,
yikama,YURTDIŞI,2022/082,2022-01-06,ALTHIQALAYN HOSPİTAL,IRAK,IRAK,GY 290 O,290 LT ÇİFT KAPILI YIKAMA DEZENFEKSİYON CİHAZI,290 LT,2023/05-022,90 GÜN,2023-07-05 00:00:00,,
yikama,YURTDIŞI,2023/061,2023-04-06,ALTHIQALAYN HOSPİTAL,IRAK,IRAK,GY 290 O,290 LT ÇİFT KAPILI YIKAMA DEZENFEKSİYON KURUTMA CİHAZI,290 LT,2023/05-023,90 GÜN,2023-05-06 00:00:00,,
yikama,DMO,2023/073,2023-04-14,DMO BURSA BÖLGE MÜDÜRLÜĞÜ,BARTIN İL SAĞLIK MÜDÜRLÜĞÜ -BARTIN DEVLET HASTANESİ,BARTIN,TSY 360,360 LT ÇİFT KAPILI YIKAMA DEZENFEKSİYON KURUTMA CİHAZI,360 LT,2023/05-024,65 GÜN,2023-06-18 00:00:00,,
yikama,ÖZEL,2023/074,2023-04-25,NECMETTİN ERBAKAN ÜNİVERSİTESİ,NECMETTİN ERBAKAN ÜNİVERSİTESİ -DİŞ HEKİMLİĞİ FAKÜLTESİ,KONYA,GY 360,360 LT ÇİFT KAPILI YIKAMA DEZENFEKSİYON KURUTMA CİHAZI,360 LT,2023/05-025,65 GÜN,2023-05-25 00:00:00,,
yikama,DMO,2023/075,2023-05-02,DMO ESKİŞEHİR BÖLGE MÜDÜRLÜĞÜ,ANTALYA BİLİM ÜNİVERSİTESİ,ANTALYA,TSY 360,360 LT ÇİFT KAPILI YIKAMA DEZENFEKSİYON KURUTMA CİHAZI,360 LT,2023/05-026,65 GÜN,2023-07-06 00:00:00,,
yikama,YURTDIŞI,2023/076,2023-05-10,CEZAYİR,CEZAYİR,CEZAYİR,GY 360,360 LT ÇİFT KAPILI YIKAMA DEZENFEKSİYON KURUTMA CİHAZI,360 LT,2023/05-027,65 GÜN,2023-06-10 00:00:00,,
yikama,DMO,2023/077,2023-05-12,DMO DİYARBAKIR İRTİBAT BÜROSU,DİYARBAKIR ÇERMİK DEVLET HASTANESİ,DİYARBAKIR,TSY 360,360 LT ÇİFT KAPILI YIKAMA DEZENFEKSİYON KURUTMA CİHAZI,360 LT,2023/05-028,65 GÜN,2023-07-16 00:00:00,,
yikama,DMO,2023/062,2023-05-16,DMO DİYARBAKIR İRTİBAT BÜROSU,DİYARBAKIR İL SAĞLIK MÜDÜRLÜĞÜ ERGANİ ADSM, DİYARBAKIR,TSY 290 O,290 LT ÇİFT KAPILI YIKAMA DEZENFEKSİYON KURUTMA CİHAZI,290 LT,2023/05-029,65 GÜN,2023-07-20 00:00:00,,
yikama,DMO,2023/063,2023-05-18,DMO TRABZON BÖLGE MÜDÜRLÜĞÜ,RİZE İL SAĞLIK MÜDÜRLÜĞÜ -RİZE ADSM,RİZE,TSY 290 O,290 LT ÇİFT KAPILI YIKAMA DEZENFEKSİYON KURUTMA CİHAZI,290 LT,2023/05-030,60 GÜN,2023-07-17 00:00:00,,
yikama,DMO,2022/091,2023-07-06,DMO İSTANBUL BÖLGE MÜDÜRLÜĞÜ,BAŞAKŞEHİR AĞIZ VE DİŞ SAĞLIĞI MERKEZİ,İSTANBUL,TSY 290 O,290 LT ÇİFT KAPILI YIKAMA DEZENFEKSİYON CİHAZI,290 LT,2023/05-031,65 GÜN,2023-09-09 00:00:00,,
yikama,ÖZEL,2023/064,2023-07-17,ÇELİK İNŞAAT EMLAK TAAHÜT TİC. LTD. ŞTİ,İNÖNÜ ÜNİVERSİTESİ DİŞ HEKİMLİĞİ FAKÜLTESİ HASTANESİ,MALATYA,GY 290 O,290 LT ÇİFT KAPILI YIKAMA DEZENFEKSİYON KURUTMA CİHAZI,290 LT,2023/05-032,65 GÜN,2023-08-31 00:00:00,,
yikama,ÖZEL,2023/065,2023-07-17,ÇELİK İNŞAAT EMLAK TAAHÜT TİC. LTD. ŞTİ,İNÖNÜ ÜNİVERSİTESİ DİŞ HEKİMLİĞİ FAKÜLTESİ HASTANESİ,MALATYA,GY 290 O,290 LT ÇİFT KAPILI YIKAMA DEZENFEKSİYON KURUTMA CİHAZI,290 LT,2023/05-033,65 GÜN,2023-09-01 00:00:00,,
yikama,YURTDIŞI,2023/066,2023-07-31,ROMANYA - NİCU,ROMANYA,ROMANYA,GY 290 O,290 LT ÇİFT KAPILI YIKAMA DEZENFEKSİYON KURUTMA CİHAZI,290 LT,2023/05-034,65 GÜN,2023-09-05 00:00:00,,
yikama,DMO,2023/067,2023-08-09,DMO İSTANBUL BÖLGE MÜDÜRLÜĞÜ,TEKİRDAĞ NAMIK KEMAL ÜNİVERSİTESİ REKTÖRLÜĞÜ,TEKİRDAĞ,TSY 290 O,290 LT ÇİFT KAPILI YIKAMA DEZENFEKSİYON KURUTMA CİHAZI,290 LT,2023/05-035,65 GÜN,2023-10-13 00:00:00,,
yikama,DMO,2023/078,2023-08-16,DMO ESKİŞEHİR BÖLGE MÜDÜRLÜĞÜ,MEHMET AKİF ERSOY ÜNİVERSİTESİ,BURDUR,TSY 360,360 LT ÇİFT KAPILI YIKAMA DEZENFEKSİYON KURUTMA CİHAZI,360 LT,2023/05-036,60 GÜN,2023-10-15 00:00:00,,
yikama,YURTDIŞI,2023/269,2023-08-31,IRAK,IRAK,IRAK,GY 150,150 LT TEZGAH ALTI YIKAMA DEZENFEKSİYON VE KURUTMA CİHAZI,150 LT,2023/05-037,60 GÜN,2023-08-04 00:00:00,,
yikama,2024 YILINA AKTARILDI,2023/270,2023-08-31,2024 YILINA AKTARILDI,2024 YILINA AKTARILDI,,GY 150,150 LT TEZGAH ALTI YIKAMA DEZENFEKSİYON VE KURUTMA CİHAZI,150 LT,2023/05-038,60 GÜN,2023-08-04 00:00:00,,
yikama,2024 YILINA AKTARILDI,2023/305,2023-11-15,2024 YILINA AKTARILDI,2024 YILINA AKTARILDI,AYDIN,TSY 290 O,290 LT ÇİFT KAPILI YIKAMA DEZENFEKSİYON KURUTMA CİHAZI,290 LT,2023/05-053,60 GÜN,2024-01-14 00:00:00,,
yikama,2024 YILINA AKTARILDI,2023/333,2023-10-05,2024 YILINA AKTARILDI,2024 YILINA AKTARILDI,KAYSERİ,GY 150,150 LT TEZGAH ALTI YIKAMA DEZENFEKSİYON VE KURUTMA CİHAZI,150 LT,2023/05-041,60 GÜN,2023-11-04 00:00:00,,
yikama,DMO,2023/079,2023-10-09,DMO BURSA BÖLGE MÜDÜRLÜĞÜ,DÜZCE AĞIZ VE DİŞ SAĞLIĞI MERKEZİ,DÜZCE,TSY 360,360 LT ÇİFT KAPILI YIKAMA DEZENFEKSİYON KURUTMA CİHAZI,360 LT,2023/05-042,60 GÜN,2023-12-08 00:00:00,,
yikama,DMO,2023/080,2023-10-16,DMO BURSA BÖLGE MÜDÜRLÜĞÜ,BARTIN İL SAĞLIK MÜDÜRLÜĞÜ -BARTIN DEVLET HASTANESİ,BARTIN,TSY 360,360 LT ÇİFT KAPILI YIKAMA DEZENFEKSİYON KURUTMA CİHAZI,360 LT,2023/05-043,65 GÜN,2023-12-20 00:00:00,,
yikama,DMO,2023/081,2023-10-18,DMO MERSİN İRTİBAT BÜROSU,NİĞDE BOR DEVLET HASTANESİ,NİĞDE,TSY 360,360 LT ÇİFT KAPILI YIKAMA DEZENFEKSİYON KURUTMA CİHAZI,360 LT,2023/05-044,65 GÜN,2023-12-22 00:00:00,,
yikama,YURTDIŞI,2023/272,2023-10-19,AZERBAYCAN,AZERBAYCAN,AZERBAYCAN,GY 290 O,290 LT ÇİFT KAPILI YIKAMA DEZENFEKSİYON KURUTMA CİHAZI,290 LT,2023/05-045,60 GÜN,09.11.203,,
yikama,DMO,2023/302,2023-10-19,DMO İZMİR BÖLGE MÜDÜRLÜĞÜ,AYDIN NAZİLLİ AĞIZ VE DİŞ SAĞLIĞI MERKEZİ,AYDIN,TSY 290 O,290 LT ÇİFT KAPILI YIKAMA DEZENFEKSİYON KURUTMA CİHAZI,290 LT,2023/05-048,65 GÜN,2023-12-23 00:00:00,,
yikama,DMO,2023/072,2023-04-14,DMO BURSA BÖLGE MÜDÜRLÜĞÜ,BARTIN İL SAĞLIK MÜDÜRLÜĞÜ -BARTIN DEVLET HASTANESİ,BARTIN,TSY 360,360 LT ÇİFT KAPILI YIKAMA DEZENFEKSİYON KURUTMA CİHAZI,360 LT,2023/05-047,65 GÜN,2023-06-18 00:00:00,,
yikama,DMO,2023/273,2023-10-24,DMO BURSA BÖLGE MÜDÜRLÜĞÜ,BALIKESİR DEVLET HASTANESİ,BALIKESİR,TSY 290 O,290 LT ÇİFT KAPILI YIKAMA DEZENFEKSİYON KURUTMA CİHAZI,290 LT,2023/05-046,65 GÜN,2023-12-28 00:00:00,,
yikama,YURTDIŞI,2023/303,2023-09-15,AZERBAYCAN,AZERBAYCAN,AZERBAYCAN,GY 290 O,290 LT ÇİFT KAPILI YIKAMA DEZENFEKSİYON KURUTMA CİHAZI,290 LT,2023/05-049,60 GÜN,2023-12-10 00:00:00,,
yikama,YURTDIŞI,2023/304,2023-09-15,AZERBAYCAN,AZERBAYCAN,AZERBAYCAN,GY 290 O,290 LT ÇİFT KAPILI YIKAMA DEZENFEKSİYON KURUTMA CİHAZI,290 LT,2023/05-050,60 GÜN,2023-12-10 00:00:00,,
yikama,DMO,2023/082,2023-10-27,DMO İSTANBUL BÖLGE MÜDÜRLÜĞÜ,İSTANBUL GÖZTEPE PROF DR. SÜLEYMAN YALÇIN ŞEHİR HASTANESİ,İSTANBUL,TSY 360,360 LT ÇİFT KAPILI YIKAMA DEZENFEKSİYON KURUTMA CİHAZI,360 LT,2023/05-051,60 GÜN,2023-12-26 00:00:00,,
yikama,ÖZEL,2023/358,2023-10-30,ÖZEL KARATAŞ HASTANESİ,ÖZEL KARATAŞ HASTANESİ,İZMİR,GY 150,150 LT TEZGAH ALTI YIKAMA DEZENFEKSİYON VE KURUTMA CİHAZI,150 LT,2023/05-052,60 GÜN,2023-11-19 00:00:00,,
yikama,DMO,2023/068,2023-09-28,DMO DİYARBAKIR İRTİBAT BÜROSU,BATMAN ÜNİVERSİTESİ REKTÖRLÜĞÜ (DİŞ HEKİMLİĞİ FAKÜLTESİ),BATMAN,TSY 290 O,290 LT ÇİFT KAPILI YIKAMA DEZENFEKSİYON KURUTMA CİHAZI,290 LT,2023/05-040,65 GÜN,2023-12-02 00:00:00,,
yikama,DMO,2023/083,2023-10-13,DMO MERSİN İRTİBAT BÜROSU,NİĞDE ÖMER HALİSDEMİR ÜNİVERSİTESİ EĞİTİM VE ARAŞTIRMA HASTANESİ,NİĞDE,TSY 360,360 LT ÇİFT KAPILI YIKAMA DEZENFEKSİYON KURUTMA CİHAZI,360 LT,2023/05-054,65 GÜN,2023-12-17 00:00:00,,
yikama,ÖZEL,2023/084,2023-12-25,MLP SAĞLIK HİZMETLERİ A.Ş. (ÇANAKKALE MP ŞUBESİ),ÇANAKKALE MEDİKALPARK HASTANESİ,ÇANAKKALE,GY 360,360 LT ÇİFT KAPILI YIKAMA DEZENFEKSİYON KURUTMA CİHAZI,360 LT,2023/05-056,,2024-01-05 00:00:00,,
yikama,İHALE,2023/087,2023-12-26,MSB.SHH.İKM.VE BKM.MRK.BŞK.LIĞI,YENİ GİRNE ASKER HASTANESİ,KIBRIS,GY 360,360 LT ÇİFT KAPILI YIKAMA DEZENFEKSİYON KURUTMA CİHAZI,360 LT,2024/05-008,90 GÜN,2024-03-25,,
yikama,İHALE,2023/086,2023-12-26,MSB.SHH.İKM.VE BKM.MRK.BŞK.LIĞI,YENİ GİRNE ASKER HASTANESİ,KIBRIS,GY 360,360 LT ÇİFT KAPILI YIKAMA DEZENFEKSİYON KURUTMA CİHAZI,360 LT,2024/05-002,90 GÜN,2024-03-25,,
yikama,YURTDIŞI,2024/229,2024-02-08,CEZAYİR,CEZAYİR,CEZAYİR,GY 360,360 LT ÇİFT KAPILI YIKAMA DEZENFEKSİYON KURUTMA CİHAZI,360 LT,2024/05-116,65 GÜN,,,
yikama,DMO,2023/089,2024-02-16,DMO BURSA BÖLGE MÜDÜRLÜĞÜ,BURSA İL SAĞLIK MÜDÜRLÜĞÜ (AOS ONKOLOJİ HASTANESİ),BURSA,TSY 360,360 LT ÇİFT KAPILI YIKAMA DEZENFEKSİYON KURUTMA CİHAZI,360 LT,2024/05-009,65 GÜN,2024-04-21,,
yikama,DMO,2023/088,2024-02-16,DMO BURSA BÖLGE MÜDÜRLÜĞÜ,BURSA İL SAĞLIK MÜDÜRLÜĞÜ (AOS ONKOLOJİ HASTANESİ),BURSA,TSY 360,360 LT ÇİFT KAPILI YIKAMA DEZENFEKSİYON KURUTMA CİHAZI,360 LT,2024/05-010,65 GÜN,2024-04-21,,
yikama,DMO,2023/090,2024-02-16,DMO BURSA BÖLGE MÜDÜRLÜĞÜ,BURSA İL SAĞLIK MÜDÜRLÜĞÜ (AOS ONKOLOJİ HASTANESİ),BURSA,TSY 360,360 LT ÇİFT KAPILI YIKAMA DEZENFEKSİYON KURUTMA CİHAZI,360 LT,2024/05-011,65 GÜN,2024-04-21,,
yikama,DMO,2023/091,2024-05-08,DMO BURSA BÖLGE MÜDÜRLÜĞÜ,BURSA İL SAĞLIK MÜDÜRLÜĞÜ (AOS ONKOLOJİ HASTANESİ),BURSA,TSY 360,360 LT ÇİFT KAPILI YIKAMA DEZENFEKSİYON KURUTMA CİHAZI,360 LT,2024/05-012,65 GÜN,2024-07-12,,
yikama,YURTDIŞI,2023/308,2024-01-17,KHOZREVANIDZE'S CLINIC LTD,GÜRCİSTAN,GÜRCİSTAN,GY 290 O,290 LT ÇİFT KAPILI TIKAMA DEZENFEKSİYON VE KURUTMA CİHAZI,290 LT,2024/05-006,65 GÜN,2024-02-15,,
yikama,YURTDIŞI,2023/309,2024-02-05,"MME, LLC",UKRAYNA,UKRAYNA,GY 290 O,290 LT ÇİFT KAPILI TIKAMA DEZENFEKSİYON VE KURUTMA CİHAZI,290 LT,2024/05-007,65 GÜN,2024-03-15,,
yikama,DMO,2023/310,2024-02-21,DMO DİYARBAKIR İRTİBAT BÜROSU,DİYARBAKIR GAZİ YAŞARGİL EĞİTİM VE ARAŞTIRMA HASTANESİ,DİYARBAKIR,TSY 290 O,290 LT ÇİFT KAPILI TIKAMA DEZENFEKSİYON VE KURUTMA CİHAZI,290 LT,2024/05-013,60  GÜN,2024-04-21,,
yikama,ÖZEL,2024/122,2024-01-04,BAHÇEŞEHİR ÜNİVERSİTESİ DİŞ HEKİMLİĞİ FAKÜLTESİ,BAHÇEŞEHİR ÜNİVERSİTESİ DİŞ HEKİMLİĞİ FAKÜLTESİ,İSTANBUL,GY 150,150 LT TEZGAHALTI YIKAMA DEZENFEKSİYON KURUTMA CİHAZI,150 LT,2024/05-003,15 GÜN,2024-01-19,,
yikama,ÖZEL,2023/286,2024-03-09,NURSA İNŞAAT  ELEKTRONİK TİC. SAN. LTD. ŞTİ.,AKSARAY AĞIZ VE DİŞ SAĞLIĞI MERKEZİ,AKSARAY,GY 360,360 LT ÇİFT KAPILI YIKAMA DEZENFEKSİYON KURUTMA CİHAZI,360 LT,2024/05-027,65 GÜN,2024-04-30,,
yikama,ÖZEL,2023/287,2024-03-09,NURSA İNŞAAT  ELEKTRONİK TİC. SAN. LTD. ŞTİ.,AKSARAY AĞIZ VE DİŞ SAĞLIĞI MERKEZİ,AKSARAY,GY 360,360 LT ÇİFT KAPILI YIKAMA DEZENFEKSİYON KURUTMA CİHAZI,360 LT,2024/05-029,65 GÜN,2024-04-30,,
yikama,DMO,2023/284,2024-03-15,DMO İZMİR BÖLGE MÜDÜRLÜĞÜ,MUĞLA MARMARİS DEVLET HASTANESİ,MUĞLA,TSY 360,360 LT ÇİFT KAPILI YIKAMA DEZENFEKSİYON KURUTMA CİHAZI,360 LT,2024/05-021,65 GÜN,2024-05-19,,
yikama,DMO,2023/285,2024-03-15,DMO İZMİR BÖLGE MÜDÜRLÜĞÜ,MUĞLA MARMARİS DEVLET HASTANESİ,MUĞLA,TSY 360,360 LT ÇİFT KAPILI YIKAMA DEZENFEKSİYON KURUTMA CİHAZI,360 LT,2024/05-022,65 GÜN,2024-05-19,,
yikama,DMO,2023/288,2024-04-01,DMO ESKİŞEHİR BÖLGE MÜDÜRLÜĞÜ,KÜTAHYA SAĞLIK BİLİMLERİ ÜNİVERSİTESİ EVLİYA ÇELEBİ EĞİTİM VE ARAŞTIRMA HASTANESİ,KÜTAHYA,TSY 360,360 LT ÇİFT KAPILI YIKAMA DEZENFEKSİYON KURUTMA CİHAZI,360 LT,2024/05-033,65 GÜN,2024-06-05,,
yikama,DMO,2023/289,2024-05-08,DMO ESKİŞEHİR BÖLGE MÜDÜRLÜĞÜ,KÜTAHYA SAĞLIK BİLİMLERİ ÜNİVERSİTESİ EVLİYA ÇELEBİ EĞİTİM VE ARAŞTIRMA HASTANESİ,KÜTAHYA,TSY 360,360 LT ÇİFT KAPILI YIKAMA DEZENFEKSİYON KURUTMA CİHAZI,360 LT,2024/05-034,65 GÜN,2024-07-12,,
yikama,DMO,2023/290,2024-06-07,DMO BURSA BÖLGE MÜDÜRLÜĞÜ,ÇANAKKALE ONSEKİZ MART ÜNİVERSİTESİ SAĞLIK UYGULAMA VE ARAŞTIRMA HASTANESİ,ÇANAKKALE,TSY 360,360 LT ÇİFT KAPILI YIKAMA DEZENFEKSİYON KURUTMA CİHAZI,360 LT,2024/05-041,65 GÜN,2024-08-11,,
yikama,DMO,2023/291,2024-07-02,DMO BURSA BÖLGE MÜDÜRLÜĞÜ,ÇANAKKALE ONSEKİZ MART ÜNİVERSİTESİ SAĞLIK UYGULAMA VE ARAŞTIRMA HASTANESİ,ÇANAKKALE,TSY 360,360 LT ÇİFT KAPILI YIKAMA DEZENFEKSİYON KURUTMA CİHAZI,360 LT,2024/05-042,60 GÜN,2024-08-31,,
yikama,DMO,2023/292,2024-08-27,DMO 1 NOLU OPERASYONEL SÜREÇLER DAİRE BAŞKANLIĞI,ANKARA ETİMESGUT AĞIZ VE DİŞ SAĞLIĞI MERKEZİ,ANKARA,TSY 360,360 LT ÇİFT KAPILI YIKAMA DEZENFEKSİYON KURUTMA CİHAZI,360 LT,2024/05-043,60 GÜN,2024-10-26,,
yikama,DMO,2023/293,2024-08-27,DMO 1 NOLU OPERASYONEL SÜREÇLER DAİRE BAŞKANLIĞI,ANKARA ONKOLOJİ HASTANESİ,ANKARA,TSY 360,360 LT ÇİFT KAPILI YIKAMA DEZENFEKSİYON KURUTMA CİHAZI,360 LT,2024/05-044,65 GÜN,2024-10-31,,
yikama,DMO,2023/294,2024-08-07,DMO ESKİŞEHİR BÖLGE MÜDÜRLÜĞÜ,KÜTAHYA SAĞLIK BİLİMLERİ ÜN.STJ GELİŞ.D.B.LIĞI,KÜTAHYA,TSY 360,360 LT ÇİFT KAPILI YIKAMA DEZENFEKSİYON KURUTMA CİHAZI,360 LT,2024/05-045,65 GÜN,2024-10-11,,
yikama,DMO,2023/295,2024-08-21,DMO İSTANBUL BÖLGE MÜDÜRLÜĞÜ,İSTANBUL SAĞLIK BİL.ÜNV.ŞİŞLİ HAMİDİYE ETFAL EAH.,İSTANBUL,TSY 360,360 LT ÇİFT KAPILI YIKAMA DEZENFEKSİYON KURUTMA CİHAZI,360 LT,2024/05-046,65 GÜN,2024-10-25,,
yikama,DMO,2023/296,2024-07-02,DMO BURSA BÖLGE MÜDÜRLÜĞÜ,ÇANAKKALE ONSEKİZ MART ÜNİVERSİTESİ SAĞLIK UYGULAMA VE ARAŞTIRMA HASTANESİ,ÇANAKKALE,TSY 360,360 LT ÇİFT KAPILI YIKAMA DEZENFEKSİYON KURUTMA CİHAZI,360 LT,2024/05-048,65 GÜN,2024-10-31,,
yikama,DMO,2023/297,2024-08-29,DMO BURSA BÖLGE MÜDÜRLÜĞÜ,ZONGULDAK KARADENİZ EREĞLİ ADSM,ZOLGULDAK,TSY 360,360 LT ÇİFT KAPILI YIKAMA DEZENFEKSİYON KURUTMA CİHAZI,360 LT,2024/05-049,60 GÜN,2024-10-28,,
yikama,DMO,2023/298,2024-09-02,DMO İSTANBUL BÖLGE MÜDÜRLÜĞÜ,İSTANBUL GÖZTEPE PROF. DR. SÜLEYMAN YALÇIN ŞEHİR HASTANESİ,İSTANBUL,TSY 360,360 LT ÇİFT KAPILI YIKAMA DEZENFEKSİYON KURUTMA CİHAZI,360 LT,2024/05-050,65 GÜN,2024-11-06,,
yikama,DMO,2023/299,2024-09-10,DMO İSTANBUL BÖLGE MÜDÜRLÜĞÜ,İSTANBUL GÖZTEPE PROF. DR. SÜLEYMAN YALÇIN ŞEHİR HASTANESİ,,TSY 360,360 LT ÇİFT KAPILI YIKAMA DEZENFEKSİYON KURUTMA CİHAZI,360 LT,2024/05-052,65 GÜN,2024-11-14,,
yikama,DMO,2023/300,2024-09-11,DMO İSTANBUL BÖLGE MÜDÜRLÜĞÜ,İSTANBUL SAĞLIK BİL.ÜNV.ŞİŞLİ HAMİDİYE ETFAL EAH.,İSTANBUL,TSY 360,360 LT ÇİFT KAPILI YIKAMA DEZENFEKSİYON KURUTMA CİHAZI,360 LT,2024/05-053,65 GÜN,2024-11-15,,
yikama,ÖZEL,2024/245,2024-09-17,LİV DİŞ HASTANESİ,LİV DİŞ HASTANESİ,ANKARA,GY 360,360 LT ÇİFT KAPILI YIKAMA DEZENFEKSİYON KURUTMA CİHAZI,360 LT,2024/05-117,65 GÜN,2024-09-27,,
yikama,DMO,2023/311,2024-02-26,DMO 1 NOLU OPERASYONEL SÜREÇLER DAİRE BAŞKANLIĞI,ANKARA GÖLBAŞI ÜLKÜ ULUSOY AĞIZ VE DİŞ SAĞLIĞI MERKEZİ,ANKARA,TSY 290 O,290 LT ÇİFT KAPILI YIKAMA DEZENFEKSİYON KURUTMA CİHAZI,290 LT,2024/05-014,65 GÜN,2024-05-01,,
yikama,DMO,2023/312,2024-02-27,DMO GAZİANTEP BÖLGE MÜDÜRLÜĞÜ,ADIYAMAN EĞİTİM VE ARAŞTIRMA HASTANESİ,ADIYAMAN,TSY 290 O,290 LT ÇİFT KAPILI YIKAMA DEZENFEKSİYON KURUTMA CİHAZI,290 LT,2024/05-015,65 GÜN,2024-05-02,,
yikama,DMO,2023/313,2023-09-15,DMO ESKİŞEHİR BÖLGE MÜDÜRLÜĞÜ,ANTALYA İL SAĞLIK MÜDÜRLÜĞÜ,ANTALYA,TSY 290 O,290 LT ÇİFT KAPILI YIKAMA DEZENFEKSİYON KURUTMA CİHAZI,290 LT,2024/05-016,65 GÜN,2023-11-19,,
yikama,YURTDIŞI,2023/314,2024-03-06,NİCU-ROMANYA,ROMANYA,ROMANYA,GY 290 O,290 LT ÇİFT KAPILI YIKAMA DEZENFEKSİYON KURUTMA CİHAZI,290 LT,2024/05-017,65 GÜN,2024-04-15,,
yikama,YURTDIŞI,2023/315,2024-03-06,NİCU-ROMANYA,ROMANYA,ROMANYA,GY 290 O,290 LT ÇİFT KAPILI YIKAMA DEZENFEKSİYON KURUTMA CİHAZI,290 LT,2024/05-018,65 GÜN,2024-04-15,,
yikama,YURTDIŞI,2023/316,2024-03-06,NİCU-ROMANYA,ROMANYA,ROMANYA,GY 290 O,290 LT TEK KAPILI YIKAMA DEZENFEKSİYON KURUTMA CİHAZI,290 LT,2024/05-019,65 GÜN,2024-03-25,,
yikama,DMO,2023/317,2024-03-09,DMO DİYARBAKIR İRTİBAT BÜROSU,MARDİN İL SAĞLIK MÜDÜRLÜĞÜ - KIZILTEPE DEVLET HASTANESİ,MARDİN,TSY 290 O,290 LT ÇİFT KAPILI YIKAMA DEZENFEKSİYON KURUTMA CİHAZI,290 LT,2024/05-020,65 GÜN,2024-05-13,,
yikama,DMO,2023/318,2024-03-13,DMO ESKİŞEHİR BÖLGE MÜDÜRLÜĞÜ,ISPARTA ŞEHİT YUNUS EMRE DEVLET HASTANESİ,ISPARTA,TSY 290 O,290 LT ÇİFT KAPILI YIKAMA DEZENFEKSİYON KURUTMA CİHAZI,290 LT,2024/05-025,60 GÜN,2024-05-12,,
yikama,ÖZEL,2023/319,2024-03-15,ÖZEL EVDİŞ POLİKLİNİĞİ,ÖZEL EVDİŞ POLİKLİNİĞİ,SAKARYA,GY 290 O,290 LT ÇİFT KAPILI YIKAMA DEZENFEKSİYON KURUTMA CİHAZI,290 LT,2024/05-026,65 GÜN,2024-04-14,,
yikama,DMO,2023/329,2024-03-15,DMO 1 NOLU OPERASYONEL SÜREÇLER DAİRE BAŞKANLIĞI,ÇORUM İL SAĞLIK MÜDÜRLÜĞÜ (ÇORUM ADSM),ÇORUM,TSY 290 O,290 LT ÇİFT KAPILI YIKAMA DEZENFEKSİYON KURUTMA CİHAZI,290 LT,2024/05-071,65 GÜN,2024-05-19,,
yikama,DMO,2023/322,2024-03-15,DMO İZMİR BÖLGE MÜDÜRLÜĞÜ,MUĞLA MARMARİS DEVLET HASTANESİ,MUĞLA,TSY 290 O,290 LT ÇİFT KAPILI YIKAMA DEZENFEKSİYON KURUTMA CİHAZI,290 LT,2024/05-031,65 GÜN,2024-05-19,,
yikama,DMO,2023/321,2024-02-27,DMO GAZİANTEP BÖLGE MÜDÜRLÜĞÜ,ADIYAMAN EĞİTİM VE ARAŞTIRMA HASTANESİ,ADIYAMAN,TSY 290 O,290 LT ÇİFT KAPILI YIKAMA DEZENFEKSİYON KURUTMA CİHAZI,290 LT,2024/05-030,65 GÜN,2024-05-02,,
yikama,DMO,2024/238,2024-03-20,DMO 1 NOLU OPERASYONEL SÜREÇLER DAİRE BAŞKANLIĞI,ÇORUM AĞIZ VE DİŞ SAĞLIĞI MERKEZİ,ÇORUM,TSY 290 O,290 LT ÇİFT KAPILI YIKAMA DEZENFEKSİYON KURUTMA CİHAZI,290 LT,2024/05-072,65 GÜN,2024-05-24,,
yikama,YURTDIŞI,2023/324,2024-03-12,AZERBAYCAN,AZERBAYCAN,AZERBAYCAN,GY 290 O,290 LT TEK KAPILI YIKAMA DEZENFEKSİYON KURUTMA CİHAZI,290 LT,2024/05-023,65 GÜN,2024-04-15,,
yikama,YURTDIŞI,2023/325,2024-03-12,AZERBAYCAN,AZERBAYCAN,AZERBAYCAN,GY 290 O,290 LT TEK KAPILI YIKAMA DEZENFEKSİYON KURUTMA CİHAZI,290 LT,2024/05-024,65 GÜN,2024-04-15,,
yikama,DMO,2023/327,2023-09-15,DMO TRABZON BÖLGE MÜDÜRLÜĞÜ,ORDU İL SAĞLIK MÜDÜRLÜĞÜ,ORDU,TSY 290 O,290 LT ÇİFT KAPILI YIKAMA DEZENFEKSİYON KURUTMA CİHAZI,290 LT,2024/05-039,65 GÜN,2024-06-19,,
yikama,DMO,2023/326,2024-04-19,DMO 1 NOLU OPERASYONEL SÜREÇLER DAİRE BAŞKANLIĞI,ANKARA MAMAK AĞIZ VE DİŞ SAĞLIĞI MERKEZİ,ANKARA,TSY 290 O,290 LT ÇİFT KAPILI YIKAMA DEZENFEKSİYON KURUTMA CİHAZI,290 LT,2024/05-038,65 GÜN,2024-06-23,,
yikama,ÖZEL,2023/328,2024-05-02,BİOKAN MEDİKAL,BİOKAN MEDİKAL,KAYSERİ,GY 290 O,290 LT ÇİFT KAPILI YIKAMA DEZENFEKSİYON KURUTMA CİHAZI,290 LT,2024/05-040,65 GÜN,2024-07-06,,
yikama,DMO,2023/320,2024-05-10,DMO İSTANBUL BÖLGE MÜDÜRLÜĞÜ,KOCAELİ DERİNCE AĞIZ VE DİŞ SAĞLIĞI MERKEZİ,İSTANBUL,TSY 290 O,290 LT ÇİFT KAPILI YIKAMA DEZENFEKSİYON KURUTMA CİHAZI,290 LT,2024/05-028,65 GÜN,2024-07-14,,
yikama,ÖZEL,2023/311,2024-04-04,GÖLBAŞI ADSM,GÖLBAŞI ADSM,ANKARA,GY 150,150 LT TEZGAHALTI YIKAMA DEZENFEKSİYON KURUTMA CİHAZI,150 LT,2024/05-035,60 GÜN,2024-06-03,,
yikama,ÖZEL,2024/198,2024-04-05,ANKARA 75. YIL ADSM ,ANKARA 75. YIL ADSM ,ANKARA,GY 150,150 LT TEZGAHALTI YIKAMA DEZENFEKSİYON KURUTMA CİHAZI,150 LT,2024/05-036,65 GÜN,2024-06-04,,
yikama,ÖZEL,2024/199,2024-04-06,ANKARA 75. YIL ADSM ,ANKARA 75. YIL ADSM ,ANKARA,GY 150,150 LT TEZGAHALTI YIKAMA DEZENFEKSİYON KURUTMA CİHAZI,150 LT,2024/05-037,65 GÜN,2024-06-05,,
yikama,ÖZEL,2023/323,2024-07-03,KOSOVA MEDKALPARK HASTANESİ,KOSOVA MEDİKALPARK HASTANESİ,KOSOVA,TSY 290 O,290 LT ÇİFT KAPILI YIKAMA DEZENFEKSİYON KURUTMA CİHAZI,290 LT,2024/05-032,65 GÜN,2024-07-10,,
yikama,DMO,2024/247,2024-07-26,DMO ELEZIĞ BÖLGE  MÜDÜRLÜĞÜ,SİVAS İL SAĞLIK MÜDÜRLÜĞÜ -SİVAS AĞIZ VE DİŞ SAĞLIĞI MERKEZİ,SİVAS,TSY 290 O,290 LT ÇİFT KAPILI YIKAMA DEZENFEKSİYON KURUTMA CİHAZI,290 LT,2024/05-073,60 GÜN,2024-09-24,,
yikama,DMO,2024/270,2024-08-14,DMO MERSİN İRTİBAT BÜROSU,ADANA İL SAĞLIK MÜDÜRLÜĞÜ -KARŞIYAKA DEVLET HASTANESİ,ADANA,TSY 290 O,290 LT ÇİFT KAPILI YIKAMA DEZENFEKSİYON KURUTMA CİHAZI,290 LT,2024/05-074,60 GÜN,2024-10-13,,
yikama,ÖZEL,2024/239,2024-07-05,ADANA 5 OCAK DEVLET HASTANESİ,ADANA 5 OCAK DEVLET HASTANESİ,ADANA,GY 290 O,290 LT ÇİFT KAPILI YIKAMA DEZENFEKSİYON KURUTMA CİHAZI,290 LT,2024/05-101,65 GÜN,2024-09-03,,
yikama,ÖZEL,2023/085,2024-05-16,İZMİR DEMOKRASİ ÜNV.DİŞ HEKİMLİĞİ FAK.,İZMİR DEMOKRASİ ÜNV.DİŞ HEKİMLİĞİ FAK.,İZMİR,GY 360,360 LT ÇİFT KAPILI YIKAMA DEZENFEKSİYON KURUTMA CİHAZI,360 LT,2024/05-001,65 GÜN,2024-07-15,,
yikama,ÖZEL,2023/301,2024-07-22,SAMSUN MEDİKAL GRUP ÖZEL SAĞLIK HİZ.AŞ.,MEDİKALPARK GÖZTEPE HASTANESİ,İSTANBUL,GY 360,360 LT ÇİFT KAPILI YIKAMA DEZENFEKSİYON KURUTMA CİHAZI,360 LT,2024/05-055,65 GÜN,2024-08-09,,
yikama,ÖZEL,2024/243,2024-07-18,SAMSUN MEDİKAL GRUP ÖZEL SAĞLIK HİZ.AŞ.,MEDİKALPARK SAMSUN HASTANESİ,SAMSUN,GY 360,360 LT ÇİFT KAPILI YIKAMA DEZENFEKSİYON KURUTMA CİHAZI,360 LT,2024/05-118,65 GÜN,2024-07-30,,
yikama,ÖZEL,2024/246,2024-07-22,SAMSUN MEDİKAL GRUP ÖZEL SAĞLIK HİZ.AŞ.,MEDİKALPARK GÖZTEPE HASTANESİ,İSTANBUL,GY 360,360 LT ÇİFT KAPILI YIKAMA DEZENFEKSİYON KURUTMA CİHAZI,360 LT,2024/05-119,65 GÜN,2024-08-09,,
yikama,ÖZEL,2024/248,2024-09-21,Eldaş Test ve Kalibrasyon Laboratuvarları,Eldaş Test ve Kalibrasyon Laboratuvarları,ANKARA,GY 360,360 LT ÇİFT KAPILI YIKAMA DEZENFEKSİYON KURUTMA CİHAZI,360 LT,2024/05-056,65 GÜN,2024-08-10,,
yikama,DMO,2024/268,2024-08-07,DMO ESKİŞEHİR BÖLGE MÜDÜRLÜĞÜ,KÜTAHYA SAĞLIK BİLİMLERİ ÜN.STJ GELİŞ.D.B.LIĞI,KÜTAHYA,GY 360,360 LT ÇİFT KAPILI YIKAMA DEZENFEKSİYON KURUTMA CİHAZI,360 LT,2024/05-121,65 GÜN,2024-10-11,,
yikama,İHALE,2024/233,2024-08-09,DERECİK DEVLET HASTANESİ,DERECİK DEVLET HASTANESİ,HAKKARİ,GY 150,150 LT TEZGAHALTI YIKAMA DEZENFEKSİYON KURUTMA CİHAZI,150 LT,2024/05-133,65 GÜN,2024-08-30,,
yikama,DMO,2024/273,2024-08-23,DMO 1 NOLU OPERASYONEL SÜREÇLER DAİRE BAŞKANLIĞI,KONYA KARATAY  AĞIZ VE DİŞ SAĞLIĞI MERKEZİ,KONYA,TSY 290 O,290 LT ÇİFT KAPILI YIKAMA DEZENFEKSİYON KURUTMA CİHAZI,290 LT,2024/05-047,65 GÜN,2024-10-27,,
yikama,DMO,2024/276,2024-09-03,DMO İSTANBUL BÖLGE MÜDÜRLÜĞÜ,İSTANBUL ŞEHİT PROF. DR. İLHAN VARANK EĞİTİM VEARAŞTIRMA HASTANESİ,İSTANBUL,TSY 360,360 LT ÇİFT KAPILI YIKAMA DEZENFEKSİYON KURUTMA CİHAZI,360 LT,2024/05-051,65 GÜN,2024-11-07,,
yikama,DMO,2024/279,2024-09-16,DMO BURSA BÖLGE MÜDÜRLÜĞÜ,BALIKESİR SUSURLUK DEVLET HASTANESİ,BALIKESİR,TSY 290 O,290 LT ÇİFT KAPILI YIKAMA DEZENFEKSİYON KURUTMA CİHAZI,290 LT,2024/05-054,60 GÜN,2024-11-15,,
yikama,ÖZEL,2024/281,2024-09-21,İNNOPAC MEDİKAL SAN. TİC. LTD. ŞTİ.,İNNOPAC MEDİKAL SAN. TİC. LTD. ŞTİ.,İSTANBUL,GY 290 O,290 LT ÇİFT KAPILI YIKAMA DEZENFEKSİYON KURUTMA CİHAZI,290 LT,2024/05-057,65 GÜN,2024-10-21,,
yikama,DMO,2024/290,2024-09-25,DMO GAZİANTEP BÖLGE MÜDÜRLÜĞÜ,OSMANİYE DÜZİÇİ DEVLET HASTANESİ,OSMANİYE,TSY 290 O,290 LT ÇİFT KAPILI YIKAMA DEZENFEKSİYON KURUTMA CİHAZI,290 LT,2024/05-058,65 GÜN,2024-11-29,,
yikama,DMO,2024/291,2024-09-25,DMO İSTANBUL BÖLGE MÜDÜRLÜĞÜ,KOCAELİ DERİNCE AĞIZ VE DİŞ SAĞLIĞI MERKEZİ,İSTANBUL,TSY 290 O,290 LT ÇİFT KAPILI YIKAMA DEZENFEKSİYON KURUTMA CİHAZI,290 LT,2024/05-059,65 GÜN,2024-11-29,,
yikama,DMO,2024/292,2024-09-27,DMO 1 NOLU OPERASYONEL SÜREÇLER DAİRE BAŞKANLIĞI,ANKARA ETİMESGUT AĞIZ VE DİŞ SAĞLIĞI MERKEZİ,ANKARA,TSY 360,360 LT ÇİFT KAPILI YIKAMA DEZENFEKSİYON KURUTMA CİHAZI,360 LT,2024/05-060,66 GÜN,2024-11-30,,
yikama,DMO,2024/294,2024-09-30,DMO GAZİANTEP BÖLGE MÜDÜRLÜĞÜ,OSMANİYE İL SAĞLIK MÜDÜRLÜĞÜ - DÜZİÇİ DEVLET HASTANESİ,OSMANİYE,TSY 290 O,290 LT ÇİFT KAPILI YIKAMA DEZENFEKSİYON KURUTMA CİHAZI,290 LT,2024/05-061,65 GÜN,2024-12-04,,
