DMO-ÖZEL-İHALE-DEMO,SİPARİŞ NO/İŞ EMRİ NO/TEKLİF NO,SİPARİŞ TARİHİ,SİPARİŞİ VEREN/2023,KURULUM YERİ /2023,İL,ÜRÜN MODELİ,ÜRÜN ADI,LİTRE,SERİ NO,TESLİM SÜRESİ,"TESLİM 
TARİHİ",İRSALİYE TARİHİ
ÖZEL,2021/278,2023-09-14,ÖZEL KIZILTEPE SAĞLIK HİZMETLERİ SAN. VE TİC. A.Ş.,ÖZEL KIZILTEPE İPEKYOLU HASTANESİ,MARDİN,STR 5510 D,250 LT ÇİFT KAPILI OTOKAV CİHAZI,250 LT,2023/01-101,,2023-09-21,
YURTDIŞI,2021/388,2023-08-14,IRAK,IRAK,IRAK,STR 4410 S,160 LT TEK KAPILI OTOKLAV CİHAZI,160 LT,2023/01-096,,2023-08-16,
YURTDIŞI,2022/018,2023-07-31,ROMANYA,ROMANYA,ROMANYA,STR 4407 S,120 LT TEK KAPILI OTOKLAV CİHAZI,120 LT,2023/01-089,,2023-09-05,
YURTDIŞI,2022/019,2023-03-20,UKRAYNA,UKRAYNA,UKRAYNA,STR 4407 S,120 LT TEK KAPILI OTOKLAV CİHAZI,120 LT,2023/01-042,SİPARİŞ GELMEDEN DOSYA AÇILDI,2023-04-19,
YURTDIŞI,2022/020,2023-07-31,ROMANYA,ROMANYA,ROMANYA,STR 4407 S,120 LT TEK KAPILI OTOKLAV CİHAZI,120 LT,2023/01-090,,2023-09-05,
YURTDIŞI,2022/022,2023-12-01,PARAGUAY,PARAGUAY,PARAGUAY,GOLDBERG 120 S,120 LT TEK KAPILI OTOKLAV CİHAZI,120 LT,2023/01-043,,2023-12-07,
YURTDIŞI,2022/023,2023-03-20,UKRAYNA,UKRAYNA,UKRAYNA,STR 4407 S,120 LT TEK KAPILI OTOKLAV CİHAZI,120 LT,2023/01-044,SİPARİŞ GELMEDEN DOSYA AÇILDI,2023-04-19,
YURTDIŞI,2022/033,2023-06-07,AZERBEYCAN,AZERBAYCAN,AZERBAYCAN,GOLDBERG 160 S,160 LT TEK KAPILI OTOKLAV CİHAZI,160 LT,2023/01-076,,2023-06-10,
ÖZEL,2022/038,2023-04-07,ZEYTİNBURNU ÖZEL SAĞLIK HİZMETLERİ TİC. LTD. ŞTİ.,ZEYTİNBURNU TIP MERKEZİ,İSTANBUL,GOLDBERG 250 D,250 LT ÇİFT KAPILI OTOKAV CİHAZI,250 LT,2023/01-006,30 GÜN,2023-05-07,
YURTDIŞI,2022/039,2023-02-15,GET SARL,BENİN,BENİN,GOLDBERG 250 D,250 LT ÇİFT KAPILI OTOKAV CİHAZI,250 LT,2023/01-016,,2023-03-07,
YURTDIŞI,2022/113,2023-01-23,LİBYA,LİBYA,LİBYA,GOLDBERG 250 S,250 LT TEK KAPILI OTOKLAV CİHAZI 35X70,250 LT,2023/01-007,,2023-02-09,
YURTDIŞI,2022/115,2023-12-06,ECOME-KAZAKİSTAN,KAZAKİSTAN,KAZAKİSTAN,GOLDBERG 250 S,250 LT TEK KAPILI OTOKLAV CİHAZI 35X70,250 LT,2023/01-130,,2023-12-12,
YURTDIŞI,2022/202,2023-04-06,CASPİAN MEDİKAL SAN. VE TİC. LTD. ŞTİ.,AZERBAYCAN,AZERBAYCAN,GOLDBERG 250 D,250 LT ÇİFT KAPILI OTOKAV CİHAZI,250 LT,2022/01-034,30 GÜN,2023-05-06,
YURTDIŞI,2022/326,2023-03-09,VEST HOSPİTAL MMC - AZERBAYCAN,AZERBAYCAN,AZERBAYCAN,GOLDBERG 422 S,422 LT TEK  KAPILI OTOKLAV CİHAZI,422 LT,2023/01-040,30 GÜN,2023-04-08,
YURTDIŞI,2022/328,2023-02-24,SOLİDA MEDİKAL TIBBİ MALZEME GIDA ÜRÜNLERİ İTH. İHR. TİC. LTD. ŞTİ.,ARNAVUTLUK,ARNAVUTLUK ,GOLDBERG 300 S,300 LT TEK KAPILI OTOKLAV CİHAZI,300 LT,2023/01-032,,2023-03-10,
YURTDIŞI,2022/329,2023-03-22,MISIR (TME),MISIR,MISIR,GOLDBERG 300 S,300 LT TEK KAPILI OTOKLAV CİHAZI,300 LT,2023/01-045,,2023-04-25,
YURTDIŞI,2022/342,2023-02-15,GET SARL,BENİN,BENİN,GOLDBERG 160 D,160 LT ÇİFT KAPILI OTOKLAV CİHAZI,160 LT,2023/01-020,,2023-03-07,
YURTDIŞI,2022/349,2023-07-21,MODERN MEDİKAL,IRAK,IRAK,GOLDBERG 160 S,160 LT TEK KAPILI OTOKLAV CİHAZI,160 LT,2023/01-084,,2023-08-15,
YURTDIŞI,2022/350,2023-07-21,MODERN MEDİKAL,IRAK,IRAK,GOLDBERG 160 S,160 LT TEK KAPILI OTOKLAV CİHAZI,160 LT,2023/01-085,,2023-08-15,
YURTDIŞI,2022/351,2023-07-31,ROMANYA,ROMANYA,ROMANYA,STR 4410 S,160 LT TEK KAPILI OTOKLAV CİHAZI,160 LT,2023/01-091,,2023-09-05,
YURTDIŞI,2022/352,2023-07-31,ROMANYA,ROMANYA,ROMANYA,STR 4410 S,160 LT TEK KAPILI OTOKLAV CİHAZI,160 LT,2023/01-092,,2023-09-05,
YURTDIŞI,2022/354,2023-02-15,GET SARL,BENİN,BENİN,GOLDBERG 250 D,250 LT ÇİFT KAPILI OTOKAV CİHAZI,250 LT,2023/01-017,,2023-03-07,
YURTDIŞI,2022/355,2023-02-15,GET SARL,BENİN,BENİN,GOLDBERG 250 D,250 LT ÇİFT KAPILI OTOKAV CİHAZI,250 LT,2023/01-018,,2023-03-07,
YURTDIŞI,2022/356,2023-02-15,GET SARL,BENİN,BENİN,GOLDBERG 250 D,250 LT ÇİFT KAPILI OTOKAV CİHAZI,250 LT,2023/01-019,,2023-03-07,
YURTDIŞI,2022/357,2023-05-31,CEZAYİR,CEZAYİR,CEZAYİR,GOLDBERG 250 D,250 LT ÇİFT KAPILI OTOKAV CİHAZI,250 LT,2022/01-190,,2022-12-10,
ÖZEL,2022/358,2023-10-05,ORT-HOS SAĞLIK HİZMETLERİ TİC. LTD. ŞTİ.,ÖZEL MEDİSUN HASTANESİ,ANKARA,GOLDBERG 250 D,250 LT ÇİFT KAPILI OTOKAV CİHAZI,250 LT,2023/01-106,,2023-10-16,
DMO,2022/490,2023-01-12,DMO TRABZON BÖLGE MÜDÜRLÜĞÜ,SAMSUN 19 MAYIS ÜNİVERSİTESİ DİŞ HEKİMLİĞİ FAKÜLTESİ,SAMSUN,GOLDBERG 840 D,840 LT ÇİFT KAPILI OTOKLAV CİHAZI,840 LT,2023/01-003,65 GÜN,2023-03-18,
DMO,2022/491,2023-01-26,DMO İSTANBUL BÖLGE MÜDÜRLÜĞÜ,İSTANBUL ÜNİVERSİTESİ İSTANBUL TIP FAKÜLTESİ,İSTANBUL,GOLDBERG 840 D,840 LT ÇİFT KAPILI OTOKLAV CİHAZI,840 LT,2023/01-010,60 GÜN,2023-03-27,
DMO,2022/492,2023-02-23,DMO MERSİN İRTİBAT BÜROSU,NİĞDE İL SAĞLIK MÜDÜRLÜĞÜ (HATAY İÇİN),HATAY,GOLDBERG 840 D,840 LT ÇİFT KAPILI OTOKLAV CİHAZI,840 LT,2023/01-026,60 GÜN,2023-04-24,
REVİZYON,2022/493,2023-02-01,MARDİN NUSAYBİN DEVLET HASTANESİ,MARDİN NUSAYBİN DEVLET HASTANESİ,MARDİN,STR,840 LT ÇİFT KAPILI OTOKLAV CİHAZI,840 LT,REVİZYON (yeni kazan takıldı),,2023-02-28,
DMO,2022/494,2023-03-09,DMO TRABZON BÖLGE MÜDÜRLÜĞÜ,SAMSUN AĞIZ VE DİŞ SAĞLIĞI MERKEZİ,SAMSUN,GOLDBERG 840 D,840 LT ÇİFT KAPILI OTOKLAV CİHAZI,840 LT,2023/01-039,65 GÜN,2023-05-13,
DMO,2022/495,2023-05-12,DMO 1 NOLU OPERASYONEL SÜREÇLER DAİRE BAŞKANLIĞI,KIRIKKALE ÜNİVERSİTESİ DİŞ HEKİMLİĞİ FAKÜLTESİ,KIRIKKALE,ERS 7715 D,840 LT ÇİFT KAPILI OTOKLAV CİHAZI,840 LT,2023/01-070,60 GÜN,2023-07-11,
DMO,2022/496,2023-05-12,DMO DİYARBAKIR İRTİBAT BÜROSU,DİYARBAKIR ÇERMİK DEVLET HASTANESİ,DİYARBAKIR,ERS 7715 D,840 LT ÇİFT KAPILI OTOKLAV CİHAZI,840 LT,2023/01-071,65 GÜN,2023-07-16,
DMO,2022/497,2023-08-09,DMO İSTANBUL BÖLGE MÜDÜRLÜĞÜ,TEKİRDAĞ NAMIK KEMAL ÜNİVERSİTESİ REKTÖRLÜĞÜ,TEKİRDAĞ,GOLDBERG 840 D,840 LT ÇİFT KAPILI OTOKLAV CİHAZI,840 LT,2023/01-095,65 GÜN,2023-10-13,
İHALE,2022/498,2023-06-06,ERCİYES ÜNİVERSİTESİ İDARİ VE MALİ İŞLER BAŞKANLIĞI,ERCİYES ÜNİVERSİTESİ Sağlık Uygulama ve Araştırma Merkezi Müdürlüğü,KAYSERİ,ERS 7715 D,840 LT ÇİFT KAPILI OTOKLAV CİHAZI,840 LT,2023/01-075,,2023-08-10,
DMO,2022/499,2024-02-26,DMO İZMİR BÖLGE MÜDÜRLÜĞÜ,İZMİR ATATÜRK EĞİTİM VE ARAŞTIRMA HASTANESİ,İZMİR,GOLDBERG 840 D,840 LT ÇİFT KAPILI OTOKLAV CİHAZI,840 LT,2023/01-107,65 GÜN,2024-04-26,
DMO,2022/500,2023-10-13,DMO 1 NOLU OPERASYONEL SÜREÇLER DAİRE BAŞKANLIĞI,KONYA AĞIZ VE DİŞ SAĞLIĞI HASTANESİ,KONYA,GOLDBERG 840 D,840 LT ÇİFT KAPILI OTOKLAV CİHAZI,840 LT,2023/01-110,60 GÜN,2023-12-12,
DMO,2023/001,2023-01-26,DMO ERZURUM İRTİBAT BÜROSU,AĞRI İL ÖZEL İDARESİ -TAŞLIÇAY DEVLET HASTANESİ,AĞRI,ERS 6610 D,422 LT ÇİFT KAPILI OTOKLAV CİHAZI,422 LT,2023/01-009,65 GÜN,2023-04-01,
YURTDIŞI,2023/002,2023-02-01,ALYANS MEDİKAL TİC. LTD. ŞTİ.,AZERBAYCAN,AZERBAYCAN,ERS 6610 D,422 LT ÇİFT KAPILI OTOKLAV CİHAZI,422 LT,2023/01-011,,2023-02-28,
ÖZEL,2023/128,2023-02-01,KOL İNŞAAT TİCARET SAN. VE TURİZM LTD. ŞTİ.,AMASYA ÖZEL ATAŞEHİR HASTANESİ,AMASYA,STR 6610 D,422 LT ÇİFT KAPILI OTOKLAV CİHAZI,422 LT,2023/01-057,,2023-03-02,
ÖZEL,2023/004,2023-01-10,EREN TIBBİ CİHAZLAR İTH.İHR. SAN. VE TİC. LTD. ŞTİ.,MERSİN ÖZEL GÖZ HASTANESİ,ADANA,STR 5512 D,300 LT ÇİFT KAPILI OTOKLAV CİHAZI,300 LT,2023/01-002,20 GÜN,2023-01-30,
YURTDIŞI,2023/005,2023-01-18,KIMA HEALT PARTNER - DAKAR,DAKAR SENAGAL,SENAGAL,GOLDBERG 300 D,300 LT ÇİFT KAPILI OTOKLAV CİHAZI,300 LT,2023/01-004,,2023-01-31,
YURTDIŞI,2023/006,2023-01-18,BÜNYAMİN FİLİK,RUANDA,RUANDA,GOLDBERG 300 D,300 LT ÇİFT KAPILI OTOKLAV CİHAZI,300 LT,2023/01-005,,2023-01-31,
DMO,2023/007,2023-02-24,DMO DİYARBAKIR İRTİBAT BÜROSU,ŞIRNAK İL SAĞLIK MÜDÜRLÜĞÜ – ŞIRNAK ADSM,ŞIRNAK,ERS 5512 D,300 LT ÇİFT KAPILI OTOKLAV CİHAZI,300 LT,2023/01-031,60 GÜN,2023-04-25,
YURTDIŞI,2023/008,2023-06-08,KABUL EMN HOSP,AFGANİSTAN,AFGANİSTAN,GOLDBERG 675 D,675 LT ÇİFT KAPILI OTOKLAV CİHAZI,675 LT,2023/01-077,,2023-07-15,
YURTDIŞI,2023/009,2023-07-24,RUSYA,RUSYA,RUSYA,GOLDBERG 675 S,675 LT TEK KAPILI OTOKLAV CİHAZI,675 LT,2023/01-087,,2023-08-23,
YURTDIŞI,2023/010,2023-07-31,ROMANYA,ROMANYA,ROMANYA,STR 7712 D,675 LT ÇİFT KAPILI OTOKLAV CİHAZI,675 LT,2023/01-088,,2023-09-05,
DMO,2023/012,2022-12-26,DMO ESKİŞEHİR BÖLGE MÜDÜRLÜĞÜ,MEHMET AKİF ERSOY ÜNİVERSİTESİ İDARİ VE MALİ İŞLER DAİRESİ BAŞKANLIĞI,BURDUR,GOLDBERG 550 D,550 LT ÇİFT KAPILI OTOKLAV CİHAZI,550 LT,2023/01-001,60 GÜN,2023-02-24,
DMO,2023/014,2023-01-26,DMO ERZURUM İRTİBAT BÜROSU,AĞRI İL ÖZEL İDARESİ -DOĞU BEYAZIT ADSM,AĞRI,ERS 6613 D,550 LT ÇİFT KAPILI OTOKLAV CİHAZI,550 LT,2023/01-008,65 GÜN,2023-04-01,
ÖZEL,2023/015,2022-12-14,ÖZEL DENİPOL HASTANESİ,ÖZEL DENİPOL HASTANESİ,DENİZLİ,GOLDBERG 550 D,550 LT ÇİFT KAPILI OTOKLAV CİHAZI,550 LT,2023/01-013,,,
ÖZEL,2023/016,2022-12-14,ÖZEL DENİPOL HASTANESİ,ÖZEL DENİPOL HASTANESİ,DENİZLİ,GOLDBERG 550 D,550 LT ÇİFT KAPILI OTOKLAV CİHAZI,550 LT,2023/01-014,,,
DMO,2023/017,2023-02-20,DMO BURSA BÖLGE MÜDÜRLÜĞÜ,DÜZCE ATATÜRK DEVLET HASTANESİ,DÜZCE,GOLDBERG 550 D,550 LT ÇİFT KAPILI OTOKLAV CİHAZI,550 LT,2023/01-024,65 GÜN,2023-04-26,
DMO,2023/018,2023-02-23,DMO VAN İRTİBAT BÜROSU,HAKKARİ İL SAĞLIK MÜDÜRLÜĞÜ - YÜKSEKOVA DEVLET HASTANESİ,HAKKARİ,ERS 6613 D,550 LT ÇİFT KAPILI OTOKLAV CİHAZI,550 LT,2023/01-027,65 GÜN,2023-04-29,
DMO,2023/019,2023-02-23,DMO VAN İRTİBAT BÜROSU,HAKKARİ İL SAĞLIK MÜDÜRLÜĞÜ - YÜKSEKOVA DEVLET HASTANESİ,HAKKARİ,ERS 6613 D,550 LT ÇİFT KAPILI OTOKLAV CİHAZI,550 LT,2023/01-028,65 GÜN,2023-04-29,
DMO,2023/020,2023-02-23,DMO MERSİN İRTİBAT BÜROSU,ŞANLIURFA İL SAĞLIK MÜDÜRLÜĞÜ - ŞANLIURFA ADSM,ŞANLIURFA,ERS 6613 D,550 LT ÇİFT KAPILI OTOKLAV CİHAZI,550 LT,2023/01-029,65 GÜN,2023-04-29,
DMO,2023/021,2023-02-23,DMO MERSİN İRTİBAT BÜROSU,ŞANLIURFA İL SAĞLIK MÜDÜRLÜĞÜ - ŞANLIURFA ADSM,ŞANLIURFA,ERS 6613 D,550 LT ÇİFT KAPILI OTOKLAV CİHAZI,550 LT,2023/01-030,65 GÜN,2023-04-29,
REVİZYON,2023/093,2023-02-01,AKSARAY EĞİTİM VE ARAŞTIRMA HASTANESİ,AKSARAY EĞİTİM VE ARAŞTIRMA HASTANESİ,AKSARAY,STR,840 LT ÇİFT KAPILI OTOKLAV CİHAZI,840 LT,REVİZYON,,2023-02-28,
REVİZYON,2023/095,2023-02-01,HATAY KIRIKHAN DEVLET HASTANESİ,HATAY KIRIKHAN DEVLET HASTANESİ,HATAY,STR,550 LT ÇİFT KAPILI OTOKLAV CİHAZI,550 LT,REVİZYON,,2023-02-28,
REVİZYON,2023/096,2023-02-01,MALATYA EĞİTİM VE ARAŞTIRMA HASTANESİ,MALATYA EĞİTİM VE ARAŞTIRMA HASTANESİ,MALATYA,STR,550 LT ÇİFT KAPILI OTOKLAV CİHAZI,550 LT,REVİZYON (yeni kazan takıldı),,2023-02-28,
ÖZEL,2023/129,2023-02-01,KOL İNŞAAT TİCARET SAN. VE TURİZM LTD. ŞTİ.,AMASYA ÖZEL ATAŞEHİR HASTANESİ,AMASYA,STR 6610 D,422 LT ÇİFT KAPILI OTOKLAV CİHAZI,422 LT,2023/01-058,,2023-05-06,
YURTDIŞI,2023/103,2023-02-15,GET SARL,BENİN,BENİN,GOLDBERG 160 D,160 LT ÇİFT KAPILI OTOKLAV CİHAZI,160 LT,2023/01-021,,2023-03-07,
YURTDIŞI,2023/104,2023-02-15,GET SARL,BENİN,BENİN,GOLDBERG 160 D,160 LT ÇİFT KAPILI OTOKLAV CİHAZI,160 LT,2023/01-022,,2023-03-07,
YURTDIŞI,2023/105,2023-02-15,GET SARL,BENİN,BENİN,GOLDBERG 160 D,160 LT ÇİFT KAPILI OTOKLAV CİHAZI,160 LT,2023/01-023,,2023-03-07,
YURTDIŞI,2023/107,2023-04-06,ALTHIQALAYN HOSPİTAL,IRAK,IRAK,GOLDBERG 422 D,422 LT ÇİFT KAPILI OTOKLAV CİHAZI,422 LT,2023/01-055,90 GÜN,2023-07-05,
YURTDIŞI,2023/109,2023-02-23,ROMANYA,ROMANYA,ROMANYA,STR 75 V,75 LT DİK TİP OTOKLAV CİHAZI VAKUMLU,75 LT,2023/01-025,,2023-02-15,
DMO,2023/110,2023-02-28,DMO MERSİN İRTİBAT BÜROSU,HATAY DÖRTYOL KONTEYNER HASTANESİ(NİĞDE BOR D.H.),HATAY,GOLDBERG 550 D,550 LT ÇİFT KAPILI OTOKLAV CİHAZI,550 LT,2023/01-033,65 GÜN,2023-05-04,
DMO,2023/111,2023-02-27,DMO 1 NOLU OPERASYONEL SÜREÇLER DAİRE BAŞKANLIĞI,ANKARA AKYURT DEVLET HASTANESİ,ANKARA,ERS 6610 D,422 LT ÇİFT KAPILI OTOKLAV CİHAZI,422 LT,2023/01-034,65 GÜN,2023-05-03,
DMO,2023/113,2023-03-03,DMO MERSİN İRTİBAT BÜROSU,HATAY DEFNE KONTEYNER HASTANESİ (NİĞDE BOR DEVLET HASTANESİ),HATAY,ERS 5512 D,300 LT ÇİFT KAPILI OTOKLAV CİHAZI,300 LT,2023/01-035,60 GÜN,2023-03-15,
DMO,2023/114,2023-03-08,DMO MERSİN İRTİBAT BÜROSU,HATAY DEPREM BÖLGESİ DEPO (NİĞDE BOR DEVLET HASTANESİ),HATAY,ERS 5512 D,300 LT ÇİFT KAPILI OTOKLAV CİHAZI,300 LT,2023/01-036,65 GÜN,2023-05-12,
DMO,2023/115,2023-03-08,DMO MERSİN İRTİBAT BÜROSU,HATAY DEPREM BÖLGESİ DEPO (NİĞDE BOR DEVLET HASTANESİ),HATAY,ERS 5512 D,300 LT ÇİFT KAPILI OTOKLAV CİHAZI,300 LT,2023/01-037,65 GÜN,2023-05-12,
DMO,2023/116,2023-03-08,DMO MERSİN İRTİBAT BÜROSU,HATAY DEPREM BÖLGESİ DEPO (NİĞDE EĞİTİM VE ARAŞTIMA HASTANESİ),NİĞDE,ERS 5512 D,300 LT ÇİFT KAPILI OTOKLAV CİHAZI,300 LT,2023/01-038,65 GÜN,2023-05-12,NOT: DEPREM BÖLGESİ İÇİN SİPARİŞ VERİLDİ NİĞDEYE KURULMUŞ.
YURTDIŞI,2023/118,2023-04-06,ALTHIQALAYN HOSPİTAL,IRAK,IRAK,GOLDBERG 422 D,422 LT ÇİFT KAPILI OTOKLAV CİHAZI,422 LT,2023/01-056,90 GÜN,2023-07-05,
YURTDIŞI,2023/119,2023-06-20,CEZAYİR,CEZAYİR,CEZAYİR,GOLDBERG 250 D,250 LT ÇİFT KAPILI OTOKAV CİHAZI,250 LT,2023/01-080,,2023-06-05,
YURTDIŞI,2023/120,2023-12-06,LİBYA,LİBYA,LİBYA,GOLDBERG 250 D,250 LT ÇİFT KAPILI OTOKAV CİHAZI,250 LT,2023/01-129,,2023-12-12,
YURTDIŞI,2023/121,2023-09-13,FAS,FAS,FAS,GOLDBERG 250 D,250 LT ÇİFT KAPILI OTOKAV CİHAZI,250 LT,2023/01-100,,2023-09-22,
YURTDIŞI,2023/122,2023-11-15,ROMANYA,ROMANYA,ROMANYA,STR 5510 D,250 LT ÇİFT KAPILI OTOKAV CİHAZI,250 LT,2023/01-124,,2023-11-20,
2024 YILINA AKTARILDI,2023/123,2023-04-14,2024 YILINA AKTARILDI,2024 YILINA AKTARILDI,2024 YILINA AKTARILDI,ERS 6613 D,550 LT ÇİFT KAPILI OTOKLAV CİHAZI,550 LT,2023/01-060,2024 YILINDA MARMARİS DEVLET HASTANESİNDE,2023-06-18,
2024 YILINA AKTARILDI,2023/124,2023-04-14,2024 YILINA AKTARILDI,2024 YILINA AKTARILDI,2024 YILINA AKTARILDI,ERS 6613 D,550 LT ÇİFT KAPILI OTOKLAV CİHAZI,550 LT,2023/01-061,2024 YILINDA BALIKESİR EDREMİTE GÖNDERİLDİ.,,
ÖZEL,2023/125,2023-04-15,ÖZEL EGEKENT HASTANESİ,ÖZEL EGEKENT HASTANESİ,DENİZLİ,STR 6613 D,550 LT ÇİFT KAPILI OTOKLAV CİHAZI,550 LT,2023/01-062,,2023-05-30,
DMO,2023/126,2023-03-16,DMO TRABZON BÖLGE MÜDÜRLÜĞÜ,ARTVİN AĞIZ VE DİŞ SAĞLIĞI MERKEZİ,ARTVİN,ERS 5512 D,300 LT ÇİFT KAPILI OTOKLAV CİHAZI,300 LT,2023/01-041,65 GÜN,2023-05-20,
YURTDIŞI,2023/127,2023-03-22,MISIR (TME),MISIR,MISIR,GOLDBERG 300 S,300 LT TEK KAPILI OTOKLAV CİHAZI,300 LT,2023/01-048,,2023-04-25,
YURTDIŞI,2023/102,2023-04-06,CASPİAN MEDİKAL SAN. VE TİC. LTD. ŞTİ.,AZERBAYCAN,AZERBAYCAN,GOLDBERG 422 D,422 LT ÇİFT KAPILI OTOKLAV CİHAZI,422 LT,2023/01-015,30 GÜN,2023-05-06,
YURTDIŞI,2023/003,2023-04-06,CASPİAN MEDİKAL SAN. VE TİC. LTD. ŞTİ.,AZERBAYCAN,AZERBAYCAN,GOLDBERG 422 D,422 LT ÇİFT KAPILI OTOKLAV CİHAZI,422 LT,2023/01-012,30 GÜN,2023-05-06,
ÖZEL,2023/130,2023-05-16,HALKBANK FİNANSAL KİRALAMA A.Ş.,ÇAKIRTEPE SAĞLIK HİZMETLERİ VE TURİZM TİC. LTD. ŞTİ. (ÖZEL ÇAKIRTEPE HASTANESİ ÜNYE),ORDU,STR 6610,422 LT ÇİFT KAPILI OTOKLAV CİHAZI,422 LT,2023/01-073,60 GÜN,2023-07-15,
YURTDIŞI,2023/131,2023-09-13,FAS,FAS,FAS,GOLDBERG 422 D,422 LT ÇİFT KAPILI OTOKLAV CİHAZI,422 LT,2023/01-099,,2023-09-22,
YURTDIŞI,2023/132,2023-03-22,MISIR (TME),MISIR,MISIR,GOLDBERG 422 S,422 LT TEK  KAPILI OTOKLAV CİHAZI,422 LT,2023/01-046,,2023-04-25,
YURTDIŞI,2023/133,2023-03-22,MISIR (TME),MISIR,MISIR,GOLDBERG 422 S,422 LT TEK  KAPILI OTOKLAV CİHAZI,422 LT,2023/01-047,,2023-04-25,
YURTDIŞI,2023/134,2023-03-22,MISIR (TME),MISIR,MISIR,GOLDBERG 75 V,75 LT DİK TİP OTOKLAV CİHAZI VAKUMLU,75 LT,2023/01-049,,2023-04-25,
YURTDIŞI,2023/135,2023-03-22,MISIR (TME),MISIR,MISIR,GOLDBERG 75 V,75 LT DİK TİP OTOKLAV CİHAZI VAKUMLU,75 LT,2023/01-050,,2023-04-25,
YURTDIŞI,2023/136,2023-03-22,MISIR (TME),MISIR,MISIR,GOLDBERG 75 V,75 LT DİK TİP OTOKLAV CİHAZI VAKUMLU,75 LT,2023/01-051,,2023-04-25,
YURTDIŞI,2023/137,2023-03-22,MISIR (TME),MISIR,MISIR,GOLDBERG 75 V,75 LT DİK TİP OTOKLAV CİHAZI VAKUMLU,75 LT,2023/01-052,,2023-04-25,
YURTDIŞI,2023/138,2023-03-22,MISIR (TME),MISIR,MISIR,GOLDBERG 75 V,75 LT DİK TİP OTOKLAV CİHAZI VAKUMLU,75 LT,2023/01-053,,2023-04-25,
YURTDIŞI,2023/139,2023-03-31,ROMANYA -NİCU,ROMANYA,ROMANYA,STR 5512 D,300 LT ÇİFT KAPILI OTOKLAV CİHAZI,300 LT,2023/01-054,,2023-04-24,
YURTDIŞI,2023/142,2023-04-06,ALTHIQALAYN HOSPİTAL,IRAK,IRAK,GOLDBERG 300 D,300 LT ÇİFT KAPILI OTOKLAV CİHAZI,300 LT,2023/01-059,90 GÜN,2023-07-05,
DMO,2023/148,2023-05-11,DMO TRABZON BÖLGE MÜDÜRLÜĞÜ,MERZİFON AĞIZ VE DİŞ SAĞLIĞI MERKEZİ,AMASYA,ERS 6610 D,422 LT ÇİFT  KAPILI OTOKLAV CİHAZI,422 LT,2023/01-067,60 GÜN,2023-07-10,
YURTDIŞI,2023/149,2023-09-06,CEZAYİR,CEZAYİR,CEZAYİR,GOLDBERG 422 D,422 LT ÇİFT  KAPILI OTOKLAV CİHAZI,422 LT,2023/01-098,,2023-09-26,
DMO,2023/150,2023-09-14,DMO BURSA BÖLGE MÜDÜRLÜĞÜ,KARABÜK AĞIZ VE DİŞ SAĞLIĞI HASTANESİ,KARABÜK,ERS 6610 D,422 LT ÇİFT  KAPILI OTOKLAV CİHAZI,422 LT,2023/01-102,60 GÜN,2023-11-13,
DMO,2023/151,2023-09-28,DMO DİYARBAKIR İRTİBAT BÜROSU,BATMAN ÜNİVERSİTESİ REKTÖRLÜĞÜ (DİŞ HEKİMLİĞİ FAK),BATMAN,ERS 6610 D,422 LT ÇİFT  KAPILI OTOKLAV CİHAZI,422 LT,2023/01-105,65 GÜN,2023-12-02,
DMO,2023/152,2023-05-16,DMO DİYARBAKIR İRTİBAT BÜROSU,DİYARBAKIR İL SAĞLIK MÜDÜRLÜĞÜ (ERGANİ ADSM),DİYARBAKIR,ERS 5512 D,300 LT ÇİFT  KAPILI OTOKLAV CİHAZI,300 LT,2023/01-072,65 GÜN,2023-07-20,
YURTDIŞI,2023/153,2023-04-19,NİCU-ROMANYA,ROMANYA,ROMANYA,STR 5512 D,300 LT ÇİFT  KAPILI OTOKLAV CİHAZI,300 LT,2023/01-078,,2023-07-20,
DMO,2023/154,2023-10-17,DMO İZMİR BÖLGE MÜDÜRLÜĞÜ,MUĞLA SITKI KOCAMAN ÜNİVERSİTESİ DİŞ HEKİMLİĞİ UYGULAMA VE ARAŞTIRMA MERKEZİ,MUĞLA,ERS 5512 D,300 LT ÇİFT  KAPILI OTOKLAV CİHAZI,300 LT,2023/01-097,60 GÜN,2023-12-16,
DMO,2023/156,2023-10-19,DMO İZMİR BÖLGE MÜDÜRLÜĞÜ,AYDIN NAZİLLİ AĞIZ VE DİŞ SAĞLIĞI MERKEZİ,AYDIN,ERS 6610 D,422 LT ÇİFT  KAPILI OTOKLAV CİHAZI,422 LT,2023/01-116,65 GÜN,2023-12-23,
DMO,2023/157,2023-10-19,DMO İZMİR BÖLGE MÜDÜRLÜĞÜ,AYDIN NAZİLLİ AĞIZ VE DİŞ SAĞLIĞI MERKEZİ,AYDIN,ERS 6610 D,422 LT ÇİFT  KAPILI OTOKLAV CİHAZI,422 LT,2023/01-117,65 GÜN,2023-12-23,
YURTDIŞI,2023/158,2023-04-19,AZERBEYCAN,AZERBAYCAN,AZERBAYCAN,GOLDBERG 422 D,422 LT ÇİFT  KAPILI OTOKLAV CİHAZI,422 LT,2023/01-119,,2023-12-10,
DMO,2023/170,2023-05-02,DMO ESKİŞEHİR BÖLGE MÜDÜRLÜĞÜ,ANTALYA BİLİM ÜNİVERSİTESİ,ANTALYA,ERS 6613 D,550 LT ÇİFT KAPILI OTOKLAV CİHAZI,550 LT,2023/01-063,65 GÜN,2023-07-06,
DMO,2023/172,2023-05-02,DMO İSTANBUL BÖLGE MÜDÜRLÜĞÜ,SANCAKTEPE PROF. DR. İLHAN VARANK EĞİTİM VE ARAŞTIRMA HASTANESİ (ÇEKMEKÖY),İSTANBUL,GOLDBERG 550 D,550 LT ÇİFT KAPILI OTOKLAV CİHAZI,550 LT,2023/01-064,60 GÜN,2023-07-01,
ÖZEL,2023/184,2023-05-10,BİOKAN SAĞLIK ÜRÜNLERİ SAN. VE TİC. LTD. ŞTİ.,KAYSERİ ÖZEL HÜMA HASTANESİ,KAYSERİ,GOLDBERG 550 D,550 LT ÇİFT KAPILI OTOKLAV CİHAZI,550 LT,2023/01-065,,2023-05-12,
ÖZEL,2023/186,2023-05-10,MLP SAĞLIK HİZMETLERİ A.Ş.,MEDİKALPARK ORDU DEVLET HASTANESİ,ORDU,STR 6613 D,550 LT ÇİFT KAPILI OTOKLAV CİHAZI,550 LT,2023/01-066,60 GÜN,2023-07-09,
YURTDIŞI,2023/187,2023-05-10,CEZAYİR,CEZAYİR,CEZAYİR,GOLDBERG 550 D,550 LT ÇİFT KAPILI OTOKLAV CİHAZI,550 LT,2023/01-068,,2023-06-10,
YURTDIŞI,2023/188,2023-05-10,CEZAYİR,CEZAYİR,CEZAYİR,GOLDBERG 550 D,550 LT ÇİFT KAPILI OTOKLAV CİHAZI,550 LT,2023/01-069,,2023-06-10,
YURTDIŞI,2023/195,2023-02-25,LÜBNAN,LÜBNAN,LÜBNAN,GOLDBERG 550 D,550 LT ÇİFT KAPILI OTOKLAV CİHAZI,550 LT,2023/01-074,,2023-06-23,
DMO,2023/196,2023-07-06,DMO İSTANBUL BÖLGE MÜDÜRLÜĞÜ,BAŞAKŞEHİR AĞIZ VE DİŞ SAĞLIĞI MERKEZİ,İSTANBUL,GOLDBERG 550 D,550 LT ÇİFT KAPILI OTOKLAV CİHAZI,550 LT,2023/01-081,65 GÜN,2023-09-09,
ÖZEL,2023/197,2023-06-19,DEMİROĞULLARI SAĞLIK HİZMETLERİ TURİZM TEKSTİL TEMİZLİK TİC.VE SAN LTD.ŞTİ,ÖZEL ÇAĞSU HASTANESİ,BOLU,STR 6613 D,550 LT ÇİFT KAPILI OTOKLAV CİHAZI,550 LT,2023/01-079,,2023-07-14,
YURTDIŞI,2023/202,2023-07-31,ROMANYA,ROMANYA,ROMANYA,STR 75 V,75 LT DİK TİP OTOKLAV CİHAZI VAKUMLU,75 LT,2023/01-093,,2023-09-05,
ÖZEL,2023/252,2023-07-17,ÇELİK İNŞAAT EMLAK TAAHÜT TİC. LTD. ŞTİ,İNÖNÜ ÜNİVERSİTESİ DİŞ HEKİMLİĞİ FAKÜLTESİ HASTANESİ,MALATYA,GOLDBERG 550 D,550 LT ÇİFT KAPILI OTOKLAV CİHAZI,550 LT,2023/01-082,,2023-08-31,
ÖZEL,2023/254,2023-07-17,ÇELİK İNŞAAT EMLAK TAAHÜT TİC. LTD. ŞTİ,İNÖNÜ ÜNİVERSİTESİ DİŞ HEKİMLİĞİ FAKÜLTESİ HASTANESİ,MALATYA,GOLDBERG 550 D,550 LT ÇİFT KAPILI OTOKLAV CİHAZI,550 LT,2023/01-083,,2023-08-31,
İHALE,2023/255,2023-07-24,TARIM VE ORMAN BAKANLIĞI GIDA VE KONTROL GENEL MÜDÜRLÜĞÜ VETERİNER KONTROL MERKEZ ARAŞTIRMA ENSTİTÜSÜ,VETERİNER KONTROL MERKEZ ARAŞTIRMA ENSTİTÜSÜ MÜDÜRLÜĞÜ,ANKARA,STR 2000 S,2000 LT TEK KAPILI OTOKLAV CİHAZI,2000 LT,2023/01-086,,2023-08-23,
YURTDIŞI,2023/257,2023-08-02,ROMANYA,ROMANYA,ROMANYA,GOLDBERG 550 D,550 LT ÇİFT KAPILI OTOKLAV CİHAZI,550 LT,2023/01-094,,2023-09-05,
DMO,2023/261,2023-10-24,DMO BURSA BÖLGE MÜDÜRLÜĞÜ,BALIKESİR DEVLET HASTANESİ,BALIKESİR,GOLDBERG 550 D,550 LT ÇİFT KAPILI OTOKLAV CİHAZI,550 LT,2023/01-118,65 GÜN,2023-12-28,
DMO,2023/262,2023-09-27,DMO MERSİN İRTİBAT BÜROSU,KARAMAN DEVLET HASTANESİ,KARAMAN,GOLDBERG 550 D,550 LT ÇİFT KAPILI OTOKLAV CİHAZI,550 LT,2023/01-104,60 GÜN,2023-11-26,
DMO,2023/263,2023-10-06,DMO MERSİN İRTİBAT BÜROSU,KARAMAN DEVLET HASTANESİ,KARAMAN,GOLDBERG 550 D,550 LT ÇİFT KAPILI OTOKLAV CİHAZI,550 LT,2023/01-108,60 GÜN,2023-12-05,
DMO,2023/264,2023-10-11,DMO MERSİN İRTİBAT BÜROSU,KARAMANOĞLU MEHMETBEY ÜNİVERSİTESİ İDARİ VE MALİ İŞLER DAİRE BAŞKANLIĞI,KARAMAN,ERS 6613 D,550 LT ÇİFT KAPILI OTOKLAV CİHAZI,550 LT,2023/01-109,60 GÜN,2023-12-10,
2024 YILINA AKTARILDI,2023/265,2023-10-16,2024 YILINA AKTARILDI,2024 YILINA AKTARILDI,,ERS 6613 D,550 LT ÇİFT KAPILI OTOKLAV CİHAZI,550 LT,2023/01-111,2024 YILINDA DİYARBAKIR GAZİ YAŞARGİLE GÖNDERİLDİ.,,
YURTDIŞI,2023/266,2023-10-18,LLC MK BIO,RUSYA,RUSYA,GOLDBERG 550 D,550 LT ÇİFT KAPILI OTOKLAV CİHAZI,550 LT,2023/01-114,,2023-11-30,
YURTDIŞI,2023/267,2023-08-18,LLC MK BIO,RUSYA,RUSYA,GOLDBERG 550 D,550 LT ÇİFT KAPILI OTOKLAV CİHAZI,550 LT,2023/01-115,,2023-11-30,
DMO,2023/268,2023-11-02,DMO BURSA BÖLGE MÜDÜRLÜĞÜ,BALIKESİR SUSURLUK DEVLET HASTANESİ,BALIKESİR,ERS 6613 D,550 LT ÇİFT KAPILI OTOKLAV CİHAZI,550 LT,2023/01-121,60 GÜN,2024-01-01,
DMO,2023/347,2024-02-26,DMO İZMİR BÖLGE MÜDÜRLÜĞÜ,İZMİR ATATÜRK EĞİTİM VE ARAŞTIRMA HASTANESİ,İZMİR,GOLDBERG 840 D,840 LT ÇİFT KAPILI OTOKLAV CİHAZI,840 LT,2023/01-113,65 GÜN,2024-05-01,
YURTDIŞI,2023/348,2023-10-26,AZERBEYCAN,AZERBAYCAN,AZERBAYCAN,GOLDBERG 300 D,300 LT ÇİFT  KAPILI OTOKLAV CİHAZI,300 LT,2023/01-120,,2023-12-10,
DMO,2023/350,2023-11-10,DMO MERSİN İRTİBAT BÜROSU,ADANA ÇUKUROVA ÜNİVERSİTESİ HASTANESİ,ADANA,GOLDBERG 840 D,840 LT ÇİFT KAPILI OTOKLAV CİHAZI,840 LT,2023/01-125,60 GÜN,2024-01-09,
DMO,2023/349,2023-10-18,DMO MERSİN İRTİBAT BÜROSU,NİĞDE BOR DEVLET HASTANESİ,NİĞDE,ERS 7715 D,840 LT ÇİFT KAPILI OTOKLAV CİHAZI,840 LT,2023/01-122,65 GÜN,2023-12-22,
DMO,2023/351,2023-10-06,DMO 1 NOLU OPERASYONEL SÜREÇLER DAİRE BAŞKANLIĞI,KONYA BEYHEKİM EĞİTİM VE ARAŞTIRMA HASTANESİ,KONYA,ERS 7715 D,840 LT ÇİFT KAPILI OTOKLAV CİHAZI,840 LT,2023/01-126,60 GÜN,2023-12-05,
DMO,2023/352,2023-10-13,DMO MERSİN İRTİBAT BÜROSU,NİĞDE ÖMER HALİSDEMİR ÜNİVERSİTESİ EĞİTİM VE ARAŞTIRMA HASTANESİ,NİĞDE,ERS 7715 D,840 LT ÇİFT KAPILI OTOKLAV CİHAZI,840 LT,2023/01-131,65 GÜN,2023-12-17,
2024 YILANA AKTARILDI,2023/353,2023-10-26,2024 YILANA AKTARILDI,2024 YILANA AKTARILDI,,,550 LT ÇİFT KAPILI OTOKLAV CİHAZI,550 LT,,,,
2024 YILANA AKTARILDI,2023/354,2023-12-26,2024 YILANA AKTARILDI,2024 YILANA AKTARILDI,2024 YILANA AKTARILDI,,550 LT ÇİFT KAPILI OTOKLAV CİHAZI,550 LT,,,,
2024 YILANA AKTARILDI,2023/355,2023-10-26,2024 YILANA AKTARILDI,2024 YILANA AKTARILDI,2024 YILANA AKTARILDI,,550 LT ÇİFT KAPILI OTOKLAV CİHAZI,550 LT,,,,
2024 YILINA AKTARILDI,2023/360,2023-11-01,2024 YILINA AKTARILDI,2024 YILINA AKTARILDI,,,675 LT ÇİFT KAPILI OTOKLAV CİHAZI,675 LT,,,,
2024 YILINA AKTARILDI,2023/361,2023-11-01,2024 YILINA AKTARILDI,2024 YILINA AKTARILDI,,,675 LT ÇİFT KAPILI OTOKLAV CİHAZI,675 LT,,,,
2024 YILINA AKTARILDI,2023/362,2023-11-01,2024 YILINA AKTARILDI,2024 YILINA AKTARILDI,,,675 LT ÇİFT KAPILI OTOKLAV CİHAZI,675 LT,,,,
2024 YILINA AKTARILDI,2023/363,2023-11-01,2024 YILINA AKTARILDI,2024 YILINA AKTARILDI,,,675 LT ÇİFT KAPILI OTOKLAV CİHAZI,675 LT,,,,
2024 YILINA AKTARILDI,2023/364,2023-11-01,2024 YILINA AKTARILDI,2024 YILINA AKTARILDI,,,675 LT ÇİFT KAPILI OTOKLAV CİHAZI,675 LT,,,,
DMO,2023/155,2023-12-01,DMO VAN İRTİBAT BÜROSU,VAN İL SAĞLIK MÜDÜRLÜĞÜ - BAHÇESARAY İLÇE DEVLET HASTANESİ,VAN,ERS 5512 D,300 LT ÇİFT  KAPILI OTOKLAV CİHAZI,300 LT,2023/01-112,60 GÜN,2024-01-30,
STOK,2023/366,2023-12-13,STOK,STOK,,,300 LT ÇİFT  KAPILI OTOKLAV CİHAZI,300 LT,2023/01-103,2024 YILINDA GÖLBAŞINA GÖNDERİLDİ.,,
DMO,2023/367,2023-12-13,DMO MERSİN İRTİBAT BÜROSU,MERSİN /TARSUS AÇIK CEZA İNFAZ KURUM MÜDÜRLÜĞÜ,MERSİN,ERS 5512 D,300 LT ÇİFT  KAPILI OTOKLAV CİHAZI,300 LT,2023/01-135,65,2024-02-16,
DMO,2023/368,2023-12-13,DMO MERSİN İRTİBAT BÜROSU,MERSİN /TARSUS AÇIK CEZA İNFAZ KURUM MÜDÜRLÜĞÜ,MERSİN,ERS 5512 D,300 LT ÇİFT  KAPILI OTOKLAV CİHAZI,300 LT,2023/01-136,65,2024-02-16,
2024 YILINA AKTARILDI,2023/382,2023-11-02,2024 YILINA AKTARILDI,2024 YILINA AKTARILDI,,,675 LT ÇİFT KAPILI OTOKLAV CİHAZI,675 LT,,,,
2024 YILANA AKTARILDI,2023/386,2023-11-02,2024 YILANA AKTARILDI,2024 YILANA AKTARILDI,2024 YILANA AKTARILDI,,550 LT ÇİFT KAPILI OTOKLAV CİHAZI,550 LT,,,,
2024 YILANA AKTARILDI,2023/402,2023-11-15,2024 YILANA AKTARILDI,2024 YILANA AKTARILDI,,,550 LT ÇİFT KAPILI OTOKLAV CİHAZI,550 LT,,,,
2024 YILANA AKTARILDI,2023/403,2023-11-15,2024 YILANA AKTARILDI,2024 YILANA AKTARILDI,,,550 LT ÇİFT KAPILI OTOKLAV CİHAZI,550 LT,,,,
2024 YILANA AKTARILDI,2023/404,2023-11-15,2024 YILANA AKTARILDI,2024 YILANA AKTARILDI,,,550 LT ÇİFT KAPILI OTOKLAV CİHAZI,550 LT,,,,
2024 YILANA AKTARILDI,2023/405,2023-11-15,2024 YILANA AKTARILDI,2024 YILANA AKTARILDI,,,550 LT ÇİFT KAPILI OTOKLAV CİHAZI,550 LT,,,,
2024 YILANA AKTARILDI,2023/406,2023-11-15,2024 YILANA AKTARILDI,2024 YILANA AKTARILDI,,,550 LT ÇİFT KAPILI OTOKLAV CİHAZI,550 LT,,,,
2024 YILANA AKTARILDI,2023/407,2023-11-15,2024 YILANA AKTARILDI,2024 YILANA AKTARILDI,,,550 LT ÇİFT KAPILI OTOKLAV CİHAZI,550 LT,,,,
2024 YILANA AKTARILDI,2023/408,2023-11-15,2024 YILANA AKTARILDI,2024 YILANA AKTARILDI,,,550 LT ÇİFT KAPILI OTOKLAV CİHAZI,550 LT,,,,
2024 YILANA AKTARILDI,2023/409,2023-11-15,2024 YILANA AKTARILDI,2024 YILANA AKTARILDI,,,550 LT ÇİFT KAPILI OTOKLAV CİHAZI,550 LT,,,,
2024 YILANA AKTARILDI,2023/410,2023-11-15,2024 YILANA AKTARILDI,2024 YILANA AKTARILDI,,,550 LT ÇİFT KAPILI OTOKLAV CİHAZI,550 LT,,,,
2024 YILANA AKTARILDI,2023/411,2023-11-15,2024 YILANA AKTARILDI,2024 YILANA AKTARILDI,,,550 LT ÇİFT KAPILI OTOKLAV CİHAZI,550 LT,,,,
2024 YILANA AKTARILDI,2023/412,2023-11-15,2024 YILANA AKTARILDI,2024 YILANA AKTARILDI,,,550 LT ÇİFT KAPILI OTOKLAV CİHAZI,550 LT,,,,
2024 YILANA AKTARILDI,2023/413,2023-11-15,2024 YILANA AKTARILDI,2024 YILANA AKTARILDI,,,550 LT ÇİFT KAPILI OTOKLAV CİHAZI,550 LT,,,,
2024 YILANA AKTARILDI,2023/414,2023-11-15,2024 YILANA AKTARILDI,2024 YILANA AKTARILDI,,,550 LT ÇİFT KAPILI OTOKLAV CİHAZI,550 LT,,,,
2024 YILANA AKTARILDI,2023/415,2023-11-15,2024 YILANA AKTARILDI,2024 YILANA AKTARILDI,,,550 LT ÇİFT KAPILI OTOKLAV CİHAZI,550 LT,,,,
ÖZEL,2023/159,2023-11-21,ÖZEL SANCAKTEPE HASTANESİ,ÖZEL SANCAKTEPE HASTANESİ,İSTANBUL,STR 6610 D,422 LT ÇİFT KAPILI OTOKLAV CİHAZI,422 LT,2023/01-123,20 GÜN,2023-12-11,
DMO,2023/423,2023-12-04,DMO İZMİR BÖLGE MÜDÜRLÜĞÜ,İZMİR İL SAĞLIK MÜDÜRLÜĞÜ - BERGAMA ADSM,İZMİR,ERS 6610 D,422 LT ÇİFT KAPILI OTOKLAV CİHAZI,422 LT,2023/01-128,65 GÜN,2024-02-07,
DMO,2023/433,2023-10-13,DMO MERSİN İRTİBAT BÜROSU,NİĞDE ÖMER HALİSDEMİR ÜNİVERSİTESİ EĞİTİM VE ARAŞTIRMA HASTANESİ,NİĞDE,ERS 7715 D,840 LT ÇİFT KAPILI OTOKLAV CİHAZI,840 LT,2023/01-132,65 GÜN,2023-12-17,
DMO,2023/331,2023-12-11,DMO MERSİN İRTİBAT BÜROSU,NEVŞEHİR İL SAĞLIK MÜDÜRLÜĞÜ (KOZAKLI DEVLET HASTANESİ),NEVŞEHİR,ERS 6610 D,422 LT ÇİFT KAPILI OTOKLAV CİHAZI,422 LT,2023/01-133,65 GÜN,2024-02-14,
ÖZEL,2023/434,2023-12-12,ALTINKOZA ARŞ. GLŞ. DEĞ. ÖZEL SAĞ. HİZ. MED. TİC. A.Ş.,ÖZEL ALTINKOZA HASTANESİ,ADANA,GOLDBERG 422 D,422 LT ÇİFT KAPILI OTOKLAV CİHAZI,422 LT,2023/01-134,,2024-12-29,
DMO,2023/435,2023-12-15,DMO  BURSA BÖLGE MÜDÜRLÜĞÜ,ÇANAKKALE 18 MART ÜNİVERSİTESİ EĞİTİM VE UYGULAMA HASTANESİ MÜDÜRLÜĞÜ,ÇANAKKALE,GOLDBERG 840 D,840 LT ÇİFT KAPILI OTOKLAV CİHAZI,840 LT,2023/01-137,65 GÜN,2024-02-18,
DMO,2023/436,2023-12-15,DMO  BURSA BÖLGE MÜDÜRLÜĞÜ,ÇANAKKALE 18 MART ÜNİVERSİTESİ EĞİTİM VE UYGULAMA HASTANESİ MÜDÜRLÜĞÜ,ÇANAKKALE,GOLDBERG 840 D,840 LT ÇİFT KAPILI OTOKLAV CİHAZI,840 LT,2023/01-138,65 GÜN,2024-02-18,
2024 YILINA AKTARILDI,2022/353,2023-09-18,2024 YILANA AKTARILDI,2024 YILANA AKTARILDI,,,160 LT TEK KAPILI OTOKLAV CİHAZI,160 LT,STOK,,,
2024 YILINA AKTARILDI,2023/011,2023-01-02,2024 YILANA AKTARILDI,2024 YILANA AKTARILDI,,,675 LT ÇİFT KAPILI OTOKLAV CİHAZI,675 LT,,,,
2024 YILINA AKTARILDI,2023/052,2023-01-02,2024 YILANA AKTARILDI,2024 YILANA AKTARILDI,,,675 LT ÇİFT KAPILI OTOKLAV CİHAZI,675 LT,,,,
2024 YILINA AKTARILDI,2023/094,2023-03-13,2024 YILANA AKTARILDI,2024 YILANA AKTARILDI,,,160 LT ÇİFT KAPILI OTOKLAV CİHAZI,160 LT,,,,
2024 YILINA AKTARILDI,2023/147,2023-04-19,2024 YILANA AKTARILDI,2024 YILANA AKTARILDI,,,422 LT TEK  KAPILI OTOKLAV CİHAZI,422 LT,,,,
2024 YILINA AKTARILDI,2023/201,2023-06-01,2024 YILANA AKTARILDI,2024 YILANA AKTARILDI,,,75 LT DİK TİP OTOKLAV CİHAZI VAKUMLU,75 LT,,,,
2024 YILINA AKTARILDI,2023/203,2023-06-01,2024 YILANA AKTARILDI,2024 YILANA AKTARILDI,,,75 LT DİK TİP OTOKLAV CİHAZI VAKUMLU,75 LT,,,,
2024 YILINA AKTARILDI,2023/356,2023-10-26,2024 YILANA AKTARILDI,2024 YILANA AKTARILDI,,,550 LT ÇİFT KAPILI OTOKLAV CİHAZI,550 LT,,,,
2024 YILINA AKTARILDI,2023/357,2023-10-26,2024 YILANA AKTARILDI,2024 YILANA AKTARILDI,,,550 LT ÇİFT KAPILI OTOKLAV CİHAZI,550 LT,,,,
2024 YILINA AKTARILDI,2023/365,2023-11-02,2024 YILANA AKTARILDI,2024 YILANA AKTARILDI,,,550 LT ÇİFT KAPILI OTOKLAV CİHAZI,550 LT,,,,
2024 YILINA AKTARILDI,2023/369,2023-12-26,2024 YILANA AKTARILDI,2024 YILANA AKTARILDI,,,300 LT ÇİFT  KAPILI OTOKLAV CİHAZI,,,,,
2024 YILINA AKTARILDI,2023/370,2023-11-02,2024 YILANA AKTARILDI,2024 YILANA AKTARILDI,,,300 LT ÇİFT  KAPILI OTOKLAV CİHAZI,300 LT,,,,
2024 YILINA AKTARILDI,2023/371,2023-11-02,2024 YILANA AKTARILDI,2024 YILANA AKTARILDI,,,300 LT ÇİFT  KAPILI OTOKLAV CİHAZI,300 LT,,,,
2024 YILINA AKTARILDI,2023/372,2023-11-02,2024 YILANA AKTARILDI,2024 YILANA AKTARILDI,,,300 LT ÇİFT  KAPILI OTOKLAV CİHAZI,300 LT,,,,
2024 YILINA AKTARILDI,2023/373,2023-11-02,2024 YILANA AKTARILDI,2024 YILANA AKTARILDI,,,300 LT ÇİFT  KAPILI OTOKLAV CİHAZI,300 LT,,,,
2024 YILINA AKTARILDI,2023/374,2023-11-02,2024 YILANA AKTARILDI,2024 YILANA AKTARILDI,,,300 LT ÇİFT  KAPILI OTOKLAV CİHAZI,300 LT,,,,
2024 YILINA AKTARILDI,2023/375,2023-11-02,2024 YILANA AKTARILDI,2024 YILANA AKTARILDI,,,300 LT ÇİFT  KAPILI OTOKLAV CİHAZI,300 LT,,,,
2024 YILINA AKTARILDI,2023/376,2023-11-02,2024 YILANA AKTARILDI,2024 YILANA AKTARILDI,,,300 LT ÇİFT  KAPILI OTOKLAV CİHAZI,300 LT,,,,
2024 YILINA AKTARILDI,2023/377,2023-11-02,2024 YILANA AKTARILDI,2024 YILANA AKTARILDI,,,300 LT ÇİFT  KAPILI OTOKLAV CİHAZI,300 LT,,,,
2024 YILINA AKTARILDI,2023/378,2023-11-02,2024 YILANA AKTARILDI,2024 YILANA AKTARILDI,,,300 LT ÇİFT  KAPILI OTOKLAV CİHAZI,300 LT,,,,
2024 YILINA AKTARILDI,2023/379,2023-11-02,2024 YILANA AKTARILDI,2024 YILANA AKTARILDI,,,300 LT ÇİFT  KAPILI OTOKLAV CİHAZI,300 LT,,,,
2024 YILINA AKTARILDI,2023/380,2023-11-02,2024 YILANA AKTARILDI,2024 YILANA AKTARILDI,,,300 LT ÇİFT  KAPILI OTOKLAV CİHAZI,300 LT,,,,
2024 YILINA AKTARILDI,2023/381,2023-11-02,2024 YILANA AKTARILDI,2024 YILANA AKTARILDI,,,300 LT ÇİFT  KAPILI OTOKLAV CİHAZI,300 LT,,,,
2024 YILINA AKTARILDI,2023/383,2023-11-02,2024 YILANA AKTARILDI,2024 YILANA AKTARILDI,,,675 LT ÇİFT KAPILI OTOKLAV CİHAZI,675 LT,,,,
2024 YILINA AKTARILDI,2023/384,2023-11-02,2024 YILANA AKTARILDI,2024 YILANA AKTARILDI,,,550 LT ÇİFT KAPILI OTOKLAV CİHAZI,550 LT,,,,
2024 YILINA AKTARILDI,2023/385,2023-11-02,2024 YILANA AKTARILDI,2024 YILANA AKTARILDI,,,550 LT ÇİFT KAPILI OTOKLAV CİHAZI,550 LT,,,,
2024 YILINA AKTARILDI,2023/387,2023-11-02,2024 YILANA AKTARILDI,2024 YILANA AKTARILDI,,,550 LT TEK KAPILI OTOKLAV CİHAZI,550 LT,,,,
2024 YILINA AKTARILDI,2023/396,2023-11-07,2024 YILANA AKTARILDI,2024 YILANA AKTARILDI,,,75 LT DİK TİP OTOKLAV CİHAZI VAKUMLU,75 LT,,,,
2024 YILINA AKTARILDI,2023/397,2023-11-07,2024 YILANA AKTARILDI,2024 YILANA AKTARILDI,,,75 LT DİK TİP OTOKLAV CİHAZI VAKUMLU,75 LT,,,,
2024 YILINA AKTARILDI,2023/398,2023-11-07,2024 YILANA AKTARILDI,2024 YILANA AKTARILDI,,,75 LT DİK TİP OTOKLAV CİHAZI VAKUMLU,75 LT,,,,
2024 YILINA AKTARILDI,2023/399,2023-11-07,2024 YILANA AKTARILDI,2024 YILANA AKTARILDI,,,75 LT DİK TİP OTOKLAV CİHAZI VAKUMLU,75 LT,,,,
2024 YILINA AKTARILDI,2023/416,2023-11-15,2024 YILANA AKTARILDI,2024 YILANA AKTARILDI,,,550 LT ÇİFT KAPILI OTOKLAV CİHAZI,550 LT,,,,
2024 YILINA AKTARILDI,2023/417,2023-11-15,2024 YILANA AKTARILDI,2024 YILANA AKTARILDI,,,550 LT ÇİFT KAPILI OTOKLAV CİHAZI,550 LT,,,,
2024 YILINA AKTARILDI,2023/418,2023-11-16,2024 YILANA AKTARILDI,2024 YILANA AKTARILDI,,,250 LT ÇİFT KAPILI OTOKAV CİHAZI,250 LT,,,,
2024 YILINA AKTARILDI,2023/419,2023-11-16,2024 YILANA AKTARILDI,2024 YILANA AKTARILDI,,,250 LT ÇİFT KAPILI OTOKAV CİHAZI,250 LT,,,,
2024 YILINA AKTARILDI,2023/420,2023-11-16,2024 YILANA AKTARILDI,2024 YILANA AKTARILDI,,,250 LT ÇİFT KAPILI OTOKAV CİHAZI,250 LT,,,,
2024 YILINA AKTARILDI,2023/421,2023-11-16,2024 YILANA AKTARILDI,2024 YILANA AKTARILDI,,,250 LT ÇİFT KAPILI OTOKAV CİHAZI,250 LT,,,,
2024 YILINA AKTARILDI,2023/425,2023-11-27,2024 YILANA AKTARILDI,2024 YILANA AKTARILDI,,,2000 LT ÇİFT KAPILI OTOKLAV CİHAZI,2000 LT,,,,
2024 YILINA AKTARILDI,2023/426,2023-11-28,2024 YILANA AKTARILDI,2024 YILANA AKTARILDI,,,2000 LT ÇİFT KAPILI OTOKLAV CİHAZI,2000 LT,,,,
