DMO-ÖZEL-İHALE-DEMO,SİPARİŞ NO/İŞ EMRİ NO/TEKLİF NO,SİPARİŞ TARİHİ,SİPARİŞİ VEREN/2022,KURULUM YERİ /2022,İL,ÜRÜN MODELİ,ÜRÜN ADI,LİTRE,SERİ NO,TESLİM SÜRESİ,"TESLİM 
TARİHİ",İRSALİYE TARİHİ
ÖZEL,2019/326,2022-11-09,İNNOMED LABORATUVAR İTH. İHR. SAN. TİC. LTD. ŞTİ.,İNNOMED LABORATUVAR İTH. İHR. SAN. TİC. LTD. ŞTİ.,İSTANBUL,GOLDBERG 250 S,250 LT TEK KAYAR KAPILI OTOKLAV CİHAZI,250 LT,2022/01-164,,2022-12-09,
YURTDIŞI,2021/020,2022-04-13,KONGO,KONGO,KONGO,GOLDBERG 840 D-REVİZYON,840 LT ÇİFT KAPILI OTOKLAV CİHAZI,840 LT,2022/01-036,,2022-05-04,
2024 e aktarıldı,2022/001,2022-01-06,2024 e aktarıldı,2024 e aktarıldı,STOK,,75 LT DİK TİP OTOKLAV CİHAZI,75 LT,,,,
2024 e aktarıldı,2022/002,2023-02-15,2024 e aktarıldı,2024 e aktarıldı,STOK,,75 LT DİK TİP OTOKLAV CİHAZI,75 LT,,,,
2024 e aktarıldı,2022/003,2022-01-06,2024 e aktarıldı,2024 e aktarıldı,STOK,,75 LT DİK TİP OTOKLAV CİHAZI,75 LT,,,,
2024 e aktarıldı,2022/004,2022-01-06,2024 e aktarıldı,2024 e aktarıldı,STOK,,75 LT DİK TİP OTOKLAV CİHAZI,75 LT,,,,
2024 e aktarıldı,2022/005,2022-01-06,2024 e aktarıldı,2024 e aktarıldı,STOK,,75 LT DİK TİP OTOKLAV CİHAZI,75 LT,,,,
2024 e aktarıldı,2022/006,2022-01-06,2024 e aktarıldı,2024 e aktarıldı,STOK,,75 LT DİK TİP OTOKLAV CİHAZI,75 LT,,,,
2024 e aktarıldı,2022/007,2022-01-06,2024 e aktarıldı,2024 e aktarıldı,STOK,,75 LT DİK TİP OTOKLAV CİHAZI,75 LT,,,,
2024 e aktarıldı,2022/008,2022-01-06,2024 e aktarıldı,2024 e aktarıldı,STOK,,75 LT DİK TİP OTOKLAV CİHAZI,75 LT,,,,
2024 e aktarıldı,2022/009,2022-01-06,2024 e aktarıldı,2024 e aktarıldı,STOK,,75 LT DİK TİP OTOKLAV CİHAZI,75 LT,,,,
YURTDIŞI,2022/010,2022-05-11,KAMBOÇYA,KAMBOÇYA,KAMBOÇYA,GOLDBERG 75 V,75 LT DİK TİP OTOKLAV CİHAZI,75 LT,2022/01-043,,2022-06-06,
YURTDIŞI,2022/011,2022-08-08,LABORİN-PHARMA,KAZAKİSTAN,KAZAKİSTAN,GOLDBERG 75 V,75 LT DİK TİP OTOKLAV CİHAZI,75 LT,2022/01-077,,2022-08-12,
YURTDIŞI,2022/012,2022-05-11,KAMBOÇYA,KAMBOÇYA,KAMBOÇYA,GOLDBERG 75 V,75 LT DİK TİP OTOKLAV CİHAZI,75 LT,2022/01-044,,2022-06-06,
2024 e aktarıldı,2022/013,2022-01-06,2024 e aktarıldı,2024 e aktarıldı,STOK,,100 LT DİK TİP OTOKLAV CİHAZI,100 LT,,,,
2024 e aktarıldı,2022/014,2022-04-13,2024 e aktarıldı,2024 e aktarıldı,STOK,GOLDBERG 100,100 LT DİK TİP OTOKLAV CİHAZI,100 LT,2022/01-032,,,
ÖZEL,2022/015,2022-01-06,MDR BİYOTEKNOLOJİ,MDR BİYOTEKNOLOJİ,MDR BİYOTEKNOLOJİ,ES 100,100 LT DİK TİP OTOKLAV CİHAZI,100 LT,2023/01-001,(ALYANS MEDİKALE GÖNDERİLEN CİHAZ İLE AYNI SERİ NUMARASI İLE ÜRETİLDİ),,
2024 e aktarıldı,2022/016,2022-01-06,2024 e aktarıldı,2024 e aktarıldı,STOK,TEK CİDAR,100 LT DİK TİP OTOKLAV CİHAZI,100 LT,,,,
2024 e aktarıldı,2022/017,2022-01-06,2024 e aktarıldı,2024 e aktarıldı,STOK,TEK CİDAR,100 LT DİK TİP OTOKLAV CİHAZI,100 LT,,,,
2023 YILINA AKTARILDI,2022/018,2022-01-06,2023 YILINA AKTARILDI,2023 YILINA AKTARILDI,2023 YILINA AKTARILDI,,120 LT TEK KAPILI OTOKLAV CİHAZI,120 LT,,,,
2023 YILINA AKTARILDI,2022/019,2022-01-06,2023 YILINA AKTARILDI,2023 YILINA AKTARILDI,2023 YILINA AKTARILDI,,120 LT TEK KAPILI OTOKLAV CİHAZI,120 LT,,,,
2023 YILINA AKTARILDI,2022/020,2022-01-06,2023 YILINA AKTARILDI,2023 YILINA AKTARILDI,2023 YILINA AKTARILDI,,120 LT TEK KAPILI OTOKLAV CİHAZI (40*40),120 LT,,,,
2024 e aktarıldı,2022/021,2022-01-06,2024 e aktarıldı,2024 e aktarıldı,STOK,,120 LT TEK KAPILI OTOKLAV CİHAZI (40*40),120 LT,,,,
2023 YILINA AKTARILDI,2022/022,2022-01-06,2023 YILINA AKTARILDI,2023 YILINA AKTARILDI,2023 YILINA AKTARILDI,,120 LT TEK KAPILI OTOKLAV CİHAZI,120 LT,,,,
2023 YILINA AKTARILDI,2022/023,2022-01-06,2023 YILINA AKTARILDI,2023 YILINA AKTARILDI,2023 YILINA AKTARILDI,,120 LT TEK KAPILI OTOKLAV CİHAZI,120 LT,,,,
2024 e aktarıldı,2022/024,2022-01-06,2024 e aktarıldı,2024 e aktarıldı,STOK,,120 LT TEK KAPILI OTOKLAV CİHAZI,120 LT,,,,
YURTDIŞI,2022/025,2022-05-11,KAMBOÇYA,KAMBOÇYA,KAMBOÇYA,GOLDBERG 120 S,120 LT TEK KAPILI OTOKLAV CİHAZI,120 LT,2022/01-045,,2022-06-06,
2024 e aktarıldı,2022/026,2022-01-06,2024 e aktarıldı,2024 e aktarıldı,STOK,,120 LT TEK KAPILI OTOKLAV CİHAZI,120 LT,,,,
YURTDIŞI,2022/027,2022-05-11,KAMBOÇYA,KAMBOÇYA,KAMBOÇYA,GOLDBERG 120 S,120 LT TEK KAPILI OTOKLAV CİHAZI,120 LT,2022/01-046,,2022-06-06,
YURTDIŞI,2022/028,2022-05-11,KAMBOÇYA,KAMBOÇYA,KAMBOÇYA,GOLDBERG 120 S,120 LT TEK KAPILI OTOKLAV CİHAZI,120 LT,2022/01-047,,2022-06-06,
YURTDIŞI,2022/029,2022-05-11,KAMBOÇYA,KAMBOÇYA,KAMBOÇYA,GOLDBERG 120 S,120 LT TEK KAPILI OTOKLAV CİHAZI,120 LT,2022/01-048,,2022-06-06,
YURTDIŞI,2022/030,2022-04-19,NİCU,ROMANYA,ROMANYA,STR 4410 S (Eski Kazan),160 LT TEK KAPILI OTOKLAV CİHAZI,160 LT,2022/01-037,,2022-05-12,
YURTDIŞI,2022/031,2022-04-19,NİCU,ROMANYA,ROMANYA,STR 4410 S (Eski Kazan),160 LT TEK KAPILI OTOKLAV CİHAZI,160 LT,2022/01-038,,2022-05-12,
YURTDIŞI,2022/032,2022-04-25,NİCU,ROMANYA,ROMANYA,STR 4410 S,160 LT TEK KAPILI OTOKLAV CİHAZI,160 LT,2022/01-039,,2022-05-15,
2023 YILINA AKTARILDI,2022/033,2022-10-27,2023 YILINA AKTARILDI,2023 YILINA AKTARILDI,2023 YILINA AKTARILDI,,160 LT TEK KAPILI OTOKLAV CİHAZI,160 LT,,,,
2024 e aktarıldı,2022/034,2022-01-06,2024 e aktarıldı,2024 e aktarıldı,STOK,,250 LT ÇİFT KAPILI OTOKAV CİHAZI,250 LT,,,,
YURTDIŞI,2022/035,2022-06-08,FAS,FAS,FAS,GOLDBERG 250 D,250 LT ÇİFT KAPILI OTOKAV CİHAZI,250 LT,2022/01-063,,2022-06-15,
YURTDIŞI,2022/036,2022-09-03,RUSYA FEDARASYONU,RUSYA FEDARASYONU,RUSYA,GOLDBERG 250 D,250 LT ÇİFT KAPILI OTOKAV CİHAZI,250 LT,2022/01-096,,2022-09-30,
YURTDIŞI,2022/037,2022-09-03,RUSYA FEDARASYONU,RUSYA FEDARASYONU,RUSYA,GOLDBERG 250 D,250 LT ÇİFT KAPILI OTOKAV CİHAZI,250 LT,2022/01-097,,2022-09-30,
2023 YILINA AKTARILDI,2022/038,2022-01-06,2023 YILINA AKTARILDI,2023 YILINA AKTARILDI,2023 YILINA AKTARILDI,,250 LT ÇİFT KAPILI OTOKAV CİHAZI,250 LT,,,,
2023 YILINA AKTARILDI,2022/039,2022-01-06,2023 YILINA AKTARILDI,2023 YILINA AKTARILDI,2023 YILINA AKTARILDI,,250 LT ÇİFT KAPILI OTOKAV CİHAZI,250 LT,,,,
ÖZEL,2022/040,2022-08-05,KORKMAZ MED. İNŞAAT TIBBİ CİH. MAK. İHR. İTH. SAN. TİC. LTD. ŞTİ.,KORKMAZ MED. İNŞAAT TIBBİ CİH. MAK. İHR. İTH. SAN. TİC. LTD. ŞTİ.,HAKKARİ,STR 5512 S,300 LT TEK KAPILI OTOKLAV CİHAZI,300 LT,2022/01-057,15 GÜN,2022-08-15,
YURTDIŞI,2022/041,2022-05-18,LİBYA,LİBYA,LİBYA,GOLDBERG 300 S,300 LT TEK KAPILI OTOKLAV CİHAZI,300 LT,2022/01-050,,,
YURTDIŞI,2022/042,2022-03-03,EUROMEDITECH,FAS,FAS,GOLDBERG 300 D,300 LT ÇİFT KAPILI OTOKLAV CİHAZI ,300 LT,2022/01-011,,2022-03-11,
YURTDIŞI,2022/043,2022-02-21,ANH,VİETNAM,VİETNAM,GOLDBERG 422 D,422 LT ÇİFT KAPILI OTOKLAV CİHAZI,422 LT,2022/01-009,,2022-03-10,
DMO,2022/044,2022-03-09,DMO BURSA BÖLGE MÜDÜRLÜĞÜ,ÇANAKKALE GÖKÇEADA DEVLET HASTANESİ,ÇANAKKALE,ERS 6610 D,422 LT ÇİFT KAPILI OTOKLAV CİHAZI,422 LT,2022/01-016,,2022-05-08,
ÖZEL,2022/405,2021-09-07,ŞAFAK DİŞ DEPOSU TIP GEREÇLERİ SAN. TİC.LTD. ŞTİ.,KENT ÜNİVERSİTESİ,İSTANBUL,STR 6610 D,422 LT ÇİFT KAPILI OTOKLAV CİHAZI,422 LT,2022/01-120,,2021-09-30,
YURTDIŞI,2022/046,2022-04-13,FAS,FAS,FAS,GOLBERG 422 D,422 LT ÇİFT KAPILI OTOKLAV CİHAZI,422 LT,2022/01-031,,2022-04-06,
DMO,2022/298,2022-05-13,DMO İZMİR BÖLGE MÜDÜRLÜĞÜ,UŞAK SİVASLI İLÇE DEVLET HASTANESİ,UŞAK,ERS 6610 D ,422 LT ÇİFT KAPILI OTOKLAV CİHAZI,422 LT,2022/01-083,,2022-07-12,
İHALE,2022/048,2022-07-18,HARRAN ÜNİVERSİTESİ,HARRAN ÜNİVERSİTESİ DİŞ HEKİMLİĞİ FAKÜLTESİ,ŞANLIURFA,STR 6613 D (TERS),550 LT ÇİFT KAPILI OTOKLAV CİHAZI,550 LT,2022/01-078,,2022-09-16,
2024 e aktarıldı,2022/049,2022-01-06,2024 e aktarıldı,2024 e aktarıldı,STOK,TERS,550 LT ÇİFT KAPILI OTOKLAV CİHAZI,550 LT,,,,
İHALE,2022/050,2022-01-27,İZMİR İL SAĞLIK MÜDÜRLÜĞÜ,BUCA ACİL DURUM HASTANESİ,İZMİR,STR 6613 D,550 LT ÇİFT KAPILI OTOKLAV CİHAZI,550 LT,2022/01-003,,2022-03-12,
DMO,2022/051,2022-03-28,DMO -BURSA BÖLGE MÜDÜRÜLÜĞÜ,BOLU İZZET BAYSAL AĞIZ VE DİŞ SAĞLIĞI MERKEZİ,BOLU,ERS 6613 D,550 LT ÇİFT KAPILI OTOKLAV CİHAZI,550 LT,2022/01-008,60 GÜN,2022-05-27,
DMO,2022/052,2022-03-08,DMO,GAZİ ÜNİVERSİTESİ SAĞLIK ARAŞTIRMA VE UYGULAMA MERKEZİ,ANKARA,GOLDBERG 550 D,550 LT ÇİFT KAPILI OTOKLAV CİHAZI,550 LT, 2022/01-013,,2022-05-07,
ÖZEL,2022/060,2022-04-07,PRUVA SAĞLIK ÜRÜNLERİ TİC. LTD. ŞTİ.,TRABZON,TRABZON,STR 6613 D,550 LT ÇİFT KAPILI OTOKLAV CİHAZI,550 LT,2022/01-029,,,
DMO,2022/054,2022-04-29,DMO İZMİR BÖLGE MÜDÜRLÜĞÜ,BODRUM DEVLET HASTANESİ,MUĞLA,GOLDBERG 550 D,550 LT ÇİFT KAPILI OTOKLAV CİHAZI,550 LT,2022/01-027, 60 GÜN,2022-06-28,
YURTDIŞI,2022/057,2022-12-16,LÜBNAN,LÜBNAN,LÜBNAN,GOLDBERG 550 D,550 LT ÇİFT KAPILI OTOKLAV CİHAZI,550 LT,2022/01-021,,2023-01-05,
DMO,2022/245,2022-02-11,DMO ESKİŞEHİR BÖLGE MÜDÜRLÜĞÜ,BİLECİK BOZÜYÜK AĞIZ VE DİŞ SAĞLIĞI MERKEZİ,BİLECİK,ERS 6613 D,550 LT ÇİFT KAPILI OTOKLAV CİHAZI,550 LT,2022/01-060,,2022-04-16,
İHALE,2022/055,2022-04-04,KOCAELİ ÜNİVERSİTESİ ARAŞTIRMA VE UYGULAMA HASTANESİ,KOCAELİ ÜNİVERSİTESİ ARAŞTIRMA VE UYGULAMA HASTANESİ,KOCAELİ,STR 6613 D,550 LT ÇİFT KAPILI OTOKLAV CİHAZI,550 LT,2022/01-018,,2022-05-24,
DMO,2022/056,2022-04-21,DMO MERSİN İRTİBAT BÜROSU,NEVŞEHİR HACI BEKTAŞ VELİ ÜNİVERSİTESİ,NEVŞEHİR,ERS 6613 D,550 LT ÇİFT KAPILI OTOKLAV CİHAZI,550 LT,2022/01-020,,2022-06-24,
YURTDIŞI,2022/059,2022-08-22,IRAK,IRAK,IRAK,GOLDBERG 550 D,550 LT ÇİFT KAPILI OTOKLAV CİHAZI,550 LT,2022/01-028,,2022-08-25,
İHALE,2022/053,2022-04-08,BAHÇEŞEHİR ÜNİVERSİTESİ,BAHÇEŞEHİR ÜNİVERSİTESİ DİŞ HEKİMLİĞİ FAKÜLTESİ,İSTANBUL,GOLDBERG 550 D,550 LT ÇİFT KAPILI OTOKLAV CİHAZI,550 LT,2022/01-025,42 GÜN,2022-05-20,
YURTDIŞI,2022/061,2022-02-09,NİCU,NİCU,ROMANYA,STR 7712 D,675 LT ÇİFT KAPILI OTOKLAV CİHAZI,675 LT,2022/01-006,,2022-02-28,
DMO,2022/062,2022-03-08,DMO- GAZİ ÜNİVERSİTESİ,GAZİ ÜNİV. SAĞLIK UYGULAMA VE ARAŞTIRMA MERKEZİ,ANKARA,GOLDBERG 840 D,840 LT ÇİFT KAPILI OTOKLAV CİHAZI,840 LT , 2022/01-014,,2022-05-07,
DMO,2022/142,2022-04-28,DMO 1 NOLU OPERASYONEL SÜREÇLER DAİRESİ BAŞKANLIĞI,KONYA BEYHEKİM EĞİTİM VE ARAŞTIRMA HASTANESİ,KONYA,ERS 7715 D,840 LT ÇİFT KAPILI OTOKLAV CİHAZI ,840 LT ,2022/01-055,60,2022-06-27,
DMO,2022/064,2022-02-09,DMO İSTANBUL BÖLGE MÜDÜRLÜĞÜ,İSTANBUL ÜNİVERSİTESİ TIP FAKÜLTESİ,İSTANBUL,GOLDBERG 840 D,840 LT ÇİFT KAPILI OTOKLAV CİHAZI,840 LT ,2022/01-007,,2022-04-09,
DMO,2022/065,2022-01-06,DMO ANKARA ,GAZİ ÜNİV. SAĞLIK UYGULAMA VE ARAŞTIRMA MERKEZİ,ANKARA,GOLDBERG 840 D,840 LT ÇİFT KAPILI OTOKLAV CİHAZI,840 LT , 2022/01-015,,2022-05-07,
DMO,2022/066,2022-01-31,DMO İSTANBUL BÖLGE MÜDÜRLÜĞÜ,ŞİŞLİ HAMİDİYE EFTAL EĞİTİM VE ARAŞTIRMA HASTANESİ,İSTANBUL,ERS 7715 D,840 LT ÇİFT KAPILI OTOKLAV CİHAZI,840 LT ,2022/01-004,,2022-03-23,
DMO,2022/067,2022-01-31,DMO İSTANBUL BÖLGE MÜDÜRLÜĞÜ,ŞİŞLİ HAMİDİYE EFTAL EĞİTİM VE ARAŞTIRMA HASTANESİ,İSTANBUL,ERS 7715 D,840 LT ÇİFT KAPILI OTOKLAV CİHAZI,840 LT ,2022/01-005,,2022-03-23,
DMO,2022/068,2022-01-18,DMO İSTANBUL BÖLGE MÜDÜRLÜĞÜ,ŞİŞLİ HAMİDİYE EFTAL EĞİTİM VE ARAŞTIRMA HASTANESİ,İSTANBUL,ERS 7715 D,840 LT ÇİFT KAPILI OTOKLAV CİHAZI,840 LT ,2022/01-001,,2022-03-23,
DMO,2022/069,2022-01-18,DMO İSTANBUL BÖLGE MÜDÜRLÜĞÜ,ŞİŞLİ HAMİDİYE EFTAL EĞİTİM VE ARAŞTIRMA HASTANESİ,İSTANBUL,ERS 7715 D,840 LT ÇİFT KAPILI OTOKLAV CİHAZI,840 LT ,2022/01-002,,2022-03-23,
2024 e aktarıldı,2022/106,2022-02-01,2024 e aktarıldı,2024 e aktarıldı,STOK,,120 LT TEK KAPILI OTOKLAV CİHAZI 40X40,120 LT,,,,
2024 e aktarıldı,2022/107,2022-02-01,2024 e aktarıldı,2024 e aktarıldı,STOK,,120 LT TEK KAPILI OTOKLAV CİHAZI 35X52,120 LT,,,,
YURTDIŞI,2022/108,2022-09-12,ROMANYA -NİCU,ROMANYA,ROMANYA,STR 4407 S,120 LT TEK KAPILI OTOKLAV CİHAZI 35X52,120 LT,2022/01-098,,2022-10-14,
2024 e aktarıldı,2022/109,2022-02-01,2024 e aktarıldı,2024 e aktarıldı,STOK,,120 LT TEK KAPILI OTOKLAV CİHAZI 35X52,120 LT,,,,
2024 e aktarıldı,2022/110,2022-02-01,2024 e aktarıldı,2024 e aktarıldı,STOK,,120 LT TEK KAPILI OTOKLAV CİHAZI 35X52,120 LT,,,,
2024 e aktarıldı,2022/111,2022-02-01,2024 e aktarıldı,2024 e aktarıldı,STOK,,120 LT TEK KAPILI OTOKLAV CİHAZI 35X52,120 LT,,,,
ÖZEL,2022/112,2022-02-01,AAS SAĞLIK VE GÜZELLİK HİZM. A.Ş.,SULE HAİRTRANSPLANT,İSTANBUL,STR 5510 S,250 LT TEK KAPILI OTOKLAV CİHAZI 35X70,250 LT,2022/01-010,,2022-04-01,
2023 YILINA AKTARILDI,2022/113,2022-02-01,2023 YILINA AKTARILDI,2023 YILINA AKTARILDI,2023 YILINA AKTARILDI,,250 LT TEK KAPILI OTOKLAV CİHAZI 35X70,250 LT,,,,
2024 e aktarıldı,2022/114,2022-02-01,2024 e aktarıldı,2024 e aktarıldı,STOK,,250 LT TEK KAPILI OTOKLAV CİHAZI 35X70,250 LT,,,,
2023 YILINA AKTARILDI,2022/115,2022-02-01,2023 YILINA AKTARILDI,2023 YILINA AKTARILDI,2023 YILINA AKTARILDI,,250 LT TEK KAPILI OTOKLAV CİHAZI 35X70,250 LT,,,,
DMO,2022/138,2022-04-07,DMO 1 NOLU OPERASYONEL SÜREÇLER DAİRESİ BAŞKANLIĞI,GAZİ ÜNİVERSİTESİ SAĞLIK ARAŞTIRMA VE UYGULAMA MERKEZİ,ANKARA,GOLDBERG 840 D,840 LT ÇİFT KAPILI OTOKLAV CİHAZI ,840 LT,2022/01-024,65 GÜN,2022-06-11,
DMO,2022/139,2022-04-07,DMO 1 NOLU OPERASYONEL SÜREÇLER DAİRESİ BAŞKANLIĞI,GAZİ ÜNİVERSİTESİ SAĞLIK ARAŞTIRMA VE UYGULAMA MERKEZİ,ANKARA,GOLBERG 840 D,840 LT ÇİFT KAPILI OTOKLAV CİHAZI ,840 LT ,2022/01-023,65 GÜN,2022-06-11,
DMO,2022/140,2022-08-19,DMO İSTANBUL BÖLGE MÜDÜRLÜĞÜ,İSTANBUL PROF. DR. CEMİL TAŞÇIOĞLU ŞEHİR HASTANESİ,İSTANBUL,GOLDBERG 840,840 LT ÇİFT KAPILI OTOKLAV CİHAZI ,840 LT ,2022/01-084,65 GÜN,2022-10-23,
DMO,2022/063,2022-05-27,DMO İSTANBUL BÖLGE MÜDÜRLÜĞÜ,İSTANBUL TAKSİM EĞİTİM VE ARAŞTRIMA HASTANESİ,İSTANBUL,GOLDBERG 840 D,840 LT ÇİFT KAPILI OTOKLAV CİHAZI ,840 LT,2022/01-035,65 GÜN,2022-07-31,
DMO,2022/141,2022-05-27,DMO İSTANBUL BÖLGE MÜDÜRLÜĞÜ,METİN SABANCI BALTA LİMANI KEMİK HASTALIKLARI EĞİTİM VE ARAŞTIRMA HASTANESİ,İSTANBUL,GOLDBERG 840 D,840 LT ÇİFT KAPILI OTOKLAV CİHAZI ,840 LT,2022/01-054,65 GÜN,2022-07-31,
ÖZEL,2022/143,2022-06-30,VETERİNER KONTROL MERKEZ ARAŞTIRMA ENSTİTÜSÜ MÜDÜRLÜĞÜ,VETERİNER KONTROL MERKEZ ARAŞTIRMA ENSTİTÜSÜ MÜDÜRLÜĞÜ - VİROLOJİK TEŞHİS LABORATUVARI,ANKARA,GOLDBERG 160 D,160 LT ÇİFT KAPILI OTOKLAV CİHAZI ,160 LT,2022/01-068, 15 GÜN,2022-07-15,
YURTDIŞI,2022/144,2022-09-03,RUSYA FEDARASYONU,RUSYA FEDARASYONU,RUSYA,GOLDBERG 160 D,160 LT ÇİFT KAPILI OTOKLAV CİHAZI ,160 LT,2022/01-089,,2022-09-30,
YURTDIŞI,2022/145,2022-09-03,RUSYA FEDARASYONU,RUSYA FEDARASYONU,RUSYA,GOLDBERG 160 D,160 LT ÇİFT KAPILI OTOKLAV CİHAZI ,160 LT,2022/01-090,,2022-09-30,
YURTDIŞI,2022/146,2022-09-03,RUSYA FEDARASYONU,RUSYA FEDARASYONU,RUSYA,GOLDBERG 160 D,160 LT ÇİFT KAPILI OTOKLAV CİHAZI ,160 LT,2022/01-091,,2022-09-30,
YURTDIŞI,2022/147,2022-09-03,RUSYA FEDARASYONU,RUSYA FEDARASYONU,RUSYA,GOLDBERG 160 D,160 LT ÇİFT KAPILI OTOKLAV CİHAZI ,160 LT,2022/01-092,,2022-09-30,
DMO,2022/150,2022-03-08,DMO ERZURUM İRTİBAT BÜROSU,ARTVİN YUSUFELİ DEVLET HASTANESİ,ARTVİN,ERS 5512 D,300 LT ÇİFT KAPILI OTOKLAV CİHAZI ,300 LT,2022/01-026,,,
ÖZEL,2022/148,2022-03-18,BAŞAKŞEHİR TIP MERKEZİ,BAŞAKŞEHİR TIP MERKEZİ,İSTANBUL,ERS 5512 D,300 LT ÇİFT KAPILI OTOKLAV CİHAZI ,300 LT,2022/01-012,,,
ÖZEL,2022/149,2022-04-07,BOZYAZI DEVLET HASTANESİ,BOZYAZI DEVLET HASTANESİ,MERSİN,STR 5512 D,300 LT ÇİFT KAPILI OTOKLAV CİHAZI ,300 LT,2022/01-017,15 GÜN,2022-04-22,
YURTDIŞI,2022/151,2022-06-22,AZERBAYCAN,AZERBAYCAN,AZERBAYCAN,GOLDBERG 300 D,300 LT ÇİFT KAPILI OTOKLAV CİHAZI ,300 LT,2022/01-062,,2022-07-09,
YURTDIŞI,2022/152,2022-06-22,AZERBAYCAN,AZERBAYCAN,AZERBAYCAN,GOLDBERG 300 D,300 LT ÇİFT KAPILI OTOKLAV CİHAZI ,300 LT,2022/01-066,,,
YURTDIŞI,2022/201,2022-04-13,AZERBAYCAN,AZERBAYCAN,AZERBAYCAN,GOLDBERG 250 D,250 LT ÇİFT KAPILI OTOKAV CİHAZI,250 LT,2022/01-030,,2022-05-06,
2023 YILINA AKTARILDI,2022/202,2022-11-30,2023 YILINA AKTARILDI,2023 YILINA AKTARILDI,2023 YILINA AKTARILDI,GOLDBERG 250 D,250 LT ÇİFT KAPILI OTOKAV CİHAZI,250 LT,2022/01-034,,,
DMO,2022/229,2022-05-23,DMO İSTANBUL BÖLGE MÜDÜRLÜĞÜ,SAKARYA AKYAZI DEVLET HASTANESİ,SAKARYA,ERS 6613 D,550 LT ÇİFT KAPILI OTOKLAV CİHAZI,550 LT,2022/01-041, 60 GÜN,2022-07-22,
ÖZEL,2022/231,2022-05-10,ASZ KİMYA TİC. LTD. ŞTİ.,DİYARBAKIR ÖZEL DÜNYA HASTANESİ,DİYARBAKIR,STR 6613 D,550 LT ÇİFT KAPILI OTOKLAV CİHAZI,550 LT,2022/01-042,,2022-05-27,
DMO,2022/058,2022-05-20,DMO İZMİR BÖLGE MÜDÜRLÜĞÜ,İZMİR İL SAĞLIK MÜDÜRLÜĞÜ,İZMİR,ERS 6613 D,550 LT ÇİFT KAPILI OTOKLAV CİHAZI,550 LT,2022/01-022, 65 GÜN,2022-07-24,
İHALE,2022/237,2022-04-08,BAHÇEŞEHİR ÜNİVERSİTESİ,BAHÇEŞEHİR ÜNİVERSİTESİ DİŞ HEKİMLİĞİ FAKÜLTESİ,İSTANBUL,GOLDBERG 550 D,550 LT ÇİFT KAPILI OTOKLAV CİHAZI,550 LT,2022/01-052,,2022-05-20,
DMO,2022/236,2022-05-25,DMO TRABZON BÖLGE MÜDÜRLÜĞÜ,SAMSUN  İL SAĞLIK MÜDÜRLÜĞÜ,SAMSUN,ERS 6613 D,550 LT ÇİFT KAPILI OTOKLAV CİHAZI,550 LT,2022/01-051, 65 GÜN,2022-07-29,
DMO,2022/239,2022-05-27,DMO İSTANBUL BÖLGE MÜDÜRLÜĞÜ,METİN SABANCI BALTA LİMANI KEMİK HASTALIKLARI EĞİTİM VE ARAŞTIRMA HASTANESİ,İSTANBUL,GOLDBERG 840 D,840 LT ÇİFT KAPILI OTOKLAV CİHAZI ,840 LT,2022/01-056,65 GÜN,2022-07-31,
YURTDIŞI,2022/240,2022-04-13,KONGO,KONGO,KONGO,GOLDBERG 840D,840 LT ÇİFT KAPILI OTOKLAV CİHAZI ,840 LT,2022/01-058,,2022-05-04,
DMO,2022/243,2022-06-02,DMO İZMİR BÖLGE MÜDÜRLÜĞÜ,PAMUKKALE ÜNİVERSİTESİ SAĞLIK UYGULAMA VE ARAŞTIRMA HASTANESİ,DENİZLİ,GOLDBERG 840 D,840 LT ÇİFT KAPILI OTOKLAV CİHAZI ,840 LT,2022/01-059, 60 GÜN,2022-08-01,
DMO,2022/238,2022-06-03,DMO ESKİŞEHİR BÖLGE MÜDÜRLÜĞÜ,KÜTAHYA İL SAĞLIK MÜDÜRLÜĞÜ -AĞIZ VE DİŞ SAĞLIĞI MERKEZİ,KÜTAHYA,ERS 6613 D,550 LT ÇİFT KAPILI OTOKLAV CİHAZI,550 LT,2022/01-053, 65 GÜN,2022-08-07,
DMO,2022/249,2022-06-08,DMO BURSA BÖLGE MÜDÜRLÜĞÜ,ÇANAKKALE İL SAĞLIK MÜDÜRLÜĞÜ - BİGA ADSM,ÇANAKKALE,ERS 6613 D,550 LT ÇİFT KAPILI OTOKLAV CİHAZI,550 LT,2022/01-061, 65 GÜN,2022-08-12,
ÖZEL,2022/274,2022-06-13,AKYURT PHARMA İLAÇ SAN VE TİC. A.Ş.,AKYURT PHARMA İLAÇ SAN VE TİC. A.Ş.,ANKARA,STR 2000 D,2000 LT ÇİFT KAPILI BUHAR STERİLİZATÖRÜ,2000 LT,2022/01-064,10 HAFTA,2022-08-12,
YURTDIŞI,2022/275,2022-06-14,FİRSTAZMED,AZERBAYCAN,AZERBAYCAN,GOLDBERG 422 S,422 LT TEK KAPILI OTOKLAV CİHAZI,422 LT,2022/01-065,,2022-07-01,
DMO,2022/276,2022-10-04,DMO İSTANBUL BÖLGE MÜDÜRLÜĞÜ,İSTANBUL PROF. DR. CEMİL TAŞÇIOĞLU ŞEHİR HASTANESİ,İSTANBUL,GOLDBERG 840 D,840 LT ÇİFT KAPILI OTOKLAV CİHAZI ,840 LT ,2022/01-086,65 GÜN,2022-12-08,cihaz gitti.
DMO,2022/278,2022-09-20,DMO ESKİŞEHİR BÖLGE MÜDÜRLÜĞÜ,ISPARTA SÜLEYMAN DEMİREL ÜNİVERSİTESİ SAĞLIK ARAŞTIRMA VE UYGULAMA HASTANESİ,ISPARTA,GOLDBERG 840 D,840 LT ÇİFT KAPILI OTOKLAV CİHAZI ,840 LT,2022/01-101,  60 GÜN,2022-11-19,
DMO,2022/280,2022-09-26,DMO ESKİŞEHİR BÖLGE MÜDÜRLÜĞÜ,MEHMET AKİF ERSOY ÜNİVERSİTESİ,BURDUR,GOLDBERG 840 D,840 LT ÇİFT KAPILI OTOKLAV CİHAZI ,840 LT,2022/01-103,  60 GÜN,2022-11-25,
DMO,2022/279,2022-09-28,DMO İSTANBUL BÖLGE MÜDÜRLÜĞÜ,İSTANBUL İL SAĞLIK MÜDÜRLÜĞÜ- HASEKİ EĞİTİM VEARAŞTIRMA HASTANESİ,İSTANBUL,ERS 7715 D,840 LT ÇİFT KAPILI OTOKLAV CİHAZI ,840 LT,2022/01-102, 65 GÜN ,2022-12-02,
DMO,2022/277,2022-09-28,DMO İSTANBUL BÖLGE MÜDÜRLÜĞÜ,İSTANBUL İL SAĞLIK MÜDÜRLÜĞÜ- HASEKİ EĞİTİM VEARAŞTIRMA HASTANESİ,İSTANBUL,ERS 7715 D,840 LT ÇİFT KAPILI OTOKLAV CİHAZI ,840 LT,2022/01-099, 65 GÜN ,2022-12-02,
DMO,2022/281,2022-09-30,DMO 1 NOLU OPERASYONEL SÜREÇLER DAİRE BAŞKANLIĞI,ANKARA SİNCAN DR. NAFİZ KÖREZ DEVLET HASTANESİ,ANKARA,ERS 7715 D,840 LT ÇİFT KAPILI OTOKLAV CİHAZI ,840 LT,2022/01-104, 65 GÜN ,2022-12-04,
DMO,2022/282,2022-09-30,DMO 1 NOLU OPERASYONEL SÜREÇLER DAİRE BAŞKANLIĞI,ANKARA SİNCAN DR. NAFİZ KÖREZ DEVLET HASTANESİ,ANKARA,ERS 7715 D,840 LT ÇİFT KAPILI OTOKLAV CİHAZI ,840 LT,2022/01-105, 65 GÜN ,2022-12-04,
DMO,2022/283,2022-10-04,DMO İSTANBUL BÖLGE MÜDÜRLÜĞÜ,İSTANBUL PROF. DR. CEMİL TAŞÇIOĞLU ŞEHİR HASTANESİ,İSTANBUL,GOLDBERG 840 D,840 LT ÇİFT KAPILI OTOKLAV CİHAZI ,840 LT,2022/01-106, 65 GÜN ,2022-12-08,
YURTDIŞI,2022/284,2022-06-18,NICU,ROMANYA,ROMANYA,STR 6610 D,422 LT ÇİFT KAPILI OTOKLAV CİHAZI,422 LT,2022/01-040,,2022-06-12,
DMO,2022/287,2022-06-27,DMO DİYARBAKIR İRTİBAT BÜROSU,ŞIRNAK İL SAĞLIK MÜDÜRLÜĞÜ,ŞIRNAK,ERS 6613 D,550 LT ÇİFT KAPILI OTOKLAV CİHAZI,550 LT,2022/01-069, 65 GÜN,2022-08-31,
ÖZEL,2022/286,2022-07-07,ERTUNÇ ÖZCANSAĞLIK TESİSLERİ VE TIBBİ CİHAZLAR İNŞAAT SAN. TİC. A. Ş.,KONYA SEYDİŞEHİR DEVLET HASTANESİ,KONYA,STR 6613 D,550 LT ÇİFT KAPILI OTOKLAV CİHAZI,550 LT,2022/01-067, 6 HAFTA,2022-08-12,
İHALE,2022/288,2022-07-18,HARRAN ÜNİVERSİTESİ,HARRAN ÜNİVERSİTESİ DİŞ HEKİMLİĞİ FAKÜLTESİ,ŞANLIURFA,STR 6613 D,550 LT ÇİFT KAPILI OTOKLAV CİHAZI,550 LT,2022/01-070, 60 GÜN,2022-09-16,
DMO,2022/289,2022-08-17,DMO TRABZON BÖLGE MÜDÜRLÜĞÜ,SAMSUN BAFRA AĞIZ VE DİŞ SAĞLIĞI MEREKZİ,SAMSUN,ERS 6613 D,550 LT ÇİFT KAPILI OTOKLAV CİHAZI,550 LT,2022/01-071, 60 GÜN,2022-10-16,
DMO,2022/290,2022-08-29,DMO TRABZON BÖLGE MÜDÜRLÜĞÜ,SAMSUN İL SAĞLIK MÜDÜRLÜĞÜ,SAMSUN,ERS 6613 D,550 LT ÇİFT KAPILI OTOKLAV CİHAZI,550 LT,2022/01-087, 60 GÜN,2022-10-28,
İHALE,2022/291,2022-04-08,BAHÇEŞEHİR ÜNİVERSİTESİ,BAHÇEŞEHİR ÜNİVERSİTESİ DİŞ HEKİMLİĞİ FAKÜLTESİ,İSTANBUL,GOLDBERG 550 D,550 LT ÇİFT KAPILI OTOKLAV CİHAZI,550 LT,2022/01-085,,2022-05-20,
YURTDIŞI,2022/292,2022-08-05,ROMANYA,ROMANYA,ROMANYA,STR 5512 S,300 LT TEK KAPILI OTOKLAV CİHAZI ,300 LT,2022/01-075,,2022-08-26,
DMO,2022/293,2022-08-11,DMO GAZİANTEP BÖLGE MÜDÜRLÜĞÜ,HATAY İL SAĞLIK MÜDÜRLÜĞÜ,HATAY,ERS 5512 D,300 LT ÇİFT KAPILI OTOKLAV CİHAZI ,300 LT,2022/01-079, 65 GÜN,2022-10-15,
DMO,2022/294,2022-08-11,DMO GAZİANTEP BÖLGE MÜDÜRLÜĞÜ,HATAY İL SAĞLIK MÜDÜRLÜĞÜ,HATAY,ERS 5512 D,300 LT ÇİFT KAPILI OTOKLAV CİHAZI ,300 LT,2022/01-080, 65 GÜN,2022-10-15,
YURTDIŞI,2022/296,2022-08-15,NIİJERYA,NİJERYA,NİJERYA,GOLDBERG 300 D,300 LT ÇİFT KAPILI OTOKLAV CİHAZI ,300 LT,2022/01-082,,2022-09-04,
YURTDIŞI,2022/295,2022-10-13,RUANDA,RUANDA,RUANDA,GOLDBERG 300 D,300 LT ÇİFT KAPILI OTOKLAV CİHAZI ,300 LT,2022/01-081,,2022-10-18,
YURTDIŞI,2022/297,2022-07-19,FAS,FAS,FAS,GOLDBERG 422 D,422 LT ÇİFT KAPILI OTOKLAV CİHAZI,422 LT,2022/01-072,,2022-08-05,
DMO,2022/047,2022-06-27,DMO MERSİN İRTİBAT BÜROSU,AKSARAY ÜNİVERSİTESİ REKTÖRLÜĞÜ İDARİ VE MALİ İŞLER DAİRE BAŞKANLIĞI,AKSARAY,ERS 6610 D,422 LT ÇİFT KAPILI OTOKLAV CİHAZI,422 LT,2022/01-049,,,
ÖZEL,2022/299,2022-09-02,ÖZEL MEDİKAL TIBBİ CİHAZLAR SAN VE TİC. A.Ş.,ÖZEL MEDİKAL TIBBİ CİHAZLAR SAN VE TİC. A.Ş.,İSTANBUL,STR 6610 D,422 LT ÇİFT KAPILI OTOKLAV CİHAZI,422 LT,2022/01-088,15 GÜN,2022-09-17,
ÖZEL,2022/308,2022-07-19,TEKEN ELEKTRİK ENERJİ ÜRETİM İNŞAAT TİCARET A. Ş.,MERSİN ÜNİVERSİTESİ DİŞ HEKİMLİĞİ FAKÜLTESİ,MERSİN,STR 7712 D,675 LT ÇİFT KAPILI OTOKLAV CİHAZI,675 LT,2022/01-073,30 GÜN,2022-06-18,
ÖZEL,2022/309,2022-07-19,TEKEN ELEKTRİK ENERJİ ÜRETİM İNŞAAT TİCARET A. Ş.,MERSİN ÜNİVERSİTESİ DİŞ HEKİMLİĞİ FAKÜLTESİ,MERSİN,STR 7712 D,675 LT ÇİFT KAPILI OTOKLAV CİHAZI,675 LT,2022/01-074,30 GÜN,2022-06-18,
ÖZEL,2022/314,2022-05-29,KENT KULAK BURUN BOĞAZ VE ESTETİK CERRAHİ MERKEZİ,KENT KULAK BURUN BOĞAZ VE ESTETİK CERRAHİ MERKEZİ,ANKARA,STR 5512 S,300 LT TEK KAPILI OTOKLAV CİHAZI,300 LT,2022/01-076,15 GÜN,2022-06-13,
2023 YILINA AKTARILDI,2022/326,2022-08-20,2023 YILINA AKTARILDI,2023 YILINA AKTARILDI,,,422 LT TEK KAPILI OTOKLAV CİHAZI,422 LT,,,,kazan yok - nerede
2023 YILINA AKTARILDI,2022/328,2022-08-29,2023 YILINA AKTARILDI,2023 YILINA AKTARILDI,2023 YILINA AKTARILDI,,300 LT TEK KAPILI OTOKLAV CİHAZI,300 LT,,,,
2023 YILINA AKTARILDI,2022/329,2022-08-29,2023 YILINA AKTARILDI,2023 YILINA AKTARILDI,2023 YILINA AKTARILDI,,300 LT TEK KAPILI OTOKLAV CİHAZI,300 LT,,,,
YURTDIŞI,2022/336,2022-09-03,RUSYA FEDARASYONU,RUSYA FEDARASYONU,RUSYA,GOLDBERG 160 D,160 LT ÇİFT KAPILI OTOKLAV CİHAZI ,160 LT,2022/01-093,,2022-09-30,
YURTDIŞI,2022/337,2022-09-03,RUSYA FEDARASYONU,RUSYA FEDARASYONU,RUSYA,GOLDBERG 160 D,160 LT ÇİFT KAPILI OTOKLAV CİHAZI ,160 LT,2022/01-094,,2022-09-30,
YURTDIŞI,2022/338,2022-09-03,RUSYA FEDARASYONU,RUSYA FEDARASYONU,RUSYA,GOLDBERG 160 D,160 LT ÇİFT KAPILI OTOKLAV CİHAZI ,160 LT,2022/01-095,,2022-09-30,
YURTDIŞI,2022/343,2022-10-25,CEZAYİR,CEZAYİR,CEZAYİR,GOLDBERG 160 D,160 LT ÇİFT KAPILI OTOKLAV CİHAZI ,160 LT,2022/01-121,,2022-11-19,
2023 YILINA AKTARILDI,2022/342,2022-09-14,2023 YILINA AKTARILDI,2023 YILINA AKTARILDI,2023 YILINA AKTARILDI,,160 LT ÇİFT KAPILI OTOKLAV CİHAZI ,160 LT,,,,
YURTDIŞI,2022/344,2022-11-24,MISIR,MISIR,MISIR,GOLDBERG 160 S (40*40),160 LT TEK KAPILI OTOKLAV CİHAZI ,160 LT,2022/01-176,,2022-12-23,
YURTDIŞI,2022/345,2022-11-24,MISIR,MISIR,MISIR,GOLDBERG 160 S (40*40),160 LT TEK KAPILI OTOKLAV CİHAZI ,160 LT,2022/01-177,,2022-12-23,
YURTDIŞI,2022/346,2022-11-24,MISIR,MISIR,MISIR,GOLDBERG 160 S (40*40),160 LT TEK KAPILI OTOKLAV CİHAZI ,160 LT,2022/01-178,,2022-12-23,
YURTDIŞI,2022/347,2022-11-24,MISIR,MISIR,MISIR,GOLDBERG 160 S (40*40),160 LT TEK KAPILI OTOKLAV CİHAZI ,160 LT,2022/01-179,,2022-12-23,
YURTDIŞI,2022/348,2022-11-24,MISIR,MISIR,MISIR,GOLDBERG 160 S (40*40),160 LT TEK KAPILI OTOKLAV CİHAZI ,160 LT,2022/01-180,,2022-12-23,
2023 YILINA AKTARILDI,2022/349,2022-09-14,2023 YILINA AKTARILDI,2023 YILINA AKTARILDI,,,160 LT TEK KAPILI OTOKLAV CİHAZI ,160 LT,,,,
2023 YILINA AKTARILDI,2022/350,2022-09-14,2023 YILINA AKTARILDI,2023 YILINA AKTARILDI,,,160 LT TEK KAPILI OTOKLAV CİHAZI ,160 LT,,,,
2023 YILINA AKTARILDI,2022/351,2022-09-14,2023 YILINA AKTARILDI,2023 YILINA AKTARILDI,,,160 LT TEK KAPILI OTOKLAV CİHAZI ,160 LT,,,,
2023 YILINA AKTARILDI,2022/352,2022-09-14,2023 YILINA AKTARILDI,2023 YILINA AKTARILDI,,,160 LT TEK KAPILI OTOKLAV CİHAZI ,160 LT,,,,
2023 YILINA AKTARILDI,2022/353,2022-09-14,2023 YILINA AKTARILDI,2023 YILINA AKTARILDI,,,160 LT TEK KAPILI OTOKLAV CİHAZI ,160 LT,,,,
2023 YILINA AKTARILDI,2022/354,2022-09-14,2023 YILINA AKTARILDI,2023 YILINA AKTARILDI,2023 YILINA AKTARILDI,,250 LT ÇİFT KAPILI OTOKAV CİHAZI,250 LT,,,,
2023 YILINA AKTARILDI,2022/355,2022-09-14,2023 YILINA AKTARILDI,2023 YILINA AKTARILDI,2023 YILINA AKTARILDI,,250 LT ÇİFT KAPILI OTOKAV CİHAZI,250 LT,,,,
2023 YILINA AKTARILDI,2022/356,2022-09-14,2023 YILINA AKTARILDI,2023 YILINA AKTARILDI,2023 YILINA AKTARILDI,,250 LT ÇİFT KAPILI OTOKAV CİHAZI,250 LT,,,,
2023 YILINA AKTARILDI,2022/357,2022-12-06,2023 YILINA AKTARILDI,2023 YILINA AKTARILDI,2023 YILINA AKTARILDI,GOLDBERG 250 D,250 LT ÇİFT KAPILI OTOKAV CİHAZI,250 LT,2022/01-190,,2022-12-10,DUBAİ FUARA GİDİP GELDİ VE CEZAYİRE SATILDI.
2023 YILINA AKTARILDI,2022/358,2022-09-14,2023 YILINA AKTARILDI,2023 YILINA AKTARILDI,2023 YILINA AKTARILDI,,250 LT ÇİFT KAPILI OTOKAV CİHAZI,250 LT,,,,
YURTDIŞI,2022/362,2022-09-24,IRAK MERİVAN,IRAK,IRAK,GOLDBERG 300 D,300 LT ÇİFT KAPILI OTOKLAV CİHAZI ,250 LT,2022/01-100,,2022-10-24,
DMO,2022/385,2022-10-04,DMO İSTANBUL BÖLGE MÜDÜRLÜĞÜ,İSTANBUL PROF. DR. CEMİL TAŞÇIOĞLU ŞEHİR HASTANESİ,İSTANBUL,GOLDBERG 550 D,550 LT ÇİFT KAPILI OTOKLAV CİHAZI,550 LT,2022/01-107,65 GÜN,2022-12-08,
DMO,2022/386,2022-10-04,DMO İSTANBUL BÖLGE MÜDÜRLÜĞÜ,İSTANBUL PROF. DR. CEMİL TAŞÇIOĞLU ŞEHİR HASTANESİ,İSTANBUL,GOLDBERG 550 D,550 LT ÇİFT KAPILI OTOKLAV CİHAZI,550 LT,2022/01-108,65 GÜN,2022-12-08,
DMO,2022/388,2022-10-10,DMO 1 NOLU OPERASYONEL SÜREÇLER DAİRE BAŞKANLIĞI,ANKARA SAĞLIK BİLİMLERİ ÜNİVERSİTESİ GÜLHANE DİŞ HEKİMLİĞİ FAKÜLTESİ,ANKARA,GOLDBERG 550 D,550 LT ÇİFT KAPILI OTOKLAV CİHAZI,550 LT,2022/01-109,65 GÜN,2022-12-14,
DMO,2022/389,2022-10-10,DMO 1 NOLU OPERASYONEL SÜREÇLER DAİRE BAŞKANLIĞI,ANKARA SAĞLIK BİLİMLERİ ÜNİVERSİTESİ GÜLHANE DİŞ HEKİMLİĞİ FAKÜLTESİ,ANKARA,GOLDBERG 550 D,550 LT ÇİFT KAPILI OTOKLAV CİHAZI,550 LT,2022/01-110,65 GÜN,2022-12-14,
DMO,2022/390,2022-10-11,DMO İZMİR BÖLGE MÜDÜRLÜĞÜ,MUĞLA İL SAĞLIK MÜDÜRLÜĞÜ-SEYDİKEMER DEVLET HASTANESİ,MUĞLA,GOLDBERG 550 D,550 LT ÇİFT KAPILI OTOKLAV CİHAZI,550 LT,2022/01-111,65 GÜN,2022-12-15,
DMO,2022/391,2022-10-11,DMO İZMİR BÖLGE MÜDÜRLÜĞÜ,MUĞLA İL SAĞLIK MÜDÜRLÜĞÜ-SEYDİKEMER DEVLET HASTANESİ,MUĞLA,GOLDBERG 840 D,840 LT ÇİFT KAPILI OTOKLAV CİHAZI ,840 LT,2022/01-112,65 GÜN,2022-12-15,
YURTDIŞI,2022/392,2022-09-24,MERİVAN-IRAK,IRAK,IRAK,GOLDBERG 300 D,300 LT ÇİFT KAPILI OTOKLAV CİHAZI ,300 LT,2022/01-113,,2022-10-24,
DMO,2022/395,2022-10-20,DMO GAZİANTEP BÖLGE MÜDÜRLÜĞÜ,OSMANİYE İL SAĞLIK MÜDÜRLÜĞÜ,OSMANİYE,ERS 7715 D,840 LT ÇİFT KAPILI OTOKLAV CİHAZI ,840 LT,2022/01-114,65 GÜN,2022-12-24,
DMO,2022/396,2022-10-20,DMO GAZİANTEP BÖLGE MÜDÜRLÜĞÜ,OSMANİYE İL SAĞLIK MÜDÜRLÜĞÜ,OSMANİYE,ERS 7715 D,840 LT ÇİFT KAPILI OTOKLAV CİHAZI ,840 LT,2022/01-115,65 GÜN,2022-12-24,
DMO,2022/397,2022-10-20,DMO GAZİANTEP BÖLGE MÜDÜRLÜĞÜ,OSMANİYE İL SAĞLIK MÜDÜRLÜĞÜ,OSMANİYE,ERS 7715 D,840 LT ÇİFT KAPILI OTOKLAV CİHAZI ,840 LT,2022/01-116,65 GÜN,2022-12-24,
DMO,2022/398,2022-10-20,DMO GAZİANTEP BÖLGE MÜDÜRLÜĞÜ,OSMANİYE İL SAĞLIK MÜDÜRLÜĞÜ,OSMANİYE,ERS 7715 D,840 LT ÇİFT KAPILI OTOKLAV CİHAZI ,840 LT,2022/01-117,65 GÜN,2022-12-24,
YURTDIŞI,2022/399,2022-10-25,CEZAYİR,CEZAYİR,CEZAYİR,GOLDBERG 300 D,300 LT ÇİFT KAPILI OTOKLAV CİHAZI,300 LT,2022/01-119,,2022-11-19,
YURTDIŞI,2022/400,2022-11-02,ARNAVUTLUK,ARNAVUTLUK,ARNAVUTLUK,GOLDBERG 300 D,300 LT ÇİFT KAPILI OTOKLAV CİHAZI,300 LT,2022/01-124,,,
DMO,2022/401,2022-11-10,DMO 1 NOLU OPERASYONEL SÜREÇLER DAİRE BAŞKANLIĞI,KIRŞEHİR İL SAĞLIK MÜDÜRLÜĞÜ -MUCUR DEVLET HASTANESİ,KIRŞEHİR,ERS 5512 D,300 LT ÇİFT KAPILI OTOKLAV CİHAZI,300 LT,2022/01-165,65 GÜN,2023-01-14,
DMO,2022/404,2022-10-20,DMO GAZİANTEP BÖLGE MÜDÜRLÜĞÜ,OSMANİYE İL SAĞLIK MÜDÜRLÜĞÜ,OSMANİYE,ERS 6613 D,550 LT ÇİFT KAPILI OTOKLAV CİHAZI,550 LT,2022/01-118,65 GÜN,2022-12-24,
YURTDIŞI,2022/045,2022-10-25,CEZAYİR,CEZAYİR,CEZAYİR,GOLDBERG 422 D,422 LT ÇİFT KAPILI OTOKLAV CİHAZI,422 LT,2022/01-019,,2022-11-19,
DMO,2022/409,2022-10-26,DMO VAN İRTİBAT BÜROSU ,VAN İL SAĞLIK MÜDÜRLÜĞÜ - VAN ERCİŞ ADSM,VAN,ERS 6610 D,422 LT ÇİFT KAPILI OTOKLAV CİHAZI,422 LT,2022/01-122,65 GÜN,2022-12-30,
YURTDIŞI,2022/416,2022-11-02,KAMBOÇYA,KAMBOÇYA,KAMBOÇYA,GOLDBERG 75 V,75 LT DİK TİP OTOKLAV CİHAZI,75 LT,2022/01-125,,2022-12-20,
YURTDIŞI,2022/417,2022-11-02,KAMBOÇYA,KAMBOÇYA,KAMBOÇYA,GOLDBERG 75 V,75 LT DİK TİP OTOKLAV CİHAZI,75 LT,2022/01-126,,2022-12-20,
YURTDIŞI,2022/418,2022-11-02,KAMBOÇYA,KAMBOÇYA,KAMBOÇYA,GOLDBERG 75 V,75 LT DİK TİP OTOKLAV CİHAZI,75 LT,2022/01-127,,2022-12-20,
YURTDIŞI,2022/419,2022-11-02,KAMBOÇYA,KAMBOÇYA,KAMBOÇYA,GOLDBERG 75 V,75 LT DİK TİP OTOKLAV CİHAZI,75 LT,2022/01-128,,2022-12-20,
YURTDIŞI,2022/420,2022-11-02,KAMBOÇYA,KAMBOÇYA,KAMBOÇYA,GOLDBERG 75 V,75 LT DİK TİP OTOKLAV CİHAZI,75 LT,2022/01-129,,2022-12-20,
YURTDIŞI,2022/421,2022-11-02,KAMBOÇYA,KAMBOÇYA,KAMBOÇYA,GOLDBERG 75 V,75 LT DİK TİP OTOKLAV CİHAZI,75 LT,2022/01-130,,2022-12-20,
YURTDIŞI,2022/422,2022-11-02,KAMBOÇYA,KAMBOÇYA,KAMBOÇYA,GOLDBERG 75 V,75 LT DİK TİP OTOKLAV CİHAZI,75 LT,2022/01-131,,2022-12-20,
YURTDIŞI,2022/423,2022-11-02,KAMBOÇYA,KAMBOÇYA,KAMBOÇYA,GOLDBERG 75 V,75 LT DİK TİP OTOKLAV CİHAZI,75 LT,2022/01-132,,2022-12-20,
YURTDIŞI,2022/424,2022-11-02,KAMBOÇYA,KAMBOÇYA,KAMBOÇYA,GOLDBERG 75 V,75 LT DİK TİP OTOKLAV CİHAZI,75 LT,2022/01-133,,2022-12-20,
YURTDIŞI,2022/425,2022-11-02,KAMBOÇYA,KAMBOÇYA,KAMBOÇYA,GOLDBERG 75 V,75 LT DİK TİP OTOKLAV CİHAZI,75 LT,2022/01-134,,2022-12-20,
YURTDIŞI,2022/426,2022-11-02,KAMBOÇYA,KAMBOÇYA,KAMBOÇYA,GOLDBERG 75 V,75 LT DİK TİP OTOKLAV CİHAZI,75 LT,2022/01-135,,2022-12-20,
YURTDIŞI,2022/427,2022-11-02,KAMBOÇYA,KAMBOÇYA,KAMBOÇYA,GOLDBERG 75 V,75 LT DİK TİP OTOKLAV CİHAZI,75 LT,2022/01-136,,2022-12-20,
YURTDIŞI,2022/428,2022-11-02,KAMBOÇYA,KAMBOÇYA,KAMBOÇYA,GOLDBERG 75 V,75 LT DİK TİP OTOKLAV CİHAZI,75 LT,2022/01-137,,2022-12-20,
YURTDIŞI,2022/429,2022-11-02,KAMBOÇYA,KAMBOÇYA,KAMBOÇYA,GOLDBERG 75 V,75 LT DİK TİP OTOKLAV CİHAZI,75 LT,2022/01-138,,2022-12-20,
YURTDIŞI,2022/430,2022-11-02,KAMBOÇYA,KAMBOÇYA,KAMBOÇYA,GOLDBERG 75 V,75 LT DİK TİP OTOKLAV CİHAZI,75 LT,2022/01-139,,2022-12-20,
YURTDIŞI,2022/431,2022-11-02,KAMBOÇYA,KAMBOÇYA,KAMBOÇYA,GOLDBERG 75 V,75 LT DİK TİP OTOKLAV CİHAZI,75 LT,2022/01-140,,2022-12-20,
YURTDIŞI,2022/432,2022-11-02,KAMBOÇYA,KAMBOÇYA,KAMBOÇYA,GOLDBERG 75 V,75 LT DİK TİP OTOKLAV CİHAZI,75 LT,2022/01-141,,2022-12-20,
YURTDIŞI,2022/433,2022-11-02,KAMBOÇYA,KAMBOÇYA,KAMBOÇYA,GOLDBERG 75 V,75 LT DİK TİP OTOKLAV CİHAZI,75 LT,2022/01-142,,2022-12-20,
YURTDIŞI,2022/434,2022-11-02,KAMBOÇYA,KAMBOÇYA,KAMBOÇYA,GOLDBERG 75 V,75 LT DİK TİP OTOKLAV CİHAZI,75 LT,2022/01-143,,2022-12-20,
YURTDIŞI,2022/435,2022-11-02,KAMBOÇYA,KAMBOÇYA,KAMBOÇYA,GOLDBERG 75 V,75 LT DİK TİP OTOKLAV CİHAZI,75 LT,2022/01-144,,2022-12-20,
YURTDIŞI,2022/436,2022-11-02,KAMBOÇYA,KAMBOÇYA,KAMBOÇYA,GOLDBERG 75 V,75 LT DİK TİP OTOKLAV CİHAZI,75 LT,2022/01-145,,2022-12-20,
YURTDIŞI,2022/437,2022-11-02,KAMBOÇYA,KAMBOÇYA,KAMBOÇYA,GOLDBERG 75 V,75 LT DİK TİP OTOKLAV CİHAZI,75 LT,2022/01-146,,2022-12-20,
YURTDIŞI,2022/438,2022-11-02,KAMBOÇYA,KAMBOÇYA,KAMBOÇYA,GOLDBERG 75 V,75 LT DİK TİP OTOKLAV CİHAZI,75 LT,2022/01-147,,2022-12-20,
YURTDIŞI,2022/439,2022-11-02,KAMBOÇYA,KAMBOÇYA,KAMBOÇYA,GOLDBERG 75 V,75 LT DİK TİP OTOKLAV CİHAZI,75 LT,2022/01-148,,2022-12-20,
YURTDIŞI,2022/440,2022-11-02,KAMBOÇYA,KAMBOÇYA,KAMBOÇYA,GOLDBERG 75 V,75 LT DİK TİP OTOKLAV CİHAZI,75 LT,2022/01-149,,2022-12-20,
YURTDIŞI,2022/441,2022-11-02,KAMBOÇYA,KAMBOÇYA,KAMBOÇYA,GOLDBERG 75 V,75 LT DİK TİP OTOKLAV CİHAZI,75 LT,2022/01-150,,2022-12-20,
YURTDIŞI,2022/442,2022-11-02,KAMBOÇYA,KAMBOÇYA,KAMBOÇYA,GOLDBERG 75 V,75 LT DİK TİP OTOKLAV CİHAZI,75 LT,2022/01-151,,2022-12-20,
YURTDIŞI,2022/443,2022-11-02,KAMBOÇYA,KAMBOÇYA,KAMBOÇYA,GOLDBERG 75 V,75 LT DİK TİP OTOKLAV CİHAZI,75 LT,2022/01-152,,2022-12-20,
YURTDIŞI,2022/444,2022-11-02,KAMBOÇYA,KAMBOÇYA,KAMBOÇYA,GOLDBERG 75 V,75 LT DİK TİP OTOKLAV CİHAZI,75 LT,2022/01-153,,2022-12-20,
YURTDIŞI,2022/445,2022-11-02,KAMBOÇYA,KAMBOÇYA,KAMBOÇYA,GOLDBERG 75 V,75 LT DİK TİP OTOKLAV CİHAZI,75 LT,2022/01-154,,2022-12-20,
YURTDIŞI,2022/446,2022-11-02,KAMBOÇYA,KAMBOÇYA,KAMBOÇYA,GOLDBERG 75 V,75 LT DİK TİP OTOKLAV CİHAZI,75 LT,2022/01-155,,2022-12-20,
YURTDIŞI,2022/447,2022-11-02,KAMBOÇYA,KAMBOÇYA,KAMBOÇYA,GOLDBERG 75 V,75 LT DİK TİP OTOKLAV CİHAZI,75 LT,2022/01-156,,2022-12-20,
YURTDIŞI,2022/448,2022-11-02,KAMBOÇYA,KAMBOÇYA,KAMBOÇYA,GOLDBERG 75 V,75 LT DİK TİP OTOKLAV CİHAZI,75 LT,2022/01-157,,2022-12-20,
YURTDIŞI,2022/449,2022-11-02,KAMBOÇYA,KAMBOÇYA,KAMBOÇYA,GOLDBERG 75 V,75 LT DİK TİP OTOKLAV CİHAZI,75 LT,2022/01-158,,2022-12-20,
YURTDIŞI,2022/450,2022-11-02,KAMBOÇYA,KAMBOÇYA,KAMBOÇYA,GOLDBERG 75 V,75 LT DİK TİP OTOKLAV CİHAZI,75 LT,2022/01-159,,2022-12-20,
DMO,2022/453,2022-11-07,DMO İSTANBUL BÖLGE MÜDÜRLÜĞÜ,İSTANBUL İL SAĞLIK MÜDÜRLÜĞÜ- HASEKİ EĞİTİM VEARAŞTIRMA HASTANESİ,İSTANBUL,ERS 7715 D,840 LT ÇİFT KAPILI OTOKLAV CİHAZI ,840 LT,2022/01-160, 65 GÜN ,2023-01-11,
DMO,2022/454,2022-11-07,DMO İSTANBUL BÖLGE MÜDÜRLÜĞÜ,İSTANBUL İL SAĞLIK MÜDÜRLÜĞÜ- HASEKİ EĞİTİM VEARAŞTIRMA HASTANESİ,İSTANBUL,ERS 7715 D,840 LT ÇİFT KAPILI OTOKLAV CİHAZI ,840 LT,2022/01-161, 65 GÜN ,2023-01-11,
DMO,2022/455,2022-11-07,DMO 1 NOLU OPERASYONEL SÜREÇLER DAİRE BAŞKANLIĞI,ANKARA SİNCAN DR. NAFİZ KÖREZ DEVLET HASTANESİ,ANKARA,ERS 7715 D,840 LT ÇİFT KAPILI OTOKLAV CİHAZI ,840 LT,2022/01-162, 65 GÜN ,2023-01-11,
YURTDIŞI,2022/456,2022-11-09,IRAK,IRAK,IRAK,GOLDBERG 675 D,675 LT ÇİFT KAPILI OTOKLAV CİHAZI,675 LT,2022/01-14064,,,
İHALE,2022/457,2022-11-09,NİĞDE ÖMER HALİSDEMİR ÜNİVERSİTESİ,NİĞDE EĞİTİM VE ARAŞTIRMA HASTANESİ,NİĞDE,STR 7715 D,840 LT ÇİFT KAPILI OTOKLAV CİHAZI ,840 LT,2022/01-163,,2023-11-30,
DMO,2022/463,2022-11-22,DMO İZMİR BÖLGE MÜDÜRLÜĞÜ,İZMİR TİRE DEVLET HASTANESİ,İZMİR,ERS 6613 D,550 LT ÇİFT KAPILI OTOKLAV CİHAZI,550 LT,2022/01-175,60 GÜN,2023-01-21,
İHALE,2022/464,2022-11-11,PAŞA DENTAL TIBBİ CİHAZLAR MALZEME SAN VE TİC. A.Ş.,BİLECİK ŞEYH EDEBALİ ÜNİVERSİTESİ DİŞ HEKİMLİĞİ FAKÜLTESİ,BİLECİK,STR 6613 D,550 LT ÇİFT KAPILI OTOKLAV CİHAZI,550 LT,2022/01-166,,2022-12-09,
DMO,2022/465,2022-11-17,DMO 1 NOLU OPERASYONEL SÜREÇLER DAİRE BAŞKANLIĞI,KONYA NECMETTİN ERBAKAN ÜNİVERSİTESİ MERAM TIP FAKÜLTESİ HASTANESİ ,KONYA,GOLDBERG 840 D,840 LT ÇİFT KAPILI OTOKLAV CİHAZI ,840 LT,2022/01-167, 65 GÜN ,2023-01-21,
DMO,2022/466,2022-11-17,DMO 1 NOLU OPERASYONEL SÜREÇLER DAİRE BAŞKANLIĞI,KONYA NECMETTİN ERBAKAN ÜNİVERSİTESİ MERAM TIP FAKÜLTESİ HASTANESİ ,KONYA,GOLDBERG 840 D,840 LT ÇİFT KAPILI OTOKLAV CİHAZI ,840 LT,2022/01-168, 65 GÜN ,2023-01-21,
DMO,2022/467,2022-11-17,DMO 1 NOLU OPERASYONEL SÜREÇLER DAİRE BAŞKANLIĞI,KONYA NECMETTİN ERBAKAN ÜNİVERSİTESİ MERAM TIP FAKÜLTESİ HASTANESİ ,KONYA,GOLDBERG 840 D,840 LT ÇİFT KAPILI OTOKLAV CİHAZI ,840 LT,2022/01-169, 65 GÜN ,2023-01-21,
DMO,2022/468,2022-11-17,DMO ESKİŞEHİR BÖLGE MÜDÜRLÜĞÜ,BURDUR DEVLET HASTANESİ,BURDUR,ERS 7715 D,840 LT ÇİFT KAPILI OTOKLAV CİHAZI ,840 LT,2022/01-170, 65 GÜN ,2023-01-21,
DMO,2022/469,2022-11-17,DMO ESKİŞEHİR BÖLGE MÜDÜRLÜĞÜ,BURDUR DEVLET HASTANESİ,BURDUR,ERS 7715 D,840 LT ÇİFT KAPILI OTOKLAV CİHAZI ,840 LT,2022/01-171, 65 GÜN ,2023-01-21,
DMO,2022/470,2022-11-17,DMO ESKİŞEHİR BÖLGE MÜDÜRLÜĞÜ,BURDUR DEVLET HASTANESİ,BURDUR,ERS 6613 D,550 LT ÇİFT KAPILI OTOKLAV CİHAZI,550 LT,2022/01-172, 65 GÜN ,2023-01-21,
YURTDIŞI,2022/472,2022-11-18,EKVATOR GİNESİ ,EKVATOR GİNESİ ,EKVATOR GİNESİ,GOLDBERG 675 S,675 LT TEK KAPILI OTOKLAV CİHAZI,675 LT,2022/01-173,30 GÜN,2022-12-18,
YURTDIŞI,2022/473,2022-11-18,EKVATOR GİNESİ ,EKVATOR GİNESİ ,EKVATOR GİNESİ,GOLDBERG 675 S,675 LT TEK KAPILI OTOKLAV CİHAZI,675 LT,2022/01-174,30 GÜN,2022-12-18,
ÖZEL,2022/474,2023-02-13,SAĞLIK BAKANLIĞI KAMU HASTANELERİ GENEL MÜDÜRLÜĞÜ,KAHRAMANMARAŞ NECİP FAZIL ŞEHİR HASTANESİ,KAHRAMANMARAŞ,GOLDBERG 550 D,550 LT ÇİFT KAPILI OTOKLAV CİHAZI,550 LT,2022/01-194,,2023-02-14,
İHALE,2022/475,2022-12-05,ADANA İL SAĞLIK MÜDÜRLÜĞÜ,ADANA İL SAĞLIK MÜDÜRLÜĞÜ (GÜNEY SEYHAN DEVLET HASTANESİ),ADANA,STR 7712 D,675 LT ÇİFT KAPILI OTOKLAV CİHAZI,675 LT,2022/01-187,60 GÜN,2023-02-03,
İHALE,2022/476,2022-12-05,ADANA İL SAĞLIK MÜDÜRLÜĞÜ,ADANA İL SAĞLIK MÜDÜRLÜĞÜ (GÜNEY SEYHAN DEVLET HASTANESİ),ADANA,STR 7712 D,675 LT ÇİFT KAPILI OTOKLAV CİHAZI,675 LT,2022/01-188,60 GÜN,2023-02-03,
YURTDIŞI,2022/477,2022-12-30,FAS,FAS,FAS,GOLDBERG 422 D,422 LT ÇİFT KAPILI OTOKLAV CİHAZI,422 LT,2022/01-186,,2022-12-30,
DMO,2022/478,2022-12-07,DMO ELAZIĞ BÖLGE MÜDÜRLÜĞÜ,MALATYA İL SAĞLIK MÜDÜRLÜĞÜ - DARENDE DEVLET HASTANESİ,MALATYA,ERS 6610 D,422 LT ÇİFT KAPILI OTOKLAV CİHAZI,422 LT,2022/01-189,60 GÜN,2023-02-05,
YURTDIŞI,2022/479,2022-11-24,MISIR,MISIR,MISIR,GOLDBERG 75 V,75 LT DİK TİP OTOKLAV CİHAZI,75 LT,2022/01-181,,2022-12-23,
YURTDIŞI,2022/480,2022-11-24,MISIR,MISIR,MISIR,GOLDBERG 75 V,75 LT DİK TİP OTOKLAV CİHAZI,75 LT,2022/01-182,,2022-12-23,
YURTDIŞI,2022/481,2022-11-24,MISIR,MISIR,MISIR,GOLDBERG 75 V,75 LT DİK TİP OTOKLAV CİHAZI,75 LT,2022/01-183,,2022-12-23,
YURTDIŞI,2022/482,2022-11-24,MISIR,MISIR,MISIR,GOLDBERG 75 V,75 LT DİK TİP OTOKLAV CİHAZI,75 LT,2022/01-184,,2022-12-23,
YURTDIŞI,2022/483,2022-11-24,MISIR,MISIR,MISIR,GOLDBERG 75 V,75 LT DİK TİP OTOKLAV CİHAZI,75 LT,2022/01-185,,2022-12-23,
2024 YILANA AKTARILDI,2022/485,2022-09-14,2024 YILANA AKTARILDI,2024 YILANA AKTARILDI,,,160 LT TEK KAPILI OTOKLAV CİHAZI ,160 LT,,,,
2024 YILANA AKTARILDI,2022/486,2022-09-14,2024 YILANA AKTARILDI,2024 YILANA AKTARILDI,,,160 LT TEK KAPILI OTOKLAV CİHAZI ,160 LT,,,,
2024 e aktarıldı,2022/487,2022-09-14,2024 e aktarıldı,2024 e aktarıldı,,,160 LT TEK KAPILI OTOKLAV CİHAZI ,160 LT,,,,
2024 e aktarıldı,2022/488,2022-09-14,2024 e aktarıldı,2024 e aktarıldı,,,160 LT TEK KAPILI OTOKLAV CİHAZI ,160 LT,,,,
2024 e aktarıldı,2022/489,2022-09-14,2024 e aktarıldı,2024 e aktarıldı,,,160 LT TEK KAPILI OTOKLAV CİHAZI ,160 LT,,,,
2023 YILANA AKTARILDI,2022/490,2022-12-01,2023 YILANA AKTARILDI,2023 YILANA AKTARILDI,2023 YILANA AKTARILDI,,840 LT ÇİFT KAPILI OTOKLAV CİHAZI,840 LT,,,,
2023 YILANA AKTARILDI,2022/491,2022-12-01,2023 YILANA AKTARILDI,2023 YILANA AKTARILDI,2023 YILANA AKTARILDI,,840 LT ÇİFT KAPILI OTOKLAV CİHAZI,840 LT,,,,
2023 YILANA AKTARILDI,2022/492,2022-12-01,2023 YILANA AKTARILDI,2023 YILANA AKTARILDI,2023 YILANA AKTARILDI,,840 LT ÇİFT KAPILI OTOKLAV CİHAZI,840 LT,,,,
2023 YILANA AKTARILDI,2022/493,2022-12-01,2023 YILANA AKTARILDI,2023 YILANA AKTARILDI,2023 YILANA AKTARILDI,,840 LT ÇİFT KAPILI OTOKLAV CİHAZI,840 LT,,,,
2023 YILANA AKTARILDI,2022/494,2022-12-01,2023 YILANA AKTARILDI,2023 YILANA AKTARILDI,2023 YILANA AKTARILDI,,840 LT ÇİFT KAPILI OTOKLAV CİHAZI,840 LT,,,,
2023 YILANA AKTARILDI,2022/495,2022-12-01,2023 YILANA AKTARILDI,2023 YILANA AKTARILDI,2023 YILANA AKTARILDI,,840 LT ÇİFT KAPILI OTOKLAV CİHAZI,840 LT,,,,
2023 YILANA AKTARILDI,2022/496,2022-12-01,2023 YILANA AKTARILDI,2023 YILANA AKTARILDI,2023 YILANA AKTARILDI,,840 LT ÇİFT KAPILI OTOKLAV CİHAZI,840 LT,,,,
2023 YILANA AKTARILDI,2022/497,2022-12-01,2023 YILANA AKTARILDI,2023 YILANA AKTARILDI,2023 YILANA AKTARILDI,,840 LT ÇİFT KAPILI OTOKLAV CİHAZI,840 LT,,,,
2023 YILANA AKTARILDI,2022/498,2022-12-01,2023 YILANA AKTARILDI,2023 YILANA AKTARILDI,2023 YILANA AKTARILDI,,840 LT ÇİFT KAPILI OTOKLAV CİHAZI,840 LT,,,,
2023 YILANA AKTARILDI,2022/499,2022-12-01,2023 YILANA AKTARILDI,2023 YILANA AKTARILDI,2023 YILANA AKTARILDI,,840 LT ÇİFT KAPILI OTOKLAV CİHAZI,840 LT,,,,
2023 YILANA AKTARILDI,2022/500,2022-12-01,2023 YILANA AKTARILDI,2023 YILANA AKTARILDI,2023 YILANA AKTARILDI,,840 LT ÇİFT KAPILI OTOKLAV CİHAZI,840 LT,,,,
YURTDIŞI,2022/510,2022-12-06,MISIR,MISIR,MISIR,GOLDBERG 422 S,422 LT TEK KAPILI OTOKLAV CİHAZI,422 LT,2022/01-191,,2022-01-06,
DMO,2022/511,2022-12-07,DMO 1 NOLU OPERASYONEL SÜREÇLER DAİRESİ BAŞKANLIĞI,KONYA AKŞEHİR AĞIZ VE DİŞ SAĞLIĞI MERKEZİ,KONYA,ERS 6610 D,422 LT ÇİFT KAPILI OTOKLAV CİHAZI,422 LT,2022/01-192,60 GÜN,2023-02-05,
YURTDIŞI,2022/512,2022-12-07,MISIR,MISIR,MISIR,GOLDBERG 250 S,250 LT TEK KAPILI OTOKLAV CİHAZI,250 LT,2022/01-193,,2023-01-06,
ÖZEL,2022/513,2023-02-13,SAĞLIK BAKANLIĞI KAMU HASTANELERİ GENEL MÜDÜRLÜĞÜ,KAHRAMANMARAŞ NECİP FAZIL ŞEHİR HASTANESİ,KAHRAMANMARAŞ,GOLDBERG 550 D,550 LT ÇİFT KAPILI OTOKLAV CİHAZI,550 LT,2022/01-195,,2023-02-14,
2024 YILANA AKTARILDI,2022/514,2022-12-16,2024 YILANA AKTARILDI,2024 YILANA AKTARILDI,,,675 LT ÇİFT KAPILI OTOKLAV CİHAZI,675 LT,2022/01-196,SERİ NUMARASI İPTAL OLDU,,
