kategori,satis_turu,siparis_no,siparis_tarihi,siparisi_veren,kurulum_yeri,il,urun_modeli,urun_adi,litre,seri_no,teslim_suresi,teslim_tarihi,siparis_durumu,irsaliye_tarihi
AMELIYAT MASASI,ÖZEL,2018/006,6/29/2018,ÖZEL FSM TIP MERKEZİ,ÖZEL FSM TIP MERKEZİ,İSTANBUL,GOLDBERG 5S,AMELİYAT MASASI,*,2018/02-012,20 GÜN,7/18/2018,,
AMELIYAT MASASI,DEMO,2018/007,2/14/2018,DEMO,DERİNCE EĞİTİM VE ARAŞTIRMA HASTANESİ,KOCAELİ,GOLDBERG 5S,AMELİYAT MASASI,*,2018/02-003,21 GÜN,,,
AMELIYAT MASASI,ÖZEL,2018/008,10/23/2018,İZMİR KATİP ÇELEBİ ÜNİVERSİTESİ,İZMİR KATİP ÇELEBİ ÜNİVERSİTESİ,İZMİR,GOLDBERG 5S,AMELİYAT MASASI,*,2018/02-029,DERHAL,,,
AMELIYAT MASASI,YURTDIŞI,2018/009,9/3/2018,COOL DEE PA ELEKTRIC CO LTD.,COOL DEE PA ELEKTRIC CO LTD.,TAYLAND,GOLDBERG 5S,AMELİYAT MASASI,*,2018/02-022,7 GÜN,9/7/2018,,
AMELIYAT MASASI,YURTDIŞI,2018/011,2/28/2018,YÜKSELİŞ,DR.ORUC IBADOV,AZERBEYCAN,GOLDBERG 5S,AMELİYAT MASASI,*,2018/02-004,8 GÜN,,,
AMELIYAT MASASI,DMO,2018/013,11/2/2018,DMO BURSA BÖLGE MÜDÜRLÜĞÜ,BANDIRMA DEVLET HASTANESİ,BALIKESİR,GOLDBERG 5S,AMELİYAT MASASI,*,2018/02-033,60 GÜN,1/1/2019,,
AMELIYAT MASASI,ÖZEL,2018/015,7/27/2018,İZMİR KATİP ÇELEBİ ÜNİVERSİTESİ,İZMİR KATİP ÇELEBİ ÜNİVERSİTESİ,İZMİR,GOLDBERG 5S,AMELİYAT MASASI,*,2018/02-016,61 GÜN,8/6/2018,,
AMELIYAT MASASI,DMO,2018/016,11/2/2018,DMO BURSA BÖLGE MÜDÜRLÜĞÜ,BANDIRMA DEVLET HASTANESİ,BALIKESİR,GOLDBERG 5S,AMELİYAT MASASI,*,2018/02-032,60 GÜN,1/1/2019,,
AMELIYAT MASASI,ÖZEL,2018/017,6/29/2018,ÖZEL FSM TIP MERKEZİ,ÖZEL FSM TIP MERKEZİ,İSTANBUL,GOLDBERG 5S,AMELİYAT MASASI,*,2018/02-011,20 GÜN,7/18/2018,,
AMELIYAT MASASI,DMO,2018/018,11/2/2018,DMO BURSA BÖLGE MÜDÜRLÜĞÜ,BANDIRMA DEVLET HASTANESİ,BALIKESİR,GOLDBERG 5S,AMELİYAT MASASI,*,2018/02-031,60 GÜN,1/1/2019,,
AMELIYAT MASASI,YURTDIŞI,2018/019,11/21/2018,ARISTOTEL ZDRAVSTVENI CENTER D.O.O.,ARISTOTEL ZDRAVSTVENI CENTER D.O.O.,SLOVENYA,GOLDBERG 5S,AMELİYAT MASASI,*,2018/02-014,61 GÜN,,,
AMELIYAT MASASI,DMO,2018/020,3/20/2018,DMO,BURSA MUAMMER AĞIM GEMLİK DEVLET HASTANESİ,BURSA,ERM 2000 F,AMELİYAT MASASI,*,2018/02-002,50 GÜN,5/8/2018,,
AMELIYAT MASASI,YURTDIŞI,2018/021,6/25/2018,NI CONSULTİNG,NI CONSULTİNG,ROMANYA,GOLDBERG 5S,AMELİYAT MASASI,*,2018/02-010,51 GÜN,7/18/2018,,
AMELIYAT MASASI,ÖZEL,2018/023,4/11/2018,ÖZEL,ÖZEL SAFA TEŞHİS VE TEDAVİ MERKEZİ SAN.TİC.A.Ş.,İZMİR,GOLDBERG 5S,AMELİYAT MASASI,*,2018/02-005,DERHAL,,,
AMELIYAT MASASI,DMO,2018/024,11/2/2018,DMO BURSA BÖLGE MÜDÜRLÜĞÜ,BANDIRMA DEVLET HASTANESİ,BALIKESİR,GOLDBERG 5S,AMELİYAT MASASI,*,2018/02-035,60 GÜN,1/1/2019,,
AMELIYAT MASASI,DMO,2018/025,11/2/2018,DMO BURSA BÖLGE MÜDÜRLÜĞÜ,BANDIRMA DEVLET HASTANESİ,BALIKESİR,GOLDBERG 5S,AMELİYAT MASASI,*,2018/02-030,60 GÜN,1/1/2019,,
AMELIYAT MASASI,DMO,2018/027,11/2/2018,DMO BURSA BÖLGE MÜDÜRLÜĞÜ,BANDIRMA DEVLET HASTANESİ,BALIKESİR,GOLDBERG 5S,AMELİYAT MASASI,*,2018/02-034,60 GÜN,1/1/2019,,
AMELIYAT MASASI,YURTDIŞI,2018/028,12/10/2018,RAWAT ALMAJARRA COMPANY,RAWAT ALMAJARRA COMPANY,IRAK,GOLDBERG 5S,AMELİYAT MASASI,*,2018/02-037,61 GÜN,12/12/2018,,
AMELIYAT MASASI,DMO,2018/029,11/5/2018,DMO BURSA BÖLGE MÜDÜRLÜĞÜ,BANDIRMA DEVLET HASTANESİ,BALIKESİR,GOLDBERG 5S,AMELİYAT MASASI,*,2018/02-036,60 GÜN,1/1/2019,,
AMELIYAT MASASI,YURTDIŞI,2018/031,10/3/2018,BİOMETRİC ALBANİA,BİOMETRİC ALBANİA,ARNAVUTLUK,STR 2000 F,AMELİYAT MASASI,*,2018/02-024,30 GÜN,11/2/2018,,
AMELIYAT MASASI,ÖZEL,2018/034,1/2/2018,DED GRUP İNŞAAT MEDİKAL SANAYİ VE TİCARET LİMİTED ŞİRKETİ,MALATYA DEVLET HASTANESİ,MALATYA,GOLDBERG 5S,AMELİYAT MASASI,*,2018/02-001,31 GÜN,,,
AMELIYAT MASASI,YURTDIŞI,2018/085,10/3/2018,BİOMETRİC ALBANİA,BİOMETRİC ALBANİA,ARNAVUTLUK,STR 2000 F,AMELİYAT MASASI,*,2018/02-025,30 GÜN,11/2/2018,,
AMELIYAT MASASI,YURTDIŞI,2018/137,7/25/2018,MODERN MEDİCAL,MODERN MEDİCAL,IRAK,GOLDBERG 5S,AMELİYAT MASASI,*,2018/02-015,DERHAL,7/25/2018,,
AMELIYAT MASASI,YURTDIŞI,2018/138,12/10/2018,RAWAT ALMAJARRA COMPANY,RAWAT ALMAJARRA COMPANY,IRAK,GOLDBERG 5S,AMELİYAT MASASI,*,2018/02-038,19 GÜN,12/12/2018,,
AMELIYAT MASASI,ÖZEL,2018/145,6/29/2018,ÖZEL FSM TIP MERKEZİ,ÖZEL FSM TIP MERKEZİ,İSTANBUL,STR 2000 F,AMELİYAT MASASI,*,2018/02-013,20 GÜN,7/18/2018,,
AMELIYAT MASASI,ÖZEL,2018/146,4/30/2018,ÖZTAN HASTANESİ,ÖZTAN HASTANESİ,UŞAK,2000 F,AMELİYAT MASASI,*,2018/02-006,5/10/2018 0:00,,,
AMELIYAT MASASI,YURTDIŞI,2018/149,9/3/2018,COOL DEE PA ELEKTRIC CO LTD.,COOL DEE PA ELEKTRIC CO LTD.,TAYLAND,STR 2000 F,AMELİYAT MASASI,*,2018/02-023,7 GÜN,9/7/2018,,
AMELIYAT MASASI,DMO,2018/161,12/21/2018,DMO ERZURUM BÖLGE MÜDÜRLÜĞÜ,KAĞIZMAN DEVLET HASTANESİ,KARS,GOLDBERG 5S,AMELİYAT MASASI,*,2018/02-040,50 GÜN,2/9/2019,,
AMELIYAT MASASI,DMO,2018/162,12/21/2018,DMO ERZURUM BÖLGE MÜDÜRLÜĞÜ,KAĞIZMAN DEVLET HASTANESİ,KARS,GOLDBERG 5S,AMELİYAT MASASI,*,2018/02-039,50 GÜN,2/9/2019,,
AMELIYAT MASASI,ÖZEL,2018/167,5/18/2018,GÜVEN HASTANESİ,GÜVEN HASTANESİ,ANKARA,GOLDBERG 5S,AMELİYAT MASASI,*,2018/02-007,51 GÜN,5/28/2018,,
AMELIYAT MASASI,YURTDIŞI,2018/187,6/21/2018,SİMAD ÜNİVERSİTESİ,SİMAD ÜNİVERSİTESİ,SOMALİ,GOLDBERG 6S,AMELİYAT MASASI,*,2018/02-008,52 GÜN,7/1/2018,,
AMELIYAT MASASI,YURTDIŞI,2018/188,6/21/2018,SİMAD ÜNİVERSİTESİ,SİMAD ÜNİVERSİTESİ,SOMALİ,GOLDBERG 6S,AMELİYAT MASASI,*,2018/02-009,53 GÜN,7/1/2018,,
AMELIYAT MASASI,İHALE,2018/237,8/29/2018,YUNUS EMRE DEVLET HASTANESİ,YUNUS EMRE DEVLET HASTANESİ,ESKİŞEHİR,ERM 2000 F,AMELİYAT MASASI,*,2018/02-017,54 GÜN,,,
AMELIYAT MASASI,İHALE,2018/238,8/29/2018,YUNUS EMRE DEVLET HASTANESİ,YUNUS EMRE DEVLET HASTANESİ,ESKİŞEHİR,ERM 2000 F,AMELİYAT MASASI,*,2018/02-018,55 GÜN,,,
AMELIYAT MASASI,İHALE,2018/239,8/29/2018,YUNUS EMRE DEVLET HASTANESİ,YUNUS EMRE DEVLET HASTANESİ,ESKİŞEHİR,ERM 2000 F,AMELİYAT MASASI,*,2018/02-019,56 GÜN,,,
AMELIYAT MASASI,İHALE,2018/240,8/29/2018,YUNUS EMRE DEVLET HASTANESİ,YUNUS EMRE DEVLET HASTANESİ,ESKİŞEHİR,ERM 2000 F,AMELİYAT MASASI,*,2018/02-020,57 GÜN,,,
AMELIYAT MASASI,İHALE,2018/241,8/29/2018,YUNUS EMRE DEVLET HASTANESİ,YUNUS EMRE DEVLET HASTANESİ,ESKİŞEHİR,ERM 2000 F,AMELİYAT MASASI,*,2018/02-021,58 GÜN,,,
AMELIYAT MASASI,YURTDIŞI,2018/299,10/3/2018,BİOMETRİC ALBANİA,BİOMETRİC ALBANİA,ARNAVUTLUK,STR 2000 F,AMELİYAT MASASI,*,2018/02-026,30 GÜN,11/2/2018,,
AMELIYAT MASASI,YURTDIŞI,2018/300,10/3/2018,BİOMETRİC ALBANİA,BİOMETRİC ALBANİA,ARNAVUTLUK,STR 2000 F,AMELİYAT MASASI,*,2018/02-027,30 GÜN,11/2/2018,,
AMELIYAT MASASI,YURTDIŞI,2018/301,10/3/2018,BİOMETRİC ALBANİA,BİOMETRİC ALBANİA,ARNAVUTLUK,STR 2000 F,AMELİYAT MASASI,*,2018/02-028,30 GÜN,11/2/2018,,
AMELIYAT MASASI,DMO,2018/352,12/21/2018,DMO İSTANBUL BÖLGE MÜDÜRLÜĞÜ,SULTANGAZİ ADSM,İSTANBUL,ERM 2000 F,AMELİYAT MASASI,*,2018/02-041,50 GÜN,2/9/2019,,
AMELIYAT MASASI,ÖZEL,2019/004,1/22/2019,İNCİRLİ SAĞLIK VE SOSYAL TESİSLERİ A.Ş.,ETİCA HASTANESİ,İSTANBUL,STR 2000 F,AMELİYAT MASASI,*,2019/02-001,3,1/25/2019 0:00,,
AMELIYAT MASASI,ÖZEL,2019/005,4/4/2019,TÜRKİYE PETROLLERİ A.Ş.,ALİAĞA DEVLET HASTANESİ,İZMİR,ERM 2000 F,AMELİYAT MASASI,*,2019/02-018,30,3/23/2019 0:00,,
AMELIYAT MASASI,ÖZEL,2019/009,1/24/2019,ER-PA ÖZEL DENİZLİ SAĞLIK HAS.A.Ş.,ER-PA ÖZEL DENİZLİ SAĞLIK HAS.A.Ş.,DENİZLİ,GOLDBERG 5S,AMELİYAT MASASI,*,2019/02-002,59,3/24/2019 0:00,,
AMELIYAT MASASI,DMO,2019/021,2/8/2019,DMO ELAZIĞ BÖLGE MÜDÜRLÜĞÜ,MALATYA KADIN DOĞUM VE ÇOCUK HASTANESİ,MALATYA,GOLDBERG 5S,AMELİYAT MASASI,*,2019/02-027,126,6/14/2019 0:00,,
AMELIYAT MASASI,DMO,2019/035,4/24/2019,DMO DİYARBAKIR BÖLGE MÜDÜRLÜĞÜ,BATMAN GERCÜŞ DEVLET HASTANESİ,BATMAN,GOLDBERG 5S,AMELİYAT MASASI,*,2019/02-004,54,6/17/2019 0:00,,
AMELIYAT MASASI,YURTDIŞI,2019/042,2/20/2019,UKRAYNA,UKRAYNA,UKRAYNA,GOLDBERG 5S,AMELİYAT MASASI,*,2019/02-005,9,3/1/2019 0:00,,
AMELIYAT MASASI,YURTDIŞI,2019/052,2/28/2019,NİJERYA,NİJERYA,NİJERYA,STR 2000     ,AMELİYAT MASASI,*,2019/02-006,30,3/30/2019 0:00,,
AMELIYAT MASASI,YURTDIŞI,2019/053,2/28/2019,NİJERYA,NİJERYA,NİJERYA,STR 2000     ,AMELİYAT MASASI,*,2019/02-007,30,3/30/2019 0:00,,
AMELIYAT MASASI,YURTDIŞI,2019/054,2/28/2019,NİJERYA,NİJERYA,NİJERYA,STR 2000     ,AMELİYAT MASASI,*,2019/02-008,30,3/30/2019 0:00,,
AMELIYAT MASASI,YURTDIŞI,2019/055,2/28/2019,NİJERYA,NİJERYA,NİJERYA,STR 2000     ,AMELİYAT MASASI,*,2019/02-009,30,3/30/2019 0:00,,
AMELIYAT MASASI,YURTDIŞI,2019/056,2/28/2019,NİJERYA,NİJERYA,NİJERYA,STR 2000     ,AMELİYAT MASASI,*,2019/02-010,30,3/30/2019 0:00,,
AMELIYAT MASASI,YURTDIŞI,2019/057,2/28/2019,NİJERYA,NİJERYA,NİJERYA,STR 2000     ,AMELİYAT MASASI,*,2019/02-011,30,3/30/2019 0:00,,
AMELIYAT MASASI,YURTDIŞI,2019/058,2/28/2019,NİJERYA,NİJERYA,NİJERYA,STR 2000     ,AMELİYAT MASASI,*,2019/02-012,30,3/30/2019 0:00,,
AMELIYAT MASASI,YURTDIŞI,2019/063,3/4/2019,UKRAYNA 2,UKRAYNA 2,UKRAYNA 2,GOLDBERG 5S,AMELİYAT MASASI,*,2019/02-013,10,3/14/2019 0:00,,
AMELIYAT MASASI,YURTDIŞI,2019/064,3/4/2019,UKRAYNA 2,UKRAYNA 2,UKRAYNA 2,GOLDBERG 5S,AMELİYAT MASASI,*,2019/02-014,10,3/14/2019 0:00,,
AMELIYAT MASASI,ÖZEL,2019/065,3/18/2019,YÜKSELİŞ HASTANE EKİPMANLARI,TOKUŞTEPE TİBBİ CİHAZLAR,ANKARA,TKF 1100 S,AMELİYAT MASASI,*,2019/02-003,31,4/18/2019 0:00,,
AMELIYAT MASASI,YURTDIŞI,2019/067,3/21/2019,AZERBEYCAN,AZERBEYCAN,AZERBEYCAN,STR 2000 F,AMELİYAT MASASI,*,2019/02-015,28,4/18/2019 0:00,,
AMELIYAT MASASI,DMO,2019/079,4/4/2019,DMO ELAZIĞ BÖLGE MÜDÜRLÜĞÜ,SU ŞEHRİ DEVLET HASTANESİ,SİVAS,GOLDBERG 5S,AMELİYAT MASASI,*,2019/02-016,15,4/19/2019 0:00,,
AMELIYAT MASASI,DMO,2019/080,4/4/2019,DMO ELAZIĞ BÖLGE MÜDÜRLÜĞÜ,SU ŞEHRİ DEVLET HASTANESİ,SİVAS,GOLDBERG 5S,AMELİYAT MASASI,*,2019/02-017,16,4/20/2019 0:00,,
AMELIYAT MASASI,DMO,2019/088,4/16/2019,DMO ELAZIĞ BÖLGE MÜDÜRLÜĞÜ,MALATYA KADIN DOĞUM VE ÇOCUK HASTANESİ,MALATYA,GOLDBERG 5S,AMELİYAT MASASI,*,2019/02-019,59,6/14/2019 0:00,,
AMELIYAT MASASI,DMO,2019/089,4/16/2019,DMO ELAZIĞ BÖLGE MÜDÜRLÜĞÜ,MALATYA KADIN DOĞUM VE ÇOCUK HASTANESİ,MALATYA,GOLDBERG 5S,AMELİYAT MASASI,*,2019/02-020,59,6/14/2019 0:00,,
AMELIYAT MASASI,DMO,2019/090,4/16/2019,DMO ELAZIĞ BÖLGE MÜDÜRLÜĞÜ,MALATYA KADIN DOĞUM VE ÇOCUK HASTANESİ,MALATYA,GOLDBERG 5S,AMELİYAT MASASI,*,2019/02-021,59,6/14/2019 0:00,,
AMELIYAT MASASI,DMO,2019/091,4/16/2019,DMO ELAZIĞ BÖLGE MÜDÜRLÜĞÜ,MALATYA KADIN DOĞUM VE ÇOCUK HASTANESİ,MALATYA,GOLDBERG 5S,AMELİYAT MASASI,*,2019/02-022,59,6/14/2019 0:00,,
AMELIYAT MASASI,DMO,2019/092,4/16/2019,DMO ELAZIĞ BÖLGE MÜDÜRLÜĞÜ,MALATYA KADIN DOĞUM VE ÇOCUK HASTANESİ,MALATYA,GOLDBERG 5S,AMELİYAT MASASI,*,2019/02-023,59,6/14/2019 0:00,,
AMELIYAT MASASI,DMO,2019/093,4/16/2019,DMO ELAZIĞ BÖLGE MÜDÜRLÜĞÜ,MALATYA KADIN DOĞUM VE ÇOCUK HASTANESİ,MALATYA,GOLDBERG 5S,AMELİYAT MASASI,*,2019/02-024,59,6/14/2019 0:00,,
AMELIYAT MASASI,DMO,2019/094,4/16/2019,DMO ELAZIĞ BÖLGE MÜDÜRLÜĞÜ,MALATYA KADIN DOĞUM VE ÇOCUK HASTANESİ,MALATYA,GOLDBERG 5S,AMELİYAT MASASI,*,2019/02-025,59,6/14/2019 0:00,,
AMELIYAT MASASI,DMO,2019/095,4/16/2019,DMO ELAZIĞ BÖLGE MÜDÜRLÜĞÜ,MALATYA KADIN DOĞUM VE ÇOCUK HASTANESİ,MALATYA,GOLDBERG 5S,AMELİYAT MASASI,*,2019/02-026,59,6/14/2019 0:00,,
AMELIYAT MASASI,YURTDIŞI,2019/112,5/8/2019,VİTTA,VİTTA,AZERBEYCAN,STR 2000 F,AMELİYAT MASASI,*,2019/02-027,24,6/1/2019 0:00,,
AMELIYAT MASASI,YURTDIŞI,2019/113,5/8/2019,VİTTA,VİTTA,AZERBEYCAN,STR 2000 F,AMELİYAT MASASI,*,2019/02-028,24,6/1/2019 0:00,,
AMELIYAT MASASI,DMO,2019/133,11/27/2019,DMO ELAZIĞ BÖLGE MÜDÜRLÜĞÜ,SİVAS CUMHURİYET ÜNİVERSİTESİ UYGULAMA E ARAŞTRIMA HASTANESİ,SİVAS,ERM 2000 F,AMELİYAT MASASI,*,2019/02-073,59,1/25/2020 0:00,,
AMELIYAT MASASI,DMO,2019/134,6/27/2019,DMO ELAZIĞ BÖLGE MÜDÜRLÜĞÜ,SU ŞEHRİ DEVLET HASTANESİ,SİVAS,GOLDBERG 5S,AMELİYAT MASASI,*,2019/02-033,54,8/20/2019 0:00,,
AMELIYAT MASASI,DMO,2019/143,5/30/2019,DMO DİYARBAKIR BÖLGE MÜDÜRLÜĞÜ,SİLVAN DR.YUSUF AZİZOĞLU DEVLET HASTANESİ,DİYARBAKIR,GOLDBERG 5S,AMELİYAT MASASI,*,2019/02-029,54,7/23/2019 0:00,,
AMELIYAT MASASI,YURTDIŞI,2019/151,10/25/2019,BO TECH,BO TECH,FAS,GOLDBERG 5S,AMELİYAT MASASI,*,2019/02-031,4,10/29/2019 0:00,,
AMELIYAT MASASI,DMO,2019/152,11/22/2019,DMO DİYARBAKIR BÖLGE MÜDÜRLÜĞÜ,SİLVAN DR.YUSUF AZİZOĞLU DEVLET HASTANESİ,DİYARBAKIR,GOLDBERG 5S,AMELİYAT MASASI,*,2019/02-032,1,11/23/2019 0:00,,
AMELIYAT MASASI,DMO,2019/153,6/27/2019,DMO ELAZIĞ BÖLGE MÜDÜRLÜĞÜ,SU ŞEHRİ DEVLET HASTANESİ,SİVAS,GOLDBERG 5S,AMELİYAT MASASI,*,2019/02-033,54,8/20/2019 0:00,,
AMELIYAT MASASI,DMO,2019/154,6/27/2019,DMO ELAZIĞ BÖLGE MÜDÜRLÜĞÜ,SU ŞEHRİ DEVLET HASTANESİ,SİVAS,GOLDBERG 5S,AMELİYAT MASASI,*,2019/02-034,54,8/20/2019 0:00,,
AMELIYAT MASASI,İHALE,2019/155,7/2/2019,YÜKSELİŞ HASTANE EKİPMANLARI,İZMİR KATİP ÇELEBİ ÜNİVERSİTESİ ATATÜRK EĞİTİM VE ARAŞTIRMA HASTANESİ,İZMİR,TKF 1100 S,AMELİYAT MASASI,*,2019/02-036,39,8/10/2019 0:00,,
AMELIYAT MASASI,İHALE,2019/156,7/2/2019,YÜKSELİŞ HASTANE EKİPMANLARI,İZMİR KATİP ÇELEBİ ÜNİVERSİTESİ ATATÜRK EĞİTİM VE ARAŞTIRMA HASTANESİ,İZMİR,TKF 1100 S,AMELİYAT MASASI,*,2019/02-037,39,8/10/2019 0:00,,
AMELIYAT MASASI,İHALE,2019/157,7/2/2019,YÜKSELİŞ HASTANE EKİPMANLARI,İZMİR KATİP ÇELEBİ ÜNİVERSİTESİ ATATÜRK EĞİTİM VE ARAŞTIRMA HASTANESİ,İZMİR,TKF 1100 S,AMELİYAT MASASI,*,2019/02-038,39,8/10/2019 0:00,,
AMELIYAT MASASI,İHALE,2019/158,7/2/2019,YÜKSELİŞ HASTANE EKİPMANLARI,İZMİR KATİP ÇELEBİ ÜNİVERSİTESİ ATATÜRK EĞİTİM VE ARAŞTIRMA HASTANESİ,İZMİR,TKF 1100 S,AMELİYAT MASASI,*,2019/02-039,39,8/10/2019 0:00,,
AMELIYAT MASASI,İHALE,2019/159,7/2/2019,YÜKSELİŞ HASTANE EKİPMANLARI,İZMİR KATİP ÇELEBİ ÜNİVERSİTESİ ATATÜRK EĞİTİM VE ARAŞTIRMA HASTANESİ,İZMİR,TKF 1100 S,AMELİYAT MASASI,*,2019/02-040,39,8/10/2019 0:00,,
AMELIYAT MASASI,İHALE,2019/160,7/2/2019,YÜKSELİŞ HASTANE EKİPMANLARI,İZMİR KATİP ÇELEBİ ÜNİVERSİTESİ ATATÜRK EĞİTİM VE ARAŞTIRMA HASTANESİ,İZMİR,TKF 1100 S,AMELİYAT MASASI,*,2019/02-041,39,8/10/2019 0:00,,
AMELIYAT MASASI,İHALE,2019/161,7/2/2019,YÜKSELİŞ HASTANE EKİPMANLARI,İZMİR KATİP ÇELEBİ ÜNİVERSİTESİ ATATÜRK EĞİTİM VE ARAŞTIRMA HASTANESİ,İZMİR,TKF 1100 S,AMELİYAT MASASI,*,2019/02-042,39,8/10/2019 0:00,,
AMELIYAT MASASI,İHALE,2019/162,7/2/2019,YÜKSELİŞ HASTANE EKİPMANLARI,İZMİR KATİP ÇELEBİ ÜNİVERSİTESİ ATATÜRK EĞİTİM VE ARAŞTIRMA HASTANESİ,İZMİR,TKF 1100 S,AMELİYAT MASASI,*,2019/02-043,39,8/10/2019 0:00,,
AMELIYAT MASASI,YURTDIŞI,2019/168,10/23/2019,MME LLC,MME LLC,UKRAYNA,GOLDBERG 5S,AMELİYAT MASASI,*,2019/02-044,5,10/28/2019 0:00,,
AMELIYAT MASASI,YURTDIŞI,2019/169,10/23/2019,MME LLC,MME LLC,UKRAYNA,GOLDBERG 5S,AMELİYAT MASASI,*,2019/02-045,5,10/28/2019 0:00,,
AMELIYAT MASASI,YURTDIŞI,2019/171,7/30/2019,ALNOOR ALMOMAYEZ,ALNOOR ALMOMAYEZ,IRAK,GOLDBERG 5S,AMELİYAT MASASI,*,2019/02-046,31,8/30/2019 0:00,,
AMELIYAT MASASI,YURTDIŞI,2019/172,7/30/2019,ALNOOR ALMOMAYEZ,ALNOOR ALMOMAYEZ,IRAK,GOLDBERG 5S,AMELİYAT MASASI,*,2019/02-047,31,8/30/2019 0:00,,
AMELIYAT MASASI,YURTDIŞI,2019/185,7/30/2019,ALNOOR ALMOMAYEZ,ALNOOR ALMOMAYEZ,IRAK,GOLDBERG 5S,AMELİYAT MASASI,*,2019/02-048,31,8/30/2019 0:00,,
AMELIYAT MASASI,YURTDIŞI,2019/186,7/30/2019,ALNOOR ALMOMAYEZ,ALNOOR ALMOMAYEZ,IRAK,GOLDBERG 5S,AMELİYAT MASASI,*,2019/02-049,31,8/30/2019 0:00,,
AMELIYAT MASASI,YURTDIŞI,2019/187,7/30/2019,ALNOOR ALMOMAYEZ,ALNOOR ALMOMAYEZ,IRAK,GOLDBERG 5S,AMELİYAT MASASI,*,2019/02-050,31,8/30/2019 0:00,,
AMELIYAT MASASI,YURTDIŞI,2019/188,7/30/2019,ALNOOR ALMOMAYEZ,ALNOOR ALMOMAYEZ,IRAK,GOLDBERG 5S,AMELİYAT MASASI,*,2019/02-051,31,8/30/2019 0:00,,
AMELIYAT MASASI,YURTDIŞI,2019/189,7/30/2019,ALNOOR ALMOMAYEZ,ALNOOR ALMOMAYEZ,IRAK,GOLDBERG 5S,AMELİYAT MASASI,*,2019/02-052,31,8/30/2019 0:00,,
AMELIYAT MASASI,YURTDIŞI,2019/190,7/30/2019,ALNOOR ALMOMAYEZ,ALNOOR ALMOMAYEZ,IRAK,GOLDBERG 5S,AMELİYAT MASASI,*,2019/02-053,31,8/30/2019 0:00,,
AMELIYAT MASASI,ÖZEL,2019/204,8/21/2019,UĞUR SAĞLIK HİZMETLERİ A.Ş.,ÖZEL EREĞLİ ECOMAR HASTANESİ,ZONGULDAK,GOLDBERG 5S,AMELİYAT MASASI,*,2019/02-054,3,DERHAL,,
AMELIYAT MASASI,YURTDIŞI,2019/206,8/23/2019,NP KOMED,NP KOMED,KOSOVA,GOLDBERG 5S,AMELİYAT MASASI,*,2019/02-055,9,9/1/2019 0:00,,
AMELIYAT MASASI,DMO,2019/208,8/26/2019,DMO ELAZIĞ BÖLGE MÜDÜRLÜĞÜ,SİVAS CUMHURİYET ÜNİVERSİTESİ UYGULAMA E ARAŞTRIMA HASTANESİ,SİVAS,GOLDBERG 5S,AMELİYAT MASASI,*,2019/02-056,49,10/14/2019 0:00,,
AMELIYAT MASASI,YURTDIŞI,2019/216,10/8/2019,KPI GROUP,KPI GROUP,GÜRCİSTAN,GOLDBERG 5S,AMELİYAT MASASI,*,2019/02-057,1,10/9/2019 0:00,,
AMELIYAT MASASI,ÖZEL,2019/222,10/12/2019,EFE MARDİN,EFE MARDİN,MARDİN,GOLDBERG 5S,AMELİYAT MASASI,*,2019/02-058,0,10/12/2019 0:00,,
AMELIYAT MASASI,YURTDIŞI,2019/264,11/5/2019,ROMEDCOM,ROMEDCOM,MOLDOVA,STR 2000 F,AMELİYAT MASASI,*,2019/02-059,26,12/1/2019 0:00,,
AMELIYAT MASASI,YURTDIŞI,2019/265,11/5/2019,ROMEDCOM,ROMEDCOM,MOLDOVA,STR 2000 F,AMELİYAT MASASI,*,2019/02-060,26,12/1/2019 0:00,,
AMELIYAT MASASI,YURTDIŞI,2019/266,11/5/2019,ROMEDCOM,ROMEDCOM,MOLDOVA,STR 2000 F,AMELİYAT MASASI,*,2019/02-061,26,12/1/2019 0:00,,
AMELIYAT MASASI,YURTDIŞI,2019/267,11/5/2019,ROMEDCOM,ROMEDCOM,MOLDOVA,STR 2000 F,AMELİYAT MASASI,*,2019/02-062,26,12/1/2019 0:00,,
AMELIYAT MASASI,YURTDIŞI,2019/268,11/5/2019,ROMEDCOM,ROMEDCOM,MOLDOVA,STR 2000 F,AMELİYAT MASASI,*,2019/02-063,26,12/1/2019 0:00,,
AMELIYAT MASASI,YURTDIŞI,2019/269,11/5/2019,ROMEDCOM,ROMEDCOM,MOLDOVA,STR 2000 F,AMELİYAT MASASI,*,2019/02-064,26,12/1/2019 0:00,,
AMELIYAT MASASI,YURTDIŞI,2019/270,11/5/2019,ROMEDCOM,ROMEDCOM,MOLDOVA,STR 2000 F,AMELİYAT MASASI,*,2019/02-065,26,12/1/2019 0:00,,
AMELIYAT MASASI,YURTDIŞI,2019/271,11/5/2019,ROMEDCOM,ROMEDCOM,MOLDOVA,STR 2000 F,AMELİYAT MASASI,*,2019/02-066,26,12/1/2019 0:00,,
AMELIYAT MASASI,YURTDIŞI,2019/272,11/6/2019,MED STANDART,MED STANDART,UKRAYNA,STR 2000,AMELİYAT MASASI,*,2019/02-067,25,12/1/2019 0:00,,
AMELIYAT MASASI,ÖZEL,2019/277,11/22/2019,SANCAKTEPE PROF.DR.İLHAN VARANK EĞİTİM VE ARAŞTIRMA HASTANESİ,SANCAKTEPE PROF.DR.İLHAN VARANK EĞİTİM VE ARAŞTIRMA HASTANESİ,İSTANBUL,GOLDBERG 5S,AMELİYAT MASASI,*,2019/02-068,1,11/23/2019 0:00,,
AMELIYAT MASASI,DMO,2019/278,11/22/2019,DMO DİYARBAKIR BÖLGE MÜDÜRLÜĞÜ,SİLVAN DR.YUSUF AZİZOĞLU DEVLET HASTANESİ,DİYARBAKIR,GOLDBERG 5S,AMELİYAT MASASI,*,2019/02-069,1,11/23/2019 0:00,,
AMELIYAT MASASI,DMO,2019/279,11/22/2019,DMO DİYARBAKIR BÖLGE MÜDÜRLÜĞÜ,SİLVAN DR.YUSUF AZİZOĞLU DEVLET HASTANESİ,DİYARBAKIR,GOLDBERG 5S,AMELİYAT MASASI,*,2019/02-070,1,11/23/2019 0:00,,
AMELIYAT MASASI,ÖZEL,2019/010  YÜKSELİŞ,12/3/2019,SEFERİHİSAR NECAT HEPKON DEVLET HASTANESİ,SEFERİHİSAR NECAT HEPKON DEVLET HASTANESİ,İZMİR,TKF 1100   ,AMELİYAT MASASI,*,2019/02-072,7,12/10/2019 0:00,,
AMELIYAT MASASI,ÖZEL,2019/011 YÜKSELİŞ,12/3/2019,SEFERİHİSAR NECAT HEPKON DEVLET HASTANESİ,SEFERİHİSAR NECAT HEPKON DEVLET HASTANESİ,İZMİR,TKF 1100   ,AMELİYAT MASASI,*,2019/02-071,7,12/10/2019 0:00,,
AMELIYAT MASASI,DMO,2019/009 YÜKSELİŞ,11/22/2019,DMO İSTANBUL BÖLGE MÜDÜRLÜĞÜ,EDİRNE UZUNKÖPRÜ DEVLET HASTANESİ,EDİRNE,TKF 1100   ,AMELİYAT MASASI,*,2019/02-074,59,1/20/2020 0:00,,
AMELIYAT MASASI,ÖZEL,2019/311,12/19/2019,RADON MEDİKAL,ANKARA ÜNİVERSİTESİ,ANKARA,GOLDBERG 5S,AMELİYAT MASASI,*,2019/02-078,1,12/20/2019 0:00,,
AMELIYAT MASASI,DMO,2019/013 YÜKSELİŞ,12/13/2019,DMO ESKİŞEHİR BÖLGE MÜDÜRLÜĞÜ,ISPARTA SÜLEYMAN DEMİREL ÜNİVERSİTESİ UYGULAMA ARAŞTIRMA HASTANESİ,ISPARTA,TKF 1100,AMELİYAT MASASI,*,2019/02-035,59,2/10/2020 0:00,,
AMELIYAT MASASI,ÖZEL,2019/322,12/13/2019,ÖZEL EGEKENT SAĞLIK HİZMETLERİ SAN.TİC.A.Ş.,ÖZEL EGEKENT SAĞLIK HİZMETLERİ SAN.TİC.A.Ş.,DENİZLİ,GOLDBERG 5S,AMELİYAT MASASI,*,2019/02-079,1,12/14/2019 0:00,,
AMELIYAT MASASI,ÖZEL,2019/333,12/23/2019,TOMKER SAĞLIK HİZMETLERİ A.Ş.,İRMET HOSPİTAL,TEKİRDAĞ,GOLDBERG 5S,AMELİYAT MASASI,*,2019/02-080,31,1/23/2020 0:00,,
AMELIYAT MASASI,YURTDIŞI,2019/335,12/25/2019,IRAK,IRAK,IRAK,STR 2000 F,AMELİYAT MASASI,*,2019/02-082,2,12/27/2019 0:00,,
AMELIYAT MASASI,YURTDIŞI,2020/034,2/25/2020,MED İNSPİRE,MED İNSPİRE,ÖZBEKİSTAN,GOLDBERG 5S,AMELİYAT MASASI,*,2020/02-003,7,3/3/2020 0:00,, 
AMELIYAT MASASI,ÖZEL,2020/035,2/28/2020,RADON MEDİKAL,BAŞKENT HASTANESİ,ANKARA,GOLDBERG 5S,AMELİYAT MASASI,*,2020/02-002,15,2/28/2020 0:00,, 
AMELIYAT MASASI,DEMO,2020/036,3/9/2020,ORDU KADIN DOĞUM HASTANESİ,ORDU KADIN DOĞUM HASTANESİ,ORDU,GOLDBERG 5S,AMELİYAT MASASI,*,2020/02-004,15,3/9/2020 0:00,, 
AMELIYAT MASASI,DMO,2020/037,4/29/2020,DMO GENEL MÜDÜRLÜĞÜ,YEŞİLKÖY SAHRA HASTANESİ,İSTANBUL,GOLDBERG 5S,AMELİYAT MASASI,*,2020/02-026,11,5/10/2020 0:00,, 
AMELIYAT MASASI,2021 DE SATIŞA ÇEVRİLDİ,2020/038,6/8/2020,2021 DE SATIŞA ÇEVRİLDİ,2021 DE SATIŞA ÇEVRİLDİ,2021 DE SATIŞA ÇEVRİLDİ,STR 2000 F,AMELİYAT MASASI,*,,2020/02-048 IRAKTI STOK OLDU,6/20/2020 0:00,, 
AMELIYAT MASASI,YURTDIŞI,2020/039,12/14/2020,ROMEDCOM,ROMEDCOM,MOLDOVA,STR 2000 F,AMELİYAT MASASI,*,2020/02-066,15,12/14/2020 0:00,, 
AMELIYAT MASASI,DMO,2020/094,4/29/2020,DMO GENEL MÜDÜRLÜĞÜ,YEŞİLKÖY SAHRA HASTANESİ,İSTANBUL,GOLDBERG 5S,AMELİYAT MASASI,*,2020/02-009,11,5/10/2020 0:00,, 
AMELIYAT MASASI,DMO,2020/095,4/29/2020,DMO GENEL MÜDÜRLÜĞÜ,YEŞİLKÖY SAHRA HASTANESİ,İSTANBUL,GOLDBERG 5S,AMELİYAT MASASI,*,2020/02-010,11,5/10/2020 0:00,, 
AMELIYAT MASASI,DMO,2020/096,12/10/2019,DMO MERSİN BÖLGE MÜDÜRLÜĞÜ,NEVŞEHİR DEVLET HASTANESİ,NEVŞEHİR,GOLDBERG 5S,AMELİYAT MASASI,*,2020/02-005,15,8/10/2020 0:00,, 
AMELIYAT MASASI,DMO,2020/097,12/10/2019,DMO MERSİN BÖLGE MÜDÜRLÜĞÜ,NEVŞEHİR DEVLET HASTANESİ,NEVŞEHİR,GOLDBERG 5S,AMELİYAT MASASI,*,2020/02-006,15,8/10/2020 0:00,, 
AMELIYAT MASASI,2021 DE SATIŞA ÇEVRİLDİ,2020/098,3/13/2020,2021 DE SATIŞA ÇEVRİLDİ,2021 DE SATIŞA ÇEVRİLDİ,2021 DE SATIŞA ÇEVRİLDİ,2000 f,AMELİYAT MASASI,*,,,,, 
AMELIYAT MASASI,DMO,2020/131,4/13/2020,DMO GENEL MÜDÜRLÜĞÜ,YEŞİLKÖY SAHRA HASTANESİ,İSTANBUL,GOLDBERG 5S,AMELİYAT MASASI,*,2020/02-027,27,5/10/2020 0:00,, 
AMELIYAT MASASI,YURTDIŞI,2020/132,5/21/2020,MAX MEDİCA COMPANY,MAX MEDİCA COMPANY,IRAK,STR 2000 F,AMELİYAT MASASI,*,2020/02-046,30,DERHAL,, 
AMELIYAT MASASI,STOK,2020/133,4/16/2020,STOK,STOK,STOK,2000 F,AMELİYAT MASASI,*,,,,, 
AMELIYAT MASASI,2021 DE SATIŞA ÇEVRİLDİ,2020/134,4/16/2020,2021 DE SATIŞA ÇEVRİLDİ,2021 DE SATIŞA ÇEVRİLDİ,STOK,2000 F,AMELİYAT MASASI,*,,,,, 
AMELIYAT MASASI,YURTDIŞI,2020/135,5/21/2020,MAX MEDİCA COMPANY,MAX MEDİCA COMPANY,IRAK,STR 2000 F,AMELİYAT MASASI,*,2020/02-045,30,DERHAL,, 
AMELIYAT MASASI,DMO,2019/308,4/16/2020,DMO DİYARBAKIR BÖLGE MÜDRÜLÜĞÜ,ŞIRNAK KADIN DOĞUM VE ÇOCUK HASTALIKLARI HASTANESİ,ŞIRNAK,GOLDBERG 5S,AMELİYAT MASASI,*,2019/02-075,64,6/19/2020 0:00,, 
AMELIYAT MASASI,DMO,2019/309,4/16/2020,DMO DİYARBAKIR BÖLGE MÜDRÜLÜĞÜ,ŞIRNAK KADIN DOĞUM VE ÇOCUK HASTALIKLARI HASTANESİ,ŞIRNAK,GOLDBERG 5S,AMELİYAT MASASI,*,2019/02-076,64,6/19/2020 0:00,, 
AMELIYAT MASASI,DMO,2019/310,4/16/2020,DMO DİYARBAKIR BÖLGE MÜDRÜLÜĞÜ,ŞIRNAK KADIN DOĞUM VE ÇOCUK HASTALIKLARI HASTANESİ,ŞIRNAK,GOLDBERG 5S,AMELİYAT MASASI,*,2019/02-077,64,6/19/2020 0:00,, 
AMELIYAT MASASI,DMO,2019/333,4/16/2020,DMO DİYARBAKIR BÖLGE MÜDRÜLÜĞÜ,ŞIRNAK KADIN DOĞUM VE ÇOCUK HASTALIKLARI HASTANESİ,ŞIRNAK,GOLDBERG 5S,AMELİYAT MASASI,*,2019/02-081,64,6/19/2020 0:00,, 
AMELIYAT MASASI,DMO,2020/136,12/10/2019,DMO MERSİN BÖLGE MÜDÜRLÜĞÜ,NEVŞEHİR DEVLET HASTANESİ,NEVŞEHİR,GOLDBERG 5S,AMELİYAT MASASI,*,2020/02-007,60,8/10/2020 0:00,, 
AMELIYAT MASASI,DMO,2020/137,12/10/2019,DMO MERSİN BÖLGE MÜDÜRLÜĞÜ,NEVŞEHİR DEVLET HASTANESİ,NEVŞEHİR,GOLDBERG 5S,AMELİYAT MASASI,*,2020/02-008,60,8/10/2020 0:00,, 
AMELIYAT MASASI,DMO,2020/150,4/29/2020,DMO GENEL MÜDÜRLÜĞÜ,SANCAKTEPE SAHRA HASTANESİ,İSTANBUL,GOLDBERG 5S,AMELİYAT MASASI,*,2020/02-011,11,5/10/2020 0:00,, 
AMELIYAT MASASI,DMO,2020/151,4/29/2020,DMO GENEL MÜDÜRLÜĞÜ,SANCAKTEPE SAHRA HASTANESİ,İSTANBUL,GOLDBERG 5S,AMELİYAT MASASI,*,2020/02-012,11,5/10/2020 0:00,, 
AMELIYAT MASASI,DMO,2020/152,4/29/2020,DMO GENEL MÜDÜRLÜĞÜ,SANCAKTEPE SAHRA HASTANESİ,İSTANBUL,GOLDBERG 5S,AMELİYAT MASASI,*,2020/02-013,11,5/10/2020 0:00,, 
AMELIYAT MASASI,DMO,2020/153,4/29/2020,DMO GENEL MÜDÜRLÜĞÜ,SANCAKTEPE SAHRA HASTANESİ,İSTANBUL,GOLDBERG 5S,AMELİYAT MASASI,*,2020/02-014,11,5/10/2020 0:00,, 
AMELIYAT MASASI,DMO,2020/154,4/29/2020,DMO GENEL MÜDÜRLÜĞÜ,SANCAKTEPE SAHRA HASTANESİ,İSTANBUL,GOLDBERG 5S,AMELİYAT MASASI,*,2020/02-015,11,5/10/2020 0:00,, 
AMELIYAT MASASI,DMO,2020/155,4/29/2020,DMO GENEL MÜDÜRLÜĞÜ,SANCAKTEPE SAHRA HASTANESİ,İSTANBUL,GOLDBERG 5S,AMELİYAT MASASI,*,2020/02-016,11,5/10/2020 0:00,, 
AMELIYAT MASASI,DMO,2020/156,4/29/2020,DMO GENEL MÜDÜRLÜĞÜ,SANCAKTEPE SAHRA HASTANESİ,İSTANBUL,GOLDBERG 5S,AMELİYAT MASASI,*,2020/02-017,11,5/10/2020 0:00,, 
AMELIYAT MASASI,DMO,2020/157,4/29/2020,DMO GENEL MÜDÜRLÜĞÜ,SANCAKTEPE SAHRA HASTANESİ,İSTANBUL,GOLDBERG 5S,AMELİYAT MASASI,*,2020/02-018,11,5/10/2020 0:00,, 
AMELIYAT MASASI,DMO,2020/158,4/29/2020,DMO GENEL MÜDÜRLÜĞÜ,SANCAKTEPE SAHRA HASTANESİ,İSTANBUL,GOLDBERG 5S,AMELİYAT MASASI,*,2020/02-019,11,5/10/2020 0:00,, 
AMELIYAT MASASI,DMO,2020/159,4/29/2020,DMO GENEL MÜDÜRLÜĞÜ,SANCAKTEPE SAHRA HASTANESİ,İSTANBUL,GOLDBERG 5S,AMELİYAT MASASI,*,2020/02-020,11,5/10/2020 0:00,, 
AMELIYAT MASASI,DMO,2020/160,4/29/2020,DMO GENEL MÜDÜRLÜĞÜ,SANCAKTEPE SAHRA HASTANESİ,İSTANBUL,GOLDBERG 5S,AMELİYAT MASASI,*,2020/02-021,11,5/10/2020 0:00,, 
AMELIYAT MASASI,DMO,2020/161,4/29/2020,DMO GENEL MÜDÜRLÜĞÜ,SANCAKTEPE SAHRA HASTANESİ,İSTANBUL,GOLDBERG 5S,AMELİYAT MASASI,*,2020/02-022,11,5/10/2020 0:00,, 
AMELIYAT MASASI,DMO,2020/162,4/29/2020,DMO GENEL MÜDÜRLÜĞÜ,SANCAKTEPE SAHRA HASTANESİ,İSTANBUL,GOLDBERG 5S,AMELİYAT MASASI,*,2020/02-023,11,5/10/2020 0:00,, 
AMELIYAT MASASI,DMO,2020/163,4/29/2020,DMO GENEL MÜDÜRLÜĞÜ,SANCAKTEPE SAHRA HASTANESİ,İSTANBUL,GOLDBERG 5S,AMELİYAT MASASI,*,2020/02-024,11,5/10/2020 0:00,, 
AMELIYAT MASASI,DMO,2020/164,4/29/2020,DMO GENEL MÜDÜRLÜĞÜ,SANCAKTEPE SAHRA HASTANESİ,İSTANBUL,GOLDBERG 5S,AMELİYAT MASASI,*,2020/02-025,11,5/10/2020 0:00,, 
AMELIYAT MASASI,DMO,2020/165,4/29/2020,DMO GENEL MÜDÜRLÜĞÜ,YEŞİLKÖY SAHRA HASTANESİ,İSTANBUL,GOLDBERG 5S,AMELİYAT MASASI,*,2020/02-028,11,5/10/2020 0:00,, 
AMELIYAT MASASI,DMO,2020/166,4/29/2020,DMO GENEL MÜDÜRLÜĞÜ,YEŞİLKÖY SAHRA HASTANESİ,İSTANBUL,GOLDBERG 5S,AMELİYAT MASASI,*,2020/02-029,11,5/10/2020 0:00,, 
AMELIYAT MASASI,DMO,2020/167,4/29/2020,DMO GENEL MÜDÜRLÜĞÜ,YEŞİLKÖY SAHRA HASTANESİ,İSTANBUL,GOLDBERG 5S,AMELİYAT MASASI,*,2020/02-030,11,5/10/2020 0:00,, 
AMELIYAT MASASI,DMO,2020/168,4/29/2020,DMO GENEL MÜDÜRLÜĞÜ,YEŞİLKÖY SAHRA HASTANESİ,İSTANBUL,GOLDBERG 5S,AMELİYAT MASASI,*,2020/02-031,11,5/10/2020 0:00,, 
AMELIYAT MASASI,DMO,2020/170,4/29/2020,DMO GENEL MÜDÜRLÜĞÜ,YEŞİLKÖY SAHRA HASTANESİ,İSTANBUL,GOLDBERG 5S,AMELİYAT MASASI,*,2020/02-032,11,5/10/2020 0:00,, 
AMELIYAT MASASI,DMO,2020/171,4/29/2020,DMO GENEL MÜDÜRLÜĞÜ,YEŞİLKÖY SAHRA HASTANESİ,İSTANBUL,GOLDBERG 5S,AMELİYAT MASASI,*,2020/02-033,11,5/10/2020 0:00,, 
AMELIYAT MASASI,DMO,2020/172,4/29/2020,DMO GENEL MÜDÜRLÜĞÜ,YEŞİLKÖY SAHRA HASTANESİ,İSTANBUL,GOLDBERG 5S,AMELİYAT MASASI,*,2020/02-034,11,5/10/2020 0:00,, 
AMELIYAT MASASI,DMO,2020/173,4/29/2020,DMO GENEL MÜDÜRLÜĞÜ,YEŞİLKÖY SAHRA HASTANESİ,İSTANBUL,GOLDBERG 5S,AMELİYAT MASASI,*,2020/02-035,11,5/10/2020 0:00,, 
AMELIYAT MASASI,DMO,2020/174,4/29/2020,DMO GENEL MÜDÜRLÜĞÜ,YEŞİLKÖY SAHRA HASTANESİ,İSTANBUL,GOLDBERG 5S,AMELİYAT MASASI,*,2020/02-036,11,5/10/2020 0:00,, 
AMELIYAT MASASI,DMO,2020/175,4/29/2020,DMO GENEL MÜDÜRLÜĞÜ,YEŞİLKÖY SAHRA HASTANESİ,İSTANBUL,GOLDBERG 5S,AMELİYAT MASASI,*,2020/02-037,11,5/10/2020 0:00,, 
AMELIYAT MASASI,DMO,2020/176,4/29/2020,DMO GENEL MÜDÜRLÜĞÜ,YEŞİLKÖY SAHRA HASTANESİ,İSTANBUL,GOLDBERG 5S,AMELİYAT MASASI,*,2020/02-038,11,5/10/2020 0:00,, 
AMELIYAT MASASI,DMO,2020/177,4/29/2020,DMO GENEL MÜDÜRLÜĞÜ,YEŞİLKÖY SAHRA HASTANESİ,İSTANBUL,GOLDBERG 5S,AMELİYAT MASASI,*,2020/02-039,11,5/10/2020 0:00,, 
AMELIYAT MASASI,DMO,2020/178,4/29/2020,DMO GENEL MÜDÜRLÜĞÜ,SANCAKTEPE SAHRA HASTANESİ,İSTANBUL,GOLDBERG 5S,AMELİYAT MASASI,*,2020/02-040,11,5/10/2020 0:00,, 
AMELIYAT MASASI,DMO,2020/179,4/29/2020,DMO GENEL MÜDÜRLÜĞÜ,ŞIRNAK KADIN DOĞUM VE ÇOCUK HASTALIKLARI HASTANESİ,ŞIRNAK,GOLDBERG 5S,AMELİYAT MASASI,*,2020/02-041,11,5/10/2020 0:00,, 
AMELIYAT MASASI,DMO,2020/180,4/29/2020,DMO GENEL MÜDÜRLÜĞÜ,ŞIRNAK KADIN DOĞUM VE ÇOCUK HASTALIKLARI HASTANESİ,ŞIRNAK,GOLDBERG 5S,AMELİYAT MASASI,*,2020/02-042,11,5/10/2020 0:00,, 
AMELIYAT MASASI,DMO,2020/181,4/29/2020,DMO GENEL MÜDÜRLÜĞÜ,CİZRE DEVLET HASTANESİ,ŞIRNAK,GOLDBERG 5S,AMELİYAT MASASI,*,2020/02-043,11,5/10/2020 0:00,, 
AMELIYAT MASASI,DMO,2020/182,4/29/2020,DMO GENEL MÜDÜRLÜĞÜ,CİZRE DEVLET HASTANESİ,ŞIRNAK,GOLDBERG 5S,AMELİYAT MASASI,*,2020/02-044,11,5/10/2020 0:00,, 
AMELIYAT MASASI,ÖZEL,2020/237,9/25/2020,SİEMENS HEALTHCARE SAĞLIK A.Ş.,SAMSUN 19 MAYIS ÜNİVERSİTESİ,SAMSUN,STR 2000 F,AMELİYAT MASASI,*,2020/02-049,2,9/27/2020 0:00,, 
AMELIYAT MASASI,ÖZEL,2020/238,9/7/2020,ATESE MEDİKAL,ARNAVUTLUK,ARNAVUTLUK,GOLDBERG 5S,AMELİYAT MASASI,*,2020/02-050,30,10/7/2020 0:00,, 
AMELIYAT MASASI,2021 DE DEMO OLARAK GİTTİ,2020/240,6/10/2020,2021 DE DEMO OLARAK GİTTİ,2021 DE DEMO OLARAK GİTTİ,2021 DE DEMO OLARAK GİTTİ,GOLDBERG 5S,AMELİYAT MASASI,*,,,,, 
AMELIYAT MASASI,2021 DE SATIŞA ÇEVRİLDİ,2020/241,6/10/2020,2021 DE SATIŞA ÇEVRİLDİ,2021 DE SATIŞA ÇEVRİLDİ,2021 DE SATIŞA ÇEVRİLDİ,GOLDBERG 5S,AMELİYAT MASASI,*,,,,, 
AMELIYAT MASASI,ÖZEL,2020/291,7/27/2020,RADON MEDİKAL,RADON MEDİKAL,İSTANBUL,GOLDBERG 5S,AMELİYAT MASASI,*,2020/02-051,92,10/27/2020 0:00,, 
AMELIYAT MASASI,YURTDIŞI,2020/292,8/4/2020,RAWAT ALMAJARRA,RAWAT ALMAJARRA,IRAK,GOLDBERG 5S,AMELİYAT MASASI,*,2020/02-052,7,8/11/2020 0:00,, 
AMELIYAT MASASI,YURTDIŞI,2020/293,8/4/2020,RAWAT ALMAJARRA,RAWAT ALMAJARRA,IRAK,GOLDBERG 5S,AMELİYAT MASASI,*,2020/02-053,7,8/11/2020 0:00,, 
AMELIYAT MASASI,YURTDIŞI,2020/294,8/4/2020,RAWAT ALMAJARRA,RAWAT ALMAJARRA,IRAK,GOLDBERG 5S,AMELİYAT MASASI,*,2020/02-054,7,8/11/2020 0:00,, 
AMELIYAT MASASI,YURTDIŞI,2020/295,8/4/2020,RAWAT ALMAJARRA,RAWAT ALMAJARRA,IRAK,GOLDBERG 5S,AMELİYAT MASASI,*,2020/02-055,7,8/11/2020 0:00,, 
AMELIYAT MASASI,YURTDIŞI,2020/296,8/4/2020,RAWAT ALMAJARRA,RAWAT ALMAJARRA,IRAK,GOLDBERG 5S,AMELİYAT MASASI,*,2020/02-056,7,8/11/2020 0:00,, 
AMELIYAT MASASI,YURTDIŞI,2020/297,8/4/2020,RAWAT ALMAJARRA,RAWAT ALMAJARRA,IRAK,GOLDBERG 5S,AMELİYAT MASASI,*,2020/02-057,7,8/11/2020 0:00,, 
AMELIYAT MASASI,YURTDIŞI,2020/298,8/4/2020,RAWAT ALMAJARRA,RAWAT ALMAJARRA,IRAK,GOLDBERG 5S,AMELİYAT MASASI,*,2020/02-058,7,8/11/2020 0:00,, 
AMELIYAT MASASI,DMO,2020/335,9/21/2020,DMO GENEL MÜDÜRLÜĞÜ,KIBRIS PANDEMİ HASTANESİ,KIBRIS,GOLDBERG 5S,AMELİYAT MASASI,*,2020/02-059,11,10/2/2020 0:00,, 
AMELIYAT MASASI,DMO,2020/336,9/21/2020,DMO GENEL MÜDÜRLÜĞÜ,KIBRIS PANDEMİ HASTANESİ,KIBRIS,GOLDBERG 5S,AMELİYAT MASASI,*,2020/02-060,11,10/2/2020 0:00,, 
AMELIYAT MASASI,DMO,2020/337,9/21/2020,DMO GENEL MÜDÜRLÜĞÜ,KIBRIS PANDEMİ HASTANESİ,KIBRIS,GOLDBERG 5S,AMELİYAT MASASI,*,2020/02-061,11,10/2/2020 0:00,, 
AMELIYAT MASASI,DMO,2020/338,9/21/2020,DMO GENEL MÜDÜRLÜĞÜ,KIBRIS PANDEMİ HASTANESİ,KIBRIS,GOLDBERG 5S,AMELİYAT MASASI,*,2020/02-062,11,10/2/2020 0:00,, 
AMELIYAT MASASI,DMO,2020/339,9/21/2020,DMO GENEL MÜDÜRLÜĞÜ,KIBRIS PANDEMİ HASTANESİ,KIBRIS,GOLDBERG 5S,AMELİYAT MASASI,*,2020/02-063,11,10/2/2020 0:00,, 
AMELIYAT MASASI,DMO,2020/340,9/21/2020,DMO GENEL MÜDÜRLÜĞÜ,KIBRIS PANDEMİ HASTANESİ,KIBRIS,GOLDBERG 5S,AMELİYAT MASASI,*,2020/02-064,11,10/2/2020 0:00,, 
AMELIYAT MASASI,2021 DE SATIŞA ÇEVRİLDİ,2020/341,9/22/2020,2021 DE SATIŞA ÇEVRİLDİ,2021 DE SATIŞA ÇEVRİLDİ,2021 DE SATIŞA ÇEVRİLDİ,GOLDBERG 5S,AMELİYAT MASASI,*,,SERVİSİN MASASI YERİNE YENİ BİNASI İÇİN DEMO OLARAK BIRAKILDI,,, 
AMELIYAT MASASI,ÖZEL,2020/342,10/27/2020,ÖZEL VATAN HASTANESİ,ÖZEL VATAN HASTANESİ,KAHRAMANMARAŞ,GOLDBERG 5S,AMELİYAT MASASI,*,2020/02-065,15,10/2/2020 0:00,, 
AMELIYAT MASASI,2021 DE SATIŞA ÇEVRİLDİ,2020/356,10/7/2020,2021 DE SATIŞA ÇEVRİLDİ,2021 DE SATIŞA ÇEVRİLDİ,2021 DE SATIŞA ÇEVRİLDİ,GOLDBERG 5S,AMELİYAT MASASI,*,,,,, 
AMELIYAT MASASI,2021 DE SATIŞA ÇEVRİLDİ,2020/357,10/7/2020,2021 DE SATIŞA ÇEVRİLDİ,2021 DE SATIŞA ÇEVRİLDİ,2021 DE SATIŞA ÇEVRİLDİ,GOLDBERG 5S,AMELİYAT MASASI,*,,,,, 
AMELIYAT MASASI,2021 DE SATIŞA ÇEVRİLDİ,2020/358,10/7/2020,2021 DE SATIŞA ÇEVRİLDİ,2021 DE SATIŞA ÇEVRİLDİ,2021 DE SATIŞA ÇEVRİLDİ,GOLDBERG 5S,AMELİYAT MASASI,*,,,,, 
AMELIYAT MASASI,2021 DE SATIŞA ÇEVRİLDİ,2020/359,10/7/2020,2021 DE SATIŞA ÇEVRİLDİ,2021 DE SATIŞA ÇEVRİLDİ,2021 DE SATIŞA ÇEVRİLDİ,GOLDBERG 5S,AMELİYAT MASASI,*,,,,, 
AMELIYAT MASASI,2021 DE SATIŞA ÇEVRİLDİ,2020/360,10/7/2020,2021 DE SATIŞA ÇEVRİLDİ,2021 DE SATIŞA ÇEVRİLDİ,2021 DE SATIŞA ÇEVRİLDİ,GOLDBERG 5S,AMELİYAT MASASI,*,,,,, 
AMELIYAT MASASI,2021 DE SATIŞA ÇEVRİLDİ,2020/361,10/7/2020,2021 DE SATIŞA ÇEVRİLDİ,2021 DE SATIŞA ÇEVRİLDİ,2021 DE SATIŞA ÇEVRİLDİ,GOLDBERG 5S,AMELİYAT MASASI,*,,,,, 
AMELIYAT MASASI,2021 DE SATIŞA ÇEVRİLDİ,2020/362,10/7/2020,2021 DE SATIŞA ÇEVRİLDİ,2021 DE SATIŞA ÇEVRİLDİ,2021 DE SATIŞA ÇEVRİLDİ,GOLDBERG 5S,AMELİYAT MASASI,*,,,,, 
AMELIYAT MASASI,2021 DE SATIŞA ÇEVRİLDİ,2020/363,10/7/2020,2021 DE SATIŞA ÇEVRİLDİ,2021 DE SATIŞA ÇEVRİLDİ,2021 DE SATIŞA ÇEVRİLDİ,GOLDBERG 5S,AMELİYAT MASASI,*,,,,, 
AMELIYAT MASASI,YURTDIŞI,2020/362,1/4/2021,KOMED KOSOVA,KOMED KOSOVA,KOSOVA,GOLDBERG 5S,AMELİYAT MASASI,*,2021/02-001,16,1/20/2021,,
AMELIYAT MASASI,YURTDIŞI,2020/359,1/7/2021,ETKİN TIBBİ CİHAZLAR,ETKİN TIBBİ CİHAZLAR,ROMANYA,GOLDBERG 5S,AMELİYAT MASASI,*,2021/02-007,5,1/12/2021,,
AMELIYAT MASASI,YURTDIŞI,2020/341,1/7/2021,RAWAT ALMAJARRA,RAWAT ALMAJARRA,IRAK,GOLDBERG 5S,AMELİYAT MASASI,*,2021/02-002,16,1/23/2021,,
AMELIYAT MASASI,YURTDIŞI,2020/361,1/7/2021,RAWAT ALMAJARRA,RAWAT ALMAJARRA,IRAK,GOLDBERG 5S,AMELİYAT MASASI,*,2021/02-003,16,1/23/2021,,
AMELIYAT MASASI,YURTDIŞI,2020/360,1/7/2021,RAWAT ALMAJARRA,RAWAT ALMAJARRA,IRAK,GOLDBERG 5S,AMELİYAT MASASI,*,2021/02-004,16,1/23/2021,,
AMELIYAT MASASI,YURTDIŞI,2020/357,1/7/2021,RAWAT ALMAJARRA,RAWAT ALMAJARRA,IRAK,GOLDBERG 5S,AMELİYAT MASASI,*,2021/02-005,16,1/23/2021,,
AMELIYAT MASASI,YURTDIŞI,2020/358,1/7/2021,RAWAT ALMAJARRA,RAWAT ALMAJARRA,IRAK,GOLDBERG 5S,AMELİYAT MASASI,*,2021/02-006,16,1/23/2021,,
AMELIYAT MASASI,DEMO,2020/240,2/2/2021,TARSUS DEVLET HASTANESİ,TARSUS DEVLET HASTANESİ,MERSİN,GOLDBERG 5S,AMELİYAT MASASI,*,2021/02-008,,2/2/2021,,
AMELIYAT MASASI,DMO,2021/022,2/4/2021,DMO GENEL MÜDÜRLÜĞÜ,ARNAVUTLUK FİER HASTANESİ,ARNAVUTLUK,GOLDBERG 5S,AMELİYAT MASASI,*,2021/02-013,19,2/23/2021,,
AMELIYAT MASASI,DMO,2021/023,2/12/2021,DMO GENEL MÜDÜRLÜĞÜ,ARNAVUTLUK FİER HASTANESİ,ARNAVUTLUK,GOLDBERG 5S,AMELİYAT MASASI,*,2021/02-010,37,3/21/2021,,
AMELIYAT MASASI,DMO,2021/024,2/12/2021,DMO GENEL MÜDÜRLÜĞÜ,ARNAVUTLUK FİER HASTANESİ,ARNAVUTLUK,GOLDBERG 5S,AMELİYAT MASASI,*,2021/02-014,37,3/21/2021,,
AMELIYAT MASASI,DMO,2021/025,2/18/2021,DMO BURSA BÖLGE MÜDÜRLÜĞÜ,BALIKESİR ÜNİVERSİTESİ SAĞLIK UYGULAMA ARAŞTIRMA HASTANESŞ,BALIKESİR,GOLDBERG 5S,AMELİYAT MASASI,*,2021/02-015,59,4/18/2021,,
AMELIYAT MASASI,ÖZEL,2021/026,5/3/2021,NBA GÜVEN TIP MERKEZİ,NBA GÜVEN TIP MERKEZİ,ANKARA,GOLDBERG 5S,AMELİYAT MASASI,*,2021/02-019,1,5/4/2021,,
AMELIYAT MASASI,YURTDIŞI,2021/027,9/10/2021,AL HADARAT HOSPİTAL,AL HADARAT HOSPİTAL,IRAK,GOLDBERG 5S,AMELİYAT MASASI,*,2021/02-028,3,9/13/2021,,
AMELIYAT MASASI,STOK,2021/028,2/11/2021,STOK,STOK,STOK,GOLDBERG 5S,AMELİYAT MASASI,*,,,,,
AMELIYAT MASASI,YURTDIŞI,2021/029,9/10/2021,AL HADARAT HOSPİTAL,AL HADARAT HOSPİTAL,IRAK,GOLDBERG 5S,AMELİYAT MASASI,*,2021/02-026,3,9/13/2021,,
AMELIYAT MASASI,DMO,2021/030,5/18/2021,DMO VAN BÖLGE MÜDÜRLÜĞÜ,DERECİK DEVLET HASTANESİ,HAKKARİ,GOLDBERG 5S,AMELİYAT MASASI,*,2021/02-020,64,7/21/2021,,
AMELIYAT MASASI,DMO,2021/031,11/4/2021,DMO BURSA BÖLGE MÜDÜRLÜĞÜ,BALIKESİR ÜNİVERSİTESİ SAĞLIK UYGULAMA ARAŞTIRMA HASTANESŞ,BALIKESİR,GOLDBERG 5S,AMELİYAT MASASI,*,2021/02-057,59,1/2/2022,,
AMELIYAT MASASI,YURTDIŞI,2021/032,11/16/2021,PERU,PERU,PERU,GOLDBERG 5S,AMELİYAT MASASI,*,2021/02-058,8,11/24/2021,,
AMELIYAT MASASI,ÖZEL,2021/033,6/17/2021,HATTAT SAĞLIK HİZMETLERİ,ETHİCA İNCİRLİ HASTANESİ,İSTANBUL,GOLDBERG 5S,AMELİYAT MASASI,*,2021/02-021,2,6/19/2021,,
AMELIYAT MASASI,DMO,2020/241,2/12/2021,DMO GENEL MÜDÜRLÜĞÜ,ARNAVUTLUK FİER HASTANESİ,ARNAVUTLUK,GOLDBERG 5S,AMELİYAT MASASI,*,2021/02-009,37,3/21/2021,,
AMELIYAT MASASI,DMO,2020/356,2/12/2021,DMO GENEL MÜDÜRLÜĞÜ,ARNAVUTLUK FİER HASTANESİ,ARNAVUTLUK,GOLDBERG 5S,AMELİYAT MASASI,*,2021/02-011,37,3/21/2021,,
AMELIYAT MASASI,DMO,2020/363,2/12/2021,DMO GENEL MÜDÜRLÜĞÜ,ARNAVUTLUK FİER HASTANESİ,ARNAVUTLUK,GOLDBERG 5S,AMELİYAT MASASI,*,2021/02-012,37,3/21/2021,,
AMELIYAT MASASI,DMO,2020/093,4/16/2021,DMO İZMİR BÖLGE MÜDÜRLÜĞÜ,BERGAMA DEVLET HASTANESİ,İZMİR,ERM 2000 F,AMELİYAT MASASI,*,2020/02-047,26,5/12/2021,,
AMELIYAT MASASI,ÖZEL,2021/063,9/21/2021,RADON TIBBİ MALZEMELER,AMERİKAN HASTANESİ,İSTANBUL,GOLDBERG 5S,AMELİYAT MASASI,*,2021/02-036,0,9/21/2021,,
AMELIYAT MASASI,ÖZEL,2021/064,9/14/2021,JİNEMED HASTANESİ,JİNEMED HASTANESİ,İSTANBUL,GOLDBERG 5S,AMELİYAT MASASI,*,2021/02-037,30,10/14/2021,,
AMELIYAT MASASI,YURTDIŞI,2021/065,9/10/2021,AL HADARAT HOSPİTAL,AL HADARAT HOSPİTAL,IRAK,GOLDBERG 5S,AMELİYAT MASASI,*,2021/02-027,3,9/13/2021,,
AMELIYAT MASASI,DMO,2021/066,9/24/2021,DMO ELAZIĞ BÖLGE MÜDÜRLÜĞÜ,BATTALGAZİ DEVLET HASTANESİ,MALATYA,GOLDBERG 5S,AMELİYAT MASASI,*,2021/02-039,69,12/2/2021,,
AMELIYAT MASASI,ÖZEL,2021/067,9/29/2021,İNCİRLİ SAĞLIK VE SOSYAL TESİSLERİ A.Ş.,İNCİRLİ SAĞLIK VE SOSYAL TESİSLERİ A.Ş.,İSTANBUL,GOLDBERG 5S,AMELİYAT MASASI,*,2021/02-048,31,10/30/2021,,
AMELIYAT MASASI,ÖZEL,2021/068,10/20/2021,MOBİL AMBULANS,MOBİL AMBULANS,ANKARA,GOLDBERG 3S,AMELİYAT MASASI,*,2021/02-049,31,11/20/2021,,
AMELIYAT MASASI,YURTDIŞI,2021/069,9/10/2021,AL HADARAT HOSPİTAL,AL HADARAT HOSPİTAL,IRAK,GOLDBERG 4S,AMELİYAT MASASI,*,2021/02-030,3,9/13/2021,,
AMELIYAT MASASI,STOK,2021/070,3/10/2021,STOK,STOK,STOK,GOLDBERG 5S,AMELİYAT MASASI,OBEZ,,,,,
AMELIYAT MASASI,STOK,2021/071,3/10/2021,STOK,STOK,STOK,GOLDBERG 4S,AMELİYAT MASASI,*,,,,,
AMELIYAT MASASI,DMO,2020/098,4/6/2021,DMO GAZİANTEP BÖLGE MÜDÜRLÜĞÜ,CEYLANPINAR DEVLET HASTANESİ,GAZİANTEP,ERM 2000 F,AMELİYAT MASASI,*,2021/02-016,64,6/9/2021,,
AMELIYAT MASASI,DMO,2020/134,4/6/2021,DMO GAZİANTEP BÖLGE MÜDÜRLÜĞÜ,CEYLANPINAR DEVLET HASTANESİ,GAZİANTEP,ERM 2000 F,AMELİYAT MASASI,*,2021/02-017,64,6/9/2021,,
AMELIYAT MASASI,YURTDIŞI,2021/148,9/10/2021,AL HADARAT HOSPİTAL,AL HADARAT HOSPİTAL,IRAK,GOLDBERG 5S,AMELİYAT MASASI,*,2021/02-029,3,9/13/2021,,
AMELIYAT MASASI,DMO,2021/149,9/24/2021,DMO ELAZIĞ BÖLGE MÜDÜRLÜĞÜ,BATTALGAZİ DEVLET HASTANESİ,MALATYA,GOLDBERG 5S,AMELİYAT MASASI,*,2021/02-040,69,12/2/2021,,
AMELIYAT MASASI,DMO,2021/150,9/24/2021,DMO ELAZIĞ BÖLGE MÜDÜRLÜĞÜ,BATTALGAZİ DEVLET HASTANESİ,MALATYA,GOLDBERG 5S,AMELİYAT MASASI,*,2021/02-041,69,12/2/2021,,
AMELIYAT MASASI,DMO,2021/151,4/8/2021,DMO ELAZIĞ BÖLGE MÜDÜRLÜĞÜ,BATTALGAZİ DEVLET HASTANESİ,MALATYA,GOLDBERG 5S,AMELİYAT MASASI,*,2021/02-042,238,12/2/2021,,
AMELIYAT MASASI,DMO,2021/152,4/8/2021,DMO ELAZIĞ BÖLGE MÜDÜRLÜĞÜ,BATTALGAZİ DEVLET HASTANESİ,MALATYA,GOLDBERG 5S,AMELİYAT MASASI,*,2021/02-043,238,12/2/2021,,
AMELIYAT MASASI,DMO,2021/153,4/8/2021,DMO ELAZIĞ BÖLGE MÜDÜRLÜĞÜ,BATTALGAZİ DEVLET HASTANESİ,MALATYA,GOLDBERG 5S,AMELİYAT MASASI,*,2021/02-044,238,12/2/2021,,
AMELIYAT MASASI,DMO,2021/154,4/8/2021,DMO ELAZIĞ BÖLGE MÜDÜRLÜĞÜ,BATTALGAZİ DEVLET HASTANESİ,MALATYA,GOLDBERG 5S,AMELİYAT MASASI,*,2021/02-045,238,12/2/2021,,
AMELIYAT MASASI,DMO,2021/155,4/8/2021,DMO ELAZIĞ BÖLGE MÜDÜRLÜĞÜ,BATTALGAZİ DEVLET HASTANESİ,MALATYA,GOLDBERG 5S,AMELİYAT MASASI,*,2021/02-046,238,12/2/2021,,
AMELIYAT MASASI,DMO,2021/156,4/8/2021,DMO ELAZIĞ BÖLGE MÜDÜRLÜĞÜ,BATTALGAZİ DEVLET HASTANESİ,MALATYA,GOLDBERG 5S,AMELİYAT MASASI,*,2021/02-047,238,12/2/2021,,
AMELIYAT MASASI,YURTDIŞI,2021/157,9/10/2021,AL HADARAT HOSPİTAL,AL HADARAT HOSPİTAL,IRAK,GOLDBERG 4S,AMELİYAT MASASI,*,2021/02-031,3,9/13/2021,,
AMELIYAT MASASI,YURTDIŞI,2021/158,9/10/2021,AL HADARAT HOSPİTAL,AL HADARAT HOSPİTAL,IRAK,GOLDBERG 4S,AMELİYAT MASASI,*,2021/02-032,3,9/13/2021,,
AMELIYAT MASASI,STOK,2021/159,4/8/2021,2022 ye aktarıldı,STOK,STOK,GOLDBERG 4S,AMELİYAT MASASI,*,2022 ye aktarıldı,,,,
AMELIYAT MASASI,DEMO,2020/362,4/10/2021,ÖZEL BOSSAN HOSPİTAL,ÖZEL BOSSAN HOSPİTAL,GAZİANTEP,GOLDBERG 5S,AMELİYAT MASASI,*,2021/02-018,cihaz geri geldi.,4/10/2021,,
AMELIYAT MASASI,ÖZEL,2021/164,9/7/2021,ŞAFAK DİŞ DEPOSU,KENT ÜNİVERSİTESİ,İSTANBUL,STR 2000 F,AMELİYAT MASASI,*,2021/02-025,23,9/30/2021,,
AMELIYAT MASASI,YURTDIŞI,2021/262,7/27/2021,PAKİSTAN,PAKİSTAN,PAKİSTAN,STR 2000 F,AMELİYAT MASASI,*,2021/02-022,14,8/10/2021,,
AMELIYAT MASASI,YURTDIŞI,2021/263,7/27/2021,PAKİSTAN,PAKİSTAN,PAKİSTAN,STR 2000 F,AMELİYAT MASASI,*,2021/02-023,14,8/10/2021,,
AMELIYAT MASASI,ÖZEL,2020/038,7/30/2021,MEDDEM SAĞLIK HİZMETLERİ SAN.TİC.A.Ş.,ÖZEL ISPARTA ŞİFA HASTANESİ,ISPARTA,STR 2000 F,AMELİYAT MASASI,*,2021/02-024,7,8/6/2021,,
AMELIYAT MASASI,DMO,2021/331,9/8/2021,DMO GENEL MÜDÜRLÜĞÜ,ANKARA KEÇİÖREN EĞİTİM VE ARAŞTIRMA HASTANESİ,ANKARA,GOLDBERG 5S,AMELİYAT MASASI,*,2021/02-033,64,11/11/2021,,
AMELIYAT MASASI,DMO,2021/332,9/8/2021,DMO GENEL MÜDÜRLÜĞÜ,ANKARA KEÇİÖREN EĞİTİM VE ARAŞTIRMA HASTANESİ,ANKARA,ERM 2000 F,AMELİYAT MASASI,*,2021/02-034,64,11/11/2021,,
AMELIYAT MASASI,DMO,2021/333,9/8/2021,DMO GENEL MÜDÜRLÜĞÜ,ANKARA KEÇİÖREN EĞİTİM VE ARAŞTIRMA HASTANESİ,ANKARA,ERM 2000 F,AMELİYAT MASASI,*,2021/02-035,64,11/11/2021,,
AMELIYAT MASASI,DMO,2021/340,9/21/2021,DMO İZMİR BÖLGE MÜDÜRLÜĞÜ,İZMİR FOÇA DEVLET HASTANESİ,İZMİR,ERM 2000 F,AMELİYAT MASASI,*,2021/02-038,59,11/19/2021,,
AMELIYAT MASASI,HİBE,2021/367,10/20/2021,BATTALGAZİ DEVLET HASTANESİ,BATTALGAZİ DEVLET HASTANESİ,MALATYA,GOLDBERG 5S,AMELİYAT MASASI,*,2021/02-050,,10/21/2021,,
AMELIYAT MASASI,DMO,2021/010,11/1/2021,DMO İZMİR BÖLGE MÜDÜRLÜĞÜ,İZMİR BUCA SEYFİ DEMİRSOY KADIN DOĞUM HASTANESİ,İZMİR,TKF 1100,AMELİYAT MASASI,*,2021/02-051,69,1/9/2022,,
AMELIYAT MASASI,DMO,2021/011,11/1/2021,DMO İZMİR BÖLGE MÜDÜRLÜĞÜ,İZMİR BUCA SEYFİ DEMİRSOY KADIN DOĞUM HASTANESİ,İZMİR,TKF 1100,AMELİYAT MASASI,*,2021/02-052,69,1/9/2022,,
AMELIYAT MASASI,DMO,2021/012,11/1/2021,DMO İZMİR BÖLGE MÜDÜRLÜĞÜ,İZMİR BUCA SEYFİ DEMİRSOY KADIN DOĞUM HASTANESİ,İZMİR,TKF 1100,AMELİYAT MASASI,*,2021/02-053,69,1/9/2022,,
AMELIYAT MASASI,DMO,2021/013,11/1/2021,DMO İZMİR BÖLGE MÜDÜRLÜĞÜ,İZMİR BUCA SEYFİ DEMİRSOY KADIN DOĞUM HASTANESİ,İZMİR,TKF 1100,AMELİYAT MASASI,*,2021/02-054,69,1/9/2022,,
AMELIYAT MASASI,DMO,2021/014,11/1/2021,DMO İZMİR BÖLGE MÜDÜRLÜĞÜ,İZMİR BUCA SEYFİ DEMİRSOY KADIN DOĞUM HASTANESİ,İZMİR,TKF 1100,AMELİYAT MASASI,*,2021/02-055,69,1/9/2022,,
AMELIYAT MASASI,DMO,2021/015,11/1/2021,DMO İZMİR BÖLGE MÜDÜRLÜĞÜ,İZMİR BUCA SEYFİ DEMİRSOY KADIN DOĞUM HASTANESİ,İZMİR,TKF 1100,AMELİYAT MASASI,*,2021/02-056,69,1/9/2022,,
AMELIYAT MASASI,DMO,2021/437,11/22/2021,DMO MERSİN BÖLGE MÜDÜRLÜĞÜ,ADANA AÇIK CEZA İNFAZ KURUMU,ADANA,ERM 2000 F,AMELİYAT MASASI,*,2021/02-059,59,1/20/2022,,
AMELIYAT MASASI,DMO,2021/454,12/9/2021,DMO MERSİN BÖLGE MÜDÜRLÜĞÜ,TARSUS DEVLET HASTANESİ,MERSİN,ERM 2000 F,AMELİYAT MASASI,*,2021/02-060,64,2/11/2022,,
AMELIYAT MASASI,DMO,2021/455,12/9/2021,DMO MERSİN BÖLGE MÜDÜRLÜĞÜ,TARSUS DEVLET HASTANESİ,MERSİN,ERM 2000 F,AMELİYAT MASASI,*,2021/02-061,64,2/11/2022,,
AMELIYAT MASASI,2022 DE SATIŞ OLDU,2021/456,12/9/2021,2022 DE SATIŞ OLDU,2022 DE SATIŞ OLDU,2022 DE SATIŞ OLDU,2000 F ,AMELİYAT MASASI,*,,,,,
AMELIYAT MASASI,YURTDIŞI,2021/159,1/24/2023,ROMANYA - NICU,ROMANYA,ROMANYA,GOLDBERG 4S,AMELİYAT MASASI,*,2022/02-039,33,2/26/2023,,
AMELIYAT MASASI,YURTDIŞI,2021/456,1/13/2022,MD ROM,MD ROM,MOLDOVA,STR 2000 F,AMELİYAT MASASI,,2022/02-001,10,1/23/2022,,
AMELIYAT MASASI,ÖZEL,2022/116,2/3/2022,SIEMENS HEALTHCARE SAĞLIK A.Ş.,SIEMENS HEALTHCARE SAĞLIK A.Ş.,İSTANBUL,GOLDBERG 5S,AMELİYAT MASASI,,2022/02-002,30,3/5/2022,,
AMELIYAT MASASI,YURTDIŞI,2022/127,5/18/2022,SMART MED,LİBYA,LİBYA,GOLDBERG 5S,AMELİYAT MASASI,,2022/02-008,30,6/17/2022,,
AMELIYAT MASASI,ÖZEL,2022/130,4/7/2022,ER TIBBİ CİHAZLAR,ORDU EAH,ORDU,GOLDBERG 5S,AMELİYAT MASASI,,2022/02-003,30,5/7/2022,,
AMELIYAT MASASI,DMO,2022/129,6/8/2022,DMO ELAZIĞ BÖLGE MÜDÜRLÜĞÜ,MALATYA  İL SAĞLIK MÜDÜRLÜĞÜ,MALATYA,GOLDBERG 5S,AMELİYAT MASASI,,2022/02-010,60,8/7/2022,,
AMELIYAT MASASI,DMO,2022/128,3/4/2022,DMO,SAMANDAĞ DEVLET HASTANESİ,HATAY,GOLDBERG 5S,AMELİYAT MASASI,,2022/02-004,60,5/3/2022,,
AMELIYAT MASASI,YURTDIŞI,2022/306,6/14/2022,FİRSTAZMED,AZERBAYCAN,AZERBAYCAN,GOLDBERG 5S,AMELİYAT MASASI,,2022/02-025,30,7/14/2022,,
AMELIYAT MASASI,YURTDIŞI,2022/307,6/14/2022,FİRSTAZMED,AZERBAYCAN,AZERBAYCAN,GOLDBERG 5S,AMELİYAT MASASI,,2022/02-026,17,7/1/2022,,
AMELIYAT MASASI,DMO,2022/134,4/8/2022,DMO,TRABZON S.B.Ü. AHİ EVRAN GÖĞÜS KALP VE DAMAR CERRAHİSİ EĞİTİM VE ARAŞTIRMA HASTANESİ,TRABZON,GOLDBERG 5S,AMELİYAT MASASI,,2022/02-005,60,6/7/2022,,
AMELIYAT MASASI,YURTDIŞI,2022/135,6/14/2022,FİRSTAZMED,AZERBAYCAN,AZERBAYCAN,GOLDBERG 5S,AMELİYAT MASASI,,2022/02-015,17,7/1/2022,,
AMELIYAT MASASI,DMO,2022/136,6/22/2022,DMO TRABZON BÖLGE MÜDÜRLÜĞÜ,ONDOKUZMAYIS ÜNİVERSİTESİ SAĞLIK UYGULAMA VE ARAŞTIRMA HASTANESİ,SAMSUN,GOLDBERG 5S,AMELİYAT MASASI,,2022/02-006,65,8/26/2022,,
AMELIYAT MASASI,DMO,2022/191,6/22/2022,DMO TRABZON BÖLGE MÜDÜRLÜĞÜ,ONDOKUZMAYIS ÜNİVERSİTESİ SAĞLIK UYGULAMA VE ARAŞTIRMA HASTANESİ,SAMSUN,GOLDBERG 5S,AMELİYAT MASASI,,2022/02-016,65,8/26/2022,,
AMELIYAT MASASI,DMO,2022/192,6/22/2022,DMO TRABZON BÖLGE MÜDÜRLÜĞÜ,ONDOKUZMAYIS ÜNİVERSİTESİ SAĞLIK UYGULAMA VE ARAŞTIRMA HASTANESİ,SAMSUN,GOLDBERG 5S,AMELİYAT MASASI,,2022/02-017,65,8/26/2022,,
AMELIYAT MASASI,YURTDIŞI,2022/193,9/13/2022,ROMANYA - NICU,ROMANYA,ROMANYA,GOLDBERG 5S,AMELİYAT MASASI,,2022/02-018,9,9/22/2022,,
AMELIYAT MASASI,DMO,2022/194,6/22/2022,DMO TRABZON BÖLGE MÜDÜRLÜĞÜ,ONDOKUZMAYIS ÜNİVERSİTESİ SAĞLIK UYGULAMA VE ARAŞTIRMA HASTANESİ,SAMSUN,GOLDBERG 5S,AMELİYAT MASASI,,2022/02-019,65,8/26/2022,,
AMELIYAT MASASI,YURTDIŞI,2022/195,6/29/2022,WHİTE SHIP,IRAK,IRAK,GOLDBERG 5S,AMELİYAT MASASI,,2022/02-021,2,7/1/2022,,
AMELIYAT MASASI,DMO,2022/196,6/22/2022,DMO TRABZON BÖLGE MÜDÜRLÜĞÜ,ONDOKUZMAYIS ÜNİVERSİTESİ SAĞLIK UYGULAMA VE ARAŞTIRMA HASTANESİ,SAMSUN,GOLDBERG 5S,AMELİYAT MASASI,,2022/02-020,65,8/26/2022,,
AMELIYAT MASASI,YURTDIŞI,2022/197,6/29/2022,WHİTE SHIP,IRAK,IRAK,GOLDBERG 5S,AMELİYAT MASASI,,2022/02-022,2,7/1/2022,,
AMELIYAT MASASI,YURTDIŞI,2022/198,6/29/2022,PAKİSTAN,PAKİSTAN,PAKİSTAN,GOLDBERG 5S,AMELİYAT MASASI,,2022/02-023,2,7/1/2022,,
AMELIYAT MASASI,YURTDIŞI,2022/199,5/27/2022,IRAK,IRAK,IRAK,GOLDBERG 4S,AMELİYAT MASASI,,2022/02-009,3,5/30/2022,,
AMELIYAT MASASI,DMO,2022/235,5/13/2022,DMO TRABZON BÖLGE MÜDÜRLÜĞÜ,SAMSUN 19 MAYIS İLÇE DEVLET HASTANESİ,SAMSUN,ERM2000F,AMELİYAT MASASI,,2022/02-007,60,7/12/2022,,
AMELIYAT MASASI,DMO,2022/246,6/6/2022,DMO GAZİANTEP BÖLGE MÜDÜRLÜĞÜ,HATAY İL SAĞLIK MÜDÜRLÜĞÜ -ARSUZ DEVLET HASTANESİ,HATAY,ERM2000F,AMELİYAT MASASI,,2022/02-010,65,8/10/2022,,
AMELIYAT MASASI,DMO,2022/272,6/6/2022,DMO GAZİANTEP BÖLGE MÜDÜRLÜĞÜ,HATAY İL SAĞLIK MÜDÜRLÜĞÜ -ARSUZ DEVLET HASTANESİ,HATAY,ERM2000F,AMELİYAT MASASI,,2022/02-011,65,8/10/2022,,
AMELIYAT MASASI,DMO,2022/273,6/6/2022,DMO GAZİANTEP BÖLGE MÜDÜRLÜĞÜ,HATAY İL SAĞLIK MÜDÜRLÜĞÜ -ARSUZ DEVLET HASTANESİ,HATAY,ERM2000F,AMELİYAT MASASI,,2022/02-012,65,8/10/2022,,
AMELIYAT MASASI,DMO,2022/304,8/25/2022,DMO ESKİŞEHİR BÖLGE MÜDÜRLÜĞÜ,MEHMET AKİF ERSOY ÜNİVERSİTESİ İDARİ VE MALİ İŞLER MÜDÜRLÜĞÜ,BURDUR,ERM2000F,AMELİYAT MASASI,,2022/02-035,65,10/29/2022,,
AMELIYAT MASASI,DMO,2022/305,8/4/2022,DMO 1 NOLU OPERASYONEL SÜREÇLER DAİRE BAŞKANLIĞI,ANKARA SİNCAN AĞIZVE DİŞ SAĞLIĞI MERKEZİ,ANKARA,ERM2000F,AMELİYAT MASASI,,2022/02-024,60,10/3/2022,,
AMELIYAT MASASI,YURTDIŞI,2022/131,8/10/2022,PAKİSTAN,PAKİSTAN,PAKİSTAN,GOLDBERG 5S,AMELİYAT MASASI,,2022/02-013,60,10/9/2022,,
AMELIYAT MASASI,YURTDIŞI,2022/133,8/10/2022,PAKİSTAN,PAKİSTAN,PAKİSTAN,GOLDBERG 5S,AMELİYAT MASASI,,2022/02-014,60,10/9/2022,,
AMELIYAT MASASI,YURTDIŞI,2022/310,11/3/2022,CASABLANCA -FAS,FAS,FAS,GOLDBERG 3S,AMELİYAT MASASI,,2022/02-043,27,11/30/2022,,
AMELIYAT MASASI,ÖZEL,2022/311,11/16/2022,MARKAMET SAĞLIK ÜRÜNLERİ SAN. TİC. LTD. ŞTİ.,MARKAMET SAĞLIK ÜRÜNLERİ - TORBALI DEVLET HASTANESİ,İZMİR,GOLDBERG 3 S,AMELİYAT MASASI,,2022/02-046,30,12/16/2022,,
AMELIYAT MASASI,ÖZEL,2022/312,10/24/2022,GENÇAY TIBBİ -MEDİKAL KIRTASİYE ÜRÜNLERİ -MURAT GENÇAY,GENÇAY TIBBİ -MEDİKAL KIRTASİYE ÜRÜNLERİ -MURAT GENÇAY,MERSİN,ERM2000F,AMELİYAT MASASI,,2022/02-044,30,11/23/2022,,
AMELIYAT MASASI,ÖZEL,2022/315,8/11/2022,ÖZEL YAŞAM HASTANESİ,ÇANKAYA ÖZEL YAŞAM HASTANESİ,ANKARA,ERM2000F,AMELİYAT MASASI,,2022/02-027,0,8/11/2022,,
AMELIYAT MASASI,YURTDIŞI,2022/319,8/17/2022,FAS,FAS,FAS,GOLDBERG 5S,AMELİYAT MASASI,,2022/02-028,22,9/8/2022,,
AMELIYAT MASASI,YURTDIŞI,2022/320,8/17/2022,FAS,FAS,FAS,GOLDBERG 5S,AMELİYAT MASASI,,2022/02-029,22,9/8/2022,,
AMELIYAT MASASI,YURTDIŞI,2022/321,8/17/2022,FAS,FAS,FAS,GOLDBERG 5S,AMELİYAT MASASI,,2022/02-030,22,9/8/2022,,
AMELIYAT MASASI,YURTDIŞI,2022/322,8/17/2022,FAS,FAS,FAS,GOLDBERG 5S,AMELİYAT MASASI,,2022/02-031,22,9/8/2022,,
AMELIYAT MASASI,YURTDIŞI,2022/323,8/17/2022,FAS,FAS,FAS,GOLDBERG 5S,AMELİYAT MASASI,,2022/02-032,22,9/8/2022,,
AMELIYAT MASASI,YURTDIŞI,2022/324,8/17/2022,FAS,FAS,FAS,GOLDBERG 5S,AMELİYAT MASASI,,2022/02-033,22,9/8/2022,,
AMELIYAT MASASI,YURTDIŞI,2022/414,8/17/2022,FAS,FAS,FAS,GOLDBERG 5S,AMELİYAT MASASI,,2022/02-034,22,9/8/2022,,
AMELIYAT MASASI,DMO,2022/333,9/30/2022,DMO TRABZON BÖLGE MÜDÜRLÜĞÜ,SAMSUN BAFRA AĞIZ VE DİŞ SAĞLIĞI MERKEZİ,SAMSUN,GOLDBERG 5S,AMELİYAT MASASI,,2022/02-036,60,11/29/2022,,
AMELIYAT MASASI,YURTDIŞI,2022/387,10/10/2022,IRAK,IRAK AL AZHAR HASTANESİ,IRAK,GOLDBERG 5S,AMELİYAT MASASI,,2022/02-037,14,10/24/2022,,
AMELIYAT MASASI,YURTDIŞI,2022/393,10/13/2022,LÜBNAN,LÜBNAN,LÜBNAN,GOLDBERG 5S,AMELİYAT MASASI,,2022/02-038,5,10/18/2022,,
AMELIYAT MASASI,DMO,2022/410,11/4/2022,DMO İSTANBUL BÖLGE MÜDÜRLÜĞÜ,İSTANBUL ÇAPA TIP FAKÜLTESİ,İSTANBUL,GOLDBERG 5S,AMELİYAT MASASI,,2022/02-040,65,1/8/2023,,
AMELIYAT MASASI,DMO,2022/411,11/4/2022,DMO İSTANBUL BÖLGE MÜDÜRLÜĞÜ,İSTANBUL ÇAPA TIP FAKÜLTESİ,İSTANBUL,GOLDBERG 5S,AMELİYAT MASASI,,2022/02-041,65,1/8/2023,,
AMELIYAT MASASI,YURTDIŞI,2022/451,11/3/2022,CASABLANCA -FAS,FAS,FAS,GOLDBERG 5S,AMELİYAT MASASI,,2022/02-042,27,11/30/2022,,
AMELIYAT MASASI,ÖZEL,2022/458,11/11/2022,ÖZEL FLORYA HASTANESİ,ÖZEL FLORYA HASTANESİ,İSTANBUL,GOLDBERG 5S  - OBEZ UYUMLU,AMELİYAT MASASI,,2022/02-045,19,11/30/2022,,
AMELIYAT MASASI,ÖZEL,2022/462,1/16/2023,BAYPARK HASTANESİ,BAYPARK HASTANESİ,İSTANBUL,GOLDBERG 5S  - OBEZ UYUMLU,AMELİYAT MASASI,,2023/02-001,,2/6/2023,,
AMELIYAT MASASI,YURTDIŞI,2022/502,1/18/2023,BRONCAMED,CASABLANCA FAS,FAS,GOLDBERG 3 S,AMELİYAT MASASI,,2023/02-002,,1/31/2023,,
AMELIYAT MASASI,DMO,2022/504,3/28/2023,DMO ESKİŞEHİR BÖLGE MÜDÜRLÜĞÜ,MEHMET AKİF ERSOY EĞİTİM VE ARAŞTIRMA HASTANESİ,BURDUR,ERM 2000 F,AMELİYAT MASASI,,2023/02-004,65 GÜN,6/1/2023,,
AMELIYAT MASASI,DMO,2022/505,3/28/2023,DMO ESKİŞEHİR BÖLGE MÜDÜRLÜĞÜ,MEHMET AKİF ERSOY EĞİTİM VE ARAŞTIRMA HASTANESİ,BURDUR,ERM 2000 F,AMELİYAT MASASI,,2023/02-005,65 GÜN,6/1/2023,,
AMELIYAT MASASI,DMO,2022/506,5/2/2023,DMO 1 NOLU OPERASYONEL SÜREÇLER DAİRE BAŞKANLIĞI,KONYA YUNAK HACI İZZET BAYSAL İLÇE DEVLET HASTANESİ,KONYA,ERM 2000 F,AMELİYAT MASASI,,2023/02-010,60 GÜN,7/1/2023,,
AMELIYAT MASASI,DMO,2022/507,5/8/2023,DMO İZMİR BÖLGE MÜDÜRLÜĞÜ,İZMİR BUCA SEYFİ DEMİRSOY EĞİTİM VE ARAŞTIRMA HASTANESİ,İZMİR,ERM 2000 F,AMELİYAT MASASI,,2023/02-020,65 GÜN,7/12/2023,,
AMELIYAT MASASI,DMO,2023/101,3/31/2023,DMO İSTANBUL BÖLGE MÜDÜRLÜĞÜ,TRAKYA ÜNİVERSİTESİ,EDİRNE,GOLDBERG 5 S,AMELİYAT MASASI,,2023/02-006,,6/4/2023,,
AMELIYAT MASASI,ÖZEL,2023/132,2/16/2023,ALYANS MEDİKAL,AZERBAYCAN,AZERBAYCAN,GOLDBERG 5 S,AMELİYAT MASASI,,2023/02-003,,2/28/2023,,
AMELIYAT MASASI,DMO,2023/140,3/31/2023,DMO İSTANBUL BÖLGE MÜDÜRLÜĞÜ,TRAKYA ÜNİVERSİTESİ,EDİRNE,GOLDBERG 5 S,AMELİYAT MASASI,,2023/02-007,,6/4/2023,,
AMELIYAT MASASI,DMO,2023/141,3/31/2023,DMO İSTANBUL BÖLGE MÜDÜRLÜĞÜ,TRAKYA ÜNİVERSİTESİ,EDİRNE,GOLDBERG 5 S,AMELİYAT MASASI,,2023/02-008,,6/4/2023,,
AMELIYAT MASASI,ÖZEL,2023/162,4/26/2023,ÖZEL YÜZÜNCÜYIL HASTANESİ,ÖZEL YÜZÜNCÜYIL HASTANESİ,ANKARA,GOLDBERG 5 S,AMELİYAT MASASI,,2023/02-009,,4/26/2023,,
AMELIYAT MASASI,2024 YILINA AKTARILDI,2023/163,4/26/2023,2024 YILANA AKTARILDI,2024 YILANA AKTARILDI,2024 YILANA AKTARILDI,GOLDBERG 5 S,AMELİYAT MASASI,,,,,,
AMELIYAT MASASI,2024 YILINA AKTARILDI,2023/164,4/26/2023,2024 YILINA AKTARILDI,2024 YILINA AKTARILDI,2024 YILANA AKTARILDI,GOLDBERG 4 S,AMELİYAT MASASI,,,,,,
AMELIYAT MASASI,2024 YILINA AKTARILDI,2023/173,5/2/2023,DMO 1 NOLU OPERASYONEL SÜREÇLER DAİRE BAŞKANLIĞI,SB KAMU HASTANELERİ GENEL MÜDÜRLÜĞÜ (DEPREM BÖLGESİ),2024 YILANA AKTARILDI,GOLDBERG 5 S,AMELİYAT MASASI,,2023/02-011,70 GÜN,7/11/2023,,
AMELIYAT MASASI,2024 YILINA AKTARILDI,2023/174,5/2/2023,DMO 1 NOLU OPERASYONEL SÜREÇLER DAİRE BAŞKANLIĞI,SB KAMU HASTANELERİ GENEL MÜDÜRLÜĞÜ (DEPREM BÖLGESİ),2024 YILINA AKTARILDI,GOLDBERG 5 S,AMELİYAT MASASI,,2023/02-012,70 GÜN,7/11/2023,,
AMELIYAT MASASI,DMO,2023/175,5/2/2023,DMO 1 NOLU OPERASYONEL SÜREÇLER DAİRE BAŞKANLIĞI,SB KAMU HASTANELERİ GENEL MÜDÜRLÜĞÜ (DEPREM BÖLGESİ),HATAY DEPREM BÖLGESİ,GOLDBERG 5 S,AMELİYAT MASASI,,2023/02-013,70 GÜN,7/11/2023,,
AMELIYAT MASASI,DMO,2023/176,5/2/2023,DMO 1 NOLU OPERASYONEL SÜREÇLER DAİRE BAŞKANLIĞI,SB KAMU HASTANELERİ GENEL MÜDÜRLÜĞÜ (DEPREM BÖLGESİ),HATAY DEPREM BÖLGESİ,GOLDBERG 5 S,AMELİYAT MASASI,,2023/02-014,70 GÜN,7/11/2023,,
AMELIYAT MASASI,DMO,2023/177,5/2/2023,DMO 1 NOLU OPERASYONEL SÜREÇLER DAİRE BAŞKANLIĞI,SB KAMU HASTANELERİ GENEL MÜDÜRLÜĞÜ (DEPREM BÖLGESİ),HATAY DEPREM BÖLGESİ,GOLDBERG 5 S,AMELİYAT MASASI,,2023/02-015,70 GÜN,7/11/2023,,
AMELIYAT MASASI,DMO,2023/178,5/2/2023,DMO 1 NOLU OPERASYONEL SÜREÇLER DAİRE BAŞKANLIĞI,SB KAMU HASTANELERİ GENEL MÜDÜRLÜĞÜ (DEPREM BÖLGESİ),HATAY DEPREM BÖLGESİ,GOLDBERG 5 S,AMELİYAT MASASI,,2023/02-016,70 GÜN,7/11/2023,,
AMELIYAT MASASI,DMO,2023/179,5/2/2023,DMO 1 NOLU OPERASYONEL SÜREÇLER DAİRE BAŞKANLIĞI,SB KAMU HASTANELERİ GENEL MÜDÜRLÜĞÜ (DEPREM BÖLGESİ),HATAY DEPREM BÖLGESİ,GOLDBERG 5 S,AMELİYAT MASASI,,2023/02-017,70 GÜN,7/11/2023,,
AMELIYAT MASASI,DMO,2023/180,5/2/2023,DMO 1 NOLU OPERASYONEL SÜREÇLER DAİRE BAŞKANLIĞI,SB KAMU HASTANELERİ GENEL MÜDÜRLÜĞÜ (DEPREM BÖLGESİ),HATAY DEPREM BÖLGESİ,GOLDBERG 5 S,AMELİYAT MASASI,,2023/02-018,70 GÜN,7/11/2023,,
AMELIYAT MASASI,DMO,2023/181,5/2/2023,DMO 1 NOLU OPERASYONEL SÜREÇLER DAİRE BAŞKANLIĞI,SB KAMU HASTANELERİ GENEL MÜDÜRLÜĞÜ (DEPREM BÖLGESİ),HATAY DEPREM BÖLGESİ,GOLDBERG 5 S,AMELİYAT MASASI,,2023/02-019,70 GÜN,7/11/2023,,
AMELIYAT MASASI,DMO,2023/182,5/8/2023,DMO İZMİR BÖLGE MÜDÜRLÜĞÜ,İZMİR BUCA SEYFİ DEMİRSOY EĞİTİM VE ARAŞTIRMA HASTANESİ,İZMİR,ERM 2000 F,AMELİYAT MASASI,,2023/02-021,65 GÜN,7/12/2023,,
AMELIYAT MASASI,DMO,2023/183,5/8/2023,DMO İZMİR BÖLGE MÜDÜRLÜĞÜ,İZMİR BUCA SEYFİ DEMİRSOY EĞİTİM VE ARAŞTIRMA HASTANESİ,İZMİR,ERM 2000 F,AMELİYAT MASASI,,2023/02-022,65 GÜN,7/12/2023,,
AMELIYAT MASASI,DMO,2023/213,6/16/2023,DMO 1 NOLU OPERASYONEL SÜREÇLER DAİRE BAŞKANLIĞI,SB KAMU HASTANELERİ GENEL MÜDÜRLÜĞÜ (DEPREM BÖLGESİ),HATAY DEPREM BÖLGESİ,GOLDBERG 5 S,AMELİYAT MASASI,,2023/02-023,70 GÜN,8/25/2023,,
AMELIYAT MASASI,DMO,2023/214,6/16/2023,DMO 1 NOLU OPERASYONEL SÜREÇLER DAİRE BAŞKANLIĞI,SB KAMU HASTANELERİ GENEL MÜDÜRLÜĞÜ (DEPREM BÖLGESİ),HATAY DEPREM BÖLGESİ,GOLDBERG 5 S,AMELİYAT MASASI,,2023/02-024,70 GÜN,8/25/2023,,
AMELIYAT MASASI,DMO,2023/215,6/16/2023,DMO 1 NOLU OPERASYONEL SÜREÇLER DAİRE BAŞKANLIĞI,SB KAMU HASTANELERİ GENEL MÜDÜRLÜĞÜ (DEPREM BÖLGESİ),HATAY DEPREM BÖLGESİ,GOLDBERG 5 S,AMELİYAT MASASI,,2023/02-025,70 GÜN,8/25/2023,,
AMELIYAT MASASI,DMO,2023/216,6/16/2023,DMO 1 NOLU OPERASYONEL SÜREÇLER DAİRE BAŞKANLIĞI,SB KAMU HASTANELERİ GENEL MÜDÜRLÜĞÜ (DEPREM BÖLGESİ),HATAY DEPREM BÖLGESİ,GOLDBERG 5 S,AMELİYAT MASASI,,2023/02-026,70 GÜN,8/25/2023,,
AMELIYAT MASASI,DMO,2023/217,6/16/2023,DMO 1 NOLU OPERASYONEL SÜREÇLER DAİRE BAŞKANLIĞI,SB KAMU HASTANELERİ GENEL MÜDÜRLÜĞÜ (DEPREM BÖLGESİ),HATAY DEPREM BÖLGESİ,GOLDBERG 5 S,AMELİYAT MASASI,,2023/02-027,70 GÜN,8/25/2023,,
AMELIYAT MASASI,DMO,2023/218,6/16/2023,DMO 1 NOLU OPERASYONEL SÜREÇLER DAİRE BAŞKANLIĞI,SB KAMU HASTANELERİ GENEL MÜDÜRLÜĞÜ (DEPREM BÖLGESİ),HATAY DEPREM BÖLGESİ,GOLDBERG 5 S,AMELİYAT MASASI,,2023/02-028,70 GÜN,8/25/2023,,
AMELIYAT MASASI,DMO,2023/219,6/16/2023,DMO 1 NOLU OPERASYONEL SÜREÇLER DAİRE BAŞKANLIĞI,SB KAMU HASTANELERİ GENEL MÜDÜRLÜĞÜ (DEPREM BÖLGESİ),HATAY DEPREM BÖLGESİ,GOLDBERG 5 S,AMELİYAT MASASI,,2023/02-029,70 GÜN,8/25/2023,,
AMELIYAT MASASI,DMO,2023/220,6/16/2023,DMO 1 NOLU OPERASYONEL SÜREÇLER DAİRE BAŞKANLIĞI,SB KAMU HASTANELERİ GENEL MÜDÜRLÜĞÜ (DEPREM BÖLGESİ),HATAY DEPREM BÖLGESİ,GOLDBERG 5 S,AMELİYAT MASASI,,2023/02-030,70 GÜN,8/25/2023,,
AMELIYAT MASASI,YURTDIŞI,2023/238,7/4/2023,BİRLEŞİK ARAP EMİRLİKLERİ,BİRLEŞİK ARAP EMİRLİKLERİ,BİRLEŞİK ARAP EMİRLİKLERİ,GOLDBERG 5 S,AMELİYAT MASASI,,2023/02-031,,7/12/2023,,
AMELIYAT MASASI,YURTDIŞI,2023/239,7/4/2023,BİRLEŞİK ARAP EMİRLİKLERİ,BİRLEŞİK ARAP EMİRLİKLERİ,BİRLEŞİK ARAP EMİRLİKLERİ,GOLDBERG 5 S,AMELİYAT MASASI,,2023/02-032,,7/12/2023,,
AMELIYAT MASASI,YURTDIŞI,2023/244,7/18/2023,PAKİSTAN,PAKİSTAN,PAKİSTAN,GOLDBERG 5 S,AMELİYAT MASASI,,2023/02-035,,8/17/2023,,
AMELIYAT MASASI,ÖZEL,2023/245,7/19/2023,BAYPARK HASTANESİ,BAYPARK HASTANESİ,İSTANBUL,GOLDBERG 5 S,AMELİYAT MASASI,,2023/02-036,,8/17/2023,,
AMELIYAT MASASI,DMO,2023/246,10/10/2023,DMO 1 NOLU OPERASYONEL SÜREÇLER DAİRE BAŞKANLIĞI,SB KAMU HASTANELERİ GENEL MÜDÜRLÜĞÜ (DEPREM BÖLGESİ),HATAY DEPREM BÖLGESİ,GOLDBERG 5 S,AMELİYAT MASASI,,2023/02-040,70 GÜN,12/19/2023,,
AMELIYAT MASASI,YURTDIŞI,2023/247,8/31/2023,IRAK,IRAK,IRAK,GOLDBERG 5 S,AMELİYAT MASASI,,2023/02-037,,9/4/2023,,
AMELIYAT MASASI,YURTDIŞI,2023/248,6/13/2023,BRONCAMED SARL,CASABLANCA MOROCCO,CASABLANCA FAS,GOLDBERG 3 S,AMELİYAT MASASI,,2023/02-033,30 GÜN,7/13/2023,,
AMELIYAT MASASI,YURTDIŞI,2023/253,6/13/2023,BRONCAMED SARL,CASABLANCA MOROCCO,CASABLANCA FAS,GOLDBERG 3 S,AMELİYAT MASASI,,2023/02-034,30 GÜN,7/13/2023,,
AMELIYAT MASASI,DMO,2023/274,10/9/2023,DMO ELAZIĞ BÖLGE MÜDÜRLÜĞÜ,SİVAS CUMHURİYET ÜNİVERSİTESİ REKTÖRLÜĞÜ UYGULAMA VE ARAŞTIRMA HASTANESİ,SİVAS,GOLDBERG 5 S,AMELİYAT MASASI,,2023/02-039,60 GÜN,12/8/2023,,
AMELIYAT MASASI,DMO,2023/275,10/10/2023,DMO 1 NOLU OPERASYONEL SÜREÇLER DAİRE BAŞKANLIĞI,SB KAMU HASTANELERİ GENEL MÜDÜRLÜĞÜ (DEPREM BÖLGESİ),HATAY DEPREM BÖLGESİ,GOLDBERG 5 S,AMELİYAT MASASI,,2023/02-041,70 GÜN,12/19/2023,,
AMELIYAT MASASI,DMO,2023/276,10/10/2023,DMO 1 NOLU OPERASYONEL SÜREÇLER DAİRE BAŞKANLIĞI,SB KAMU HASTANELERİ GENEL MÜDÜRLÜĞÜ (DEPREM BÖLGESİ),HATAY DEPREM BÖLGESİ,GOLDBERG 5 S,AMELİYAT MASASI,,2023/02-042,70 GÜN,12/19/2023,,
AMELIYAT MASASI,DMO,2023/277,10/10/2023,DMO 1 NOLU OPERASYONEL SÜREÇLER DAİRE BAŞKANLIĞI,SB KAMU HASTANELERİ GENEL MÜDÜRLÜĞÜ (DEPREM BÖLGESİ),HATAY DEPREM BÖLGESİ,GOLDBERG 5 S,AMELİYAT MASASI,,2023/02-043,70 GÜN,12/19/2023,,
AMELIYAT MASASI,ÖZEL,2023/278,9/15/2023,ÖZEL FLORYA HASTANESİ,ÖZEL FLORYA HASTANESİ,İSTANBUL,GOLDBERG 5 S,AMELİYAT MASASI,,2023/02-038,,9/20/2023,,
AMELIYAT MASASI,DMO,2023/279,10/10/2023,DMO 1 NOLU OPERASYONEL SÜREÇLER DAİRE BAŞKANLIĞI,SB KAMU HASTANELERİ GENEL MÜDÜRLÜĞÜ (DEPREM BÖLGESİ),HATAY DEPREM BÖLGESİ,GOLDBERG 5 S,AMELİYAT MASASI,,2023/02-044,70 GÜN,12/19/2023,,
AMELIYAT MASASI,DMO,2023/280,10/10/2023,DMO 1 NOLU OPERASYONEL SÜREÇLER DAİRE BAŞKANLIĞI,SB KAMU HASTANELERİ GENEL MÜDÜRLÜĞÜ (DEPREM BÖLGESİ),HATAY DEPREM BÖLGESİ,GOLDBERG 5 S,AMELİYAT MASASI,,2023/02-045,70 GÜN,12/19/2023,,
AMELIYAT MASASI,DMO,2023/281,10/10/2023,DMO 1 NOLU OPERASYONEL SÜREÇLER DAİRE BAŞKANLIĞI,SB KAMU HASTANELERİ GENEL MÜDÜRLÜĞÜ (DEPREM BÖLGESİ),HATAY DEPREM BÖLGESİ,GOLDBERG 5 S,AMELİYAT MASASI,,2023/02-046,70 GÜN,12/19/2023,,
AMELIYAT MASASI,DMO,2023/282,11/15/2023,DMO ELEZIĞ BÖLGE MÜDÜRLÜĞÜ,SİVAS CUMHURİYET ÜNİVERSİTESİ REKTÖRLÜĞÜ UYGULAMA VE ARAŞTIRMA HASTANESİ,SİVAS,GOLDBERG 5 S,AMELİYAT MASASI,,2023/02-048,60 GÜN,1/14/2024,,
AMELIYAT MASASI,2024 YILINA AKTARILDI,2023/283,9/12/2023,2024 YILANA AKTARILDI,2024 YILANA AKTARILDI,2024 YILANA AKTARILDI,GOLDBERG 5 S,AMELİYAT MASASI,,,,,,
AMELIYAT MASASI,HİBE,2023/335,12/6/2023,DMO 1 NOLU OPERASYONEL SÜREÇLER DAİRE BAŞKANLIĞI,SB KAMU HASTANELERİ GENEL MÜDÜRLÜĞÜ (DEPREM BÖLGESİ),SİVAS DEVLET HASTANESİ,GOLDBERG 5 S,AMELİYAT MASASI,,2023/02-049,70 GÜN,2/14/2024,,
AMELIYAT MASASI,DMO,2023/336,12/6/2023,DMO 1 NOLU OPERASYONEL SÜREÇLER DAİRE BAŞKANLIĞI,SB KAMU HASTANELERİ GENEL MÜDÜRLÜĞÜ (DEPREM BÖLGESİ),HATAY DEPREM BÖLGESİ,GOLDBERG 5 S,AMELİYAT MASASI,,2023/02-050,70 GÜN,2/14/2024,,
AMELIYAT MASASI,DMO,2023/337,12/6/2023,DMO 1 NOLU OPERASYONEL SÜREÇLER DAİRE BAŞKANLIĞI,SB KAMU HASTANELERİ GENEL MÜDÜRLÜĞÜ (DEPREM BÖLGESİ),HATAY DEPREM BÖLGESİ,GOLDBERG 5 S,AMELİYAT MASASI,,2023/02-051,70 GÜN,2/14/2024,,
AMELIYAT MASASI,DMO,2023/338,12/6/2023,DMO 1 NOLU OPERASYONEL SÜREÇLER DAİRE BAŞKANLIĞI,SB KAMU HASTANELERİ GENEL MÜDÜRLÜĞÜ (DEPREM BÖLGESİ),HATAY DEPREM BÖLGESİ,GOLDBERG 5 S,AMELİYAT MASASI,,2023/02-052,70 GÜN,2/14/2024,,
AMELIYAT MASASI,DMO,2023/339,12/6/2023,DMO 1 NOLU OPERASYONEL SÜREÇLER DAİRE BAŞKANLIĞI,SB KAMU HASTANELERİ GENEL MÜDÜRLÜĞÜ (DEPREM BÖLGESİ),HATAY DEPREM BÖLGESİ,GOLDBERG 5 S,AMELİYAT MASASI,,2023/02-053,70 GÜN,2/14/2024,,
AMELIYAT MASASI,DMO,2023/340,12/6/2023,DMO 1 NOLU OPERASYONEL SÜREÇLER DAİRE BAŞKANLIĞI,SB KAMU HASTANELERİ GENEL MÜDÜRLÜĞÜ (DEPREM BÖLGESİ),HATAY DEPREM BÖLGESİ,GOLDBERG 5 S,AMELİYAT MASASI,,2023/02-054,70 GÜN,2/14/2024,,
AMELIYAT MASASI,DMO,2023/341,12/6/2023,DMO 1 NOLU OPERASYONEL SÜREÇLER DAİRE BAŞKANLIĞI,SB KAMU HASTANELERİ GENEL MÜDÜRLÜĞÜ (DEPREM BÖLGESİ),HATAY DEPREM BÖLGESİ,GOLDBERG 5 S,AMELİYAT MASASI,,2023/02-055,70 GÜN,2/14/2024,,
AMELIYAT MASASI,HİBE,2023/342,12/6/2023,DMO 1 NOLU OPERASYONEL SÜREÇLER DAİRE BAŞKANLIĞI,SB KAMU HASTANELERİ GENEL MÜDÜRLÜĞÜ (DEPREM BÖLGESİ),SİVAS DEVLET HASTANESİ,GOLDBERG 5 S,AMELİYAT MASASI,,2023/02-056,70 GÜN,2/14/2024,,
AMELIYAT MASASI,2024 YILINA AKTARILDI,2023/343,10/11/2023,2024 YILANA AKTARILDI,2024 YILANA AKTARILDI,2024 YILANA AKTARILDI,GOLDBERG 5 S,AMELİYAT MASASI,,,,,,
AMELIYAT MASASI,2024 YILINA AKTARILDI,2023/344,10/11/2023,2024 YILINA AKTARILDI,2024 YILINA AKTARILDI,2024 YILANA AKTARILDI,GOLDBERG 5 S,AMELİYAT MASASI,,,,,,
AMELIYAT MASASI,2024 YILINA AKTARILDI,2023/345,10/11/2023,2024 YILANA AKTARILDI,2024 YILANA AKTARILDI,2024 YILANA AKTARILDI,GOLDBERG 5 S,AMELİYAT MASASI,,,,,,
AMELIYAT MASASI,DMO,2023/388,11/6/2023,DMO TRABZON BÖLGE MÜDÜRLÜĞÜ,GİRESUN ÜNİVERSİTESİ PROF.DR.A.İLHAN ÖZDEMİR EĞİTİM VE ARAŞTIRMA HASTANESİ,,ERM 2000 F,AMELİYAT MASASI,,2023/02-047,60 GÜN,1/5/2024,,
AMELIYAT MASASI,2024 YILINA AKTARILDI,2023/389,11/7/2023,2024 YILANA AKTARILDI,2024 YILANA AKTARILDI,2024 YILANA AKTARILDI,GOLDBERG 5 S,AMELİYAT MASASI,,,,,,
AMELIYAT MASASI,2024 YILINA AKTARILDI,2023/390,11/7/2023,2024 YILANA AKTARILDI,2024 YILANA AKTARILDI,2024 YILANA AKTARILDI,GOLDBERG 5 S,AMELİYAT MASASI,,,,,,
AMELIYAT MASASI,2024 YILINA AKTARILDI,2023/391,11/7/2023,2024 YILANA AKTARILDI,2024 YILANA AKTARILDI,2024 YILANA AKTARILDI,GOLDBERG 5 S,AMELİYAT MASASI,,,,,,
AMELIYAT MASASI,2024 YILINA AKTARILDI,2023/392,11/7/2023,2024 YILINA AKTARILDI,2024 YILINA AKTARILDI,2024 YILANA AKTARILDI,GOLDBERG 5 S,AMELİYAT MASASI,,,,,,
AMELIYAT MASASI,2024 YILINA AKTARILDI,2023/393,11/7/2023,2024 YILANA AKTARILDI,2024 YILANA AKTARILDI,2024 YILANA AKTARILDI,GOLDBERG 5 S,AMELİYAT MASASI,,,,,,
AMELIYAT MASASI,2024 YILINA AKTARILDI,2023/394,11/7/2023,2024 YILINA AKTARILDI,2024 YILINA AKTARILDI,2024 YILANA AKTARILDI,GOLDBERG 5 S,AMELİYAT MASASI,,,,,,
AMELIYAT MASASI,2024 YILINA AKTARILDI,2023/395,11/7/2023,2024 YILANA AKTARILDI,2024 YILANA AKTARILDI,2024 YILANA AKTARILDI,GOLDBERG 5 S,AMELİYAT MASASI,,,,,,
AMELIYAT MASASI,2024 YILINA AKTARILDI,2023/427,11/28/2023,2024 YILINA AKTARILDI,2024 YILINA AKTARILDI,2024 YILANA AKTARILDI,ERM 2000 F,AMELİYAT MASASI,,,,,,
AMELIYAT MASASI,2024 YILINA AKTARILDI,2023/428,11/28/2023,2024 YILANA AKTARILDI,2024 YILANA AKTARILDI,2024 YILANA AKTARILDI,ERM 2000 F,AMELİYAT MASASI,,,,,,
AMELIYAT MASASI,2024 YILINA AKTARILDI,2023/429,11/28/2023,2024 YILINA AKTARILDI,2024 YILINA AKTARILDI,2024 YILANA AKTARILDI,ERM 2000 F,AMELİYAT MASASI,,,,,,
AMELIYAT MASASI,2024 YILINA AKTARILDI,2023/430,11/28/2023,2024 YILINA AKTARILDI,2024 YILINA AKTARILDI,2024 YILANA AKTARILDI,ERM 2000 F,AMELİYAT MASASI,,,,,,
AMELIYAT MASASI,ÖZEL,2022/462,1/16/2023,BAYPARK HASTANESİ,BAYPARK HASTANESİ,İSTANBUL,GOLDBERG 5S  - OBEZ UYUMLU,AMELİYAT MASASI,,2023/02-001,65 GÜN,2/6/2023,,
AMELIYAT MASASI,YURTDIŞI,2022/502,1/18/2023,BRONCAMED,CASABLANCA FAS,FAS,GOLDBERG 3 S,AMELİYAT MASASI,,2023/02-002,66 GÜN,1/31/2023,,
AMELIYAT MASASI,DMO,2022/504,3/28/2023,DMO ESKİŞEHİR BÖLGE MÜDÜRLÜĞÜ,MEHMET AKİF ERSOY EĞİTİM VE ARAŞTIRMA HASTANESİ,BURDUR,ERM 2000 F,AMELİYAT MASASI,,2023/02-004,65 GÜN,6/1/2023,,
AMELIYAT MASASI,DMO,2022/505,3/28/2023,DMO ESKİŞEHİR BÖLGE MÜDÜRLÜĞÜ,MEHMET AKİF ERSOY EĞİTİM VE ARAŞTIRMA HASTANESİ,BURDUR,ERM 2000 F,AMELİYAT MASASI,,2023/02-005,65 GÜN,6/1/2023,,
AMELIYAT MASASI,DMO,2022/506,5/2/2023,DMO 1 NOLU OPERASYONEL SÜREÇLER DAİRE BAŞKANLIĞI,KONYA YUNAK HACI İZZET BAYSAL İLÇE DEVLET HASTANESİ,KONYA,ERM 2000 F,AMELİYAT MASASI,,2023/02-010,60 GÜN,7/1/2023,,
AMELIYAT MASASI,DMO,2022/507,5/8/2023,DMO İZMİR BÖLGE MÜDÜRLÜĞÜ,İZMİR BUCA SEYFİ DEMİRSOY EĞİTİM VE ARAŞTIRMA HASTANESİ,İZMİR,ERM 2000 F,AMELİYAT MASASI,,2023/02-020,65 GÜN,7/12/2023,,
AMELIYAT MASASI,DMO,2023/101,3/31/2023,DMO İSTANBUL BÖLGE MÜDÜRLÜĞÜ,TRAKYA ÜNİVERSİTESİ,EDİRNE,GOLDBERG 5 S,AMELİYAT MASASI,,2023/02-006,70 GÜN,6/4/2023,,
AMELIYAT MASASI,ÖZEL,2023/132,2/16/2023,ALYANS MEDİKAL,AZERBAYCAN,AZERBAYCAN,GOLDBERG 5 S,AMELİYAT MASASI,,2023/02-003,70 GÜN,2/28/2023,,
AMELIYAT MASASI,DMO,2023/140,3/31/2023,DMO İSTANBUL BÖLGE MÜDÜRLÜĞÜ,TRAKYA ÜNİVERSİTESİ,EDİRNE,GOLDBERG 5 S,AMELİYAT MASASI,,2023/02-007,70 GÜN,6/4/2023,,
AMELIYAT MASASI,DMO,2023/141,3/31/2023,DMO İSTANBUL BÖLGE MÜDÜRLÜĞÜ,TRAKYA ÜNİVERSİTESİ,EDİRNE,GOLDBERG 5 S,AMELİYAT MASASI,,2023/02-008,70 GÜN,6/4/2023,,
AMELIYAT MASASI,ÖZEL,2023/162,4/26/2023,ÖZEL YÜZÜNCÜYIL HASTANESİ,ÖZEL YÜZÜNCÜYIL HASTANESİ,ANKARA,GOLDBERG 5 S,AMELİYAT MASASI,,2023/02-009,70 GÜN,4/26/2023,,
AMELIYAT MASASI,DMO,2023/175,5/2/2023,DMO 1 NOLU OPERASYONEL SÜREÇLER DAİRE BAŞKANLIĞI,SB KAMU HASTANELERİ GENEL MÜDÜRLÜĞÜ (DEPREM BÖLGESİ),HATAY DEPREM BÖLGESİ,GOLDBERG 5 S,AMELİYAT MASASI,,2023/02-013,70 GÜN,7/11/2023,,
AMELIYAT MASASI,DMO,2023/176,5/2/2023,DMO 1 NOLU OPERASYONEL SÜREÇLER DAİRE BAŞKANLIĞI,SB KAMU HASTANELERİ GENEL MÜDÜRLÜĞÜ (DEPREM BÖLGESİ),HATAY DEPREM BÖLGESİ,GOLDBERG 5 S,AMELİYAT MASASI,,2023/02-014,70 GÜN,7/11/2023,,
AMELIYAT MASASI,DMO,2023/177,5/2/2023,DMO 1 NOLU OPERASYONEL SÜREÇLER DAİRE BAŞKANLIĞI,SB KAMU HASTANELERİ GENEL MÜDÜRLÜĞÜ (DEPREM BÖLGESİ),HATAY DEPREM BÖLGESİ,GOLDBERG 5 S,AMELİYAT MASASI,,2023/02-015,70 GÜN,7/11/2023,,
AMELIYAT MASASI,DMO,2023/178,5/2/2023,DMO 1 NOLU OPERASYONEL SÜREÇLER DAİRE BAŞKANLIĞI,SB KAMU HASTANELERİ GENEL MÜDÜRLÜĞÜ (DEPREM BÖLGESİ),HATAY DEPREM BÖLGESİ,GOLDBERG 5 S,AMELİYAT MASASI,,2023/02-016,70 GÜN,7/11/2023,,
AMELIYAT MASASI,DMO,2023/179,5/2/2023,DMO 1 NOLU OPERASYONEL SÜREÇLER DAİRE BAŞKANLIĞI,SB KAMU HASTANELERİ GENEL MÜDÜRLÜĞÜ (DEPREM BÖLGESİ),HATAY DEPREM BÖLGESİ,GOLDBERG 5 S,AMELİYAT MASASI,,2023/02-017,70 GÜN,7/11/2023,,
AMELIYAT MASASI,DMO,2023/180,5/2/2023,DMO 1 NOLU OPERASYONEL SÜREÇLER DAİRE BAŞKANLIĞI,SB KAMU HASTANELERİ GENEL MÜDÜRLÜĞÜ (DEPREM BÖLGESİ),HATAY DEPREM BÖLGESİ,GOLDBERG 5 S,AMELİYAT MASASI,,2023/02-018,70 GÜN,7/11/2023,,
AMELIYAT MASASI,DMO,2023/181,5/2/2023,DMO 1 NOLU OPERASYONEL SÜREÇLER DAİRE BAŞKANLIĞI,SB KAMU HASTANELERİ GENEL MÜDÜRLÜĞÜ (DEPREM BÖLGESİ),HATAY DEPREM BÖLGESİ,GOLDBERG 5 S,AMELİYAT MASASI,,2023/02-019,70 GÜN,7/11/2023,,
AMELIYAT MASASI,DMO,2023/182,5/8/2023,DMO İZMİR BÖLGE MÜDÜRLÜĞÜ,İZMİR BUCA SEYFİ DEMİRSOY EĞİTİM VE ARAŞTIRMA HASTANESİ,İZMİR,ERM 2000 F,AMELİYAT MASASI,,2023/02-021,65 GÜN,7/12/2023,,
AMELIYAT MASASI,DMO,2023/183,5/8/2023,DMO İZMİR BÖLGE MÜDÜRLÜĞÜ,İZMİR BUCA SEYFİ DEMİRSOY EĞİTİM VE ARAŞTIRMA HASTANESİ,İZMİR,ERM 2000 F,AMELİYAT MASASI,,2023/02-022,65 GÜN,7/12/2023,,
AMELIYAT MASASI,DMO,2023/213,6/16/2023,DMO 1 NOLU OPERASYONEL SÜREÇLER DAİRE BAŞKANLIĞI,SB KAMU HASTANELERİ GENEL MÜDÜRLÜĞÜ (DEPREM BÖLGESİ),HATAY DEPREM BÖLGESİ,GOLDBERG 5 S,AMELİYAT MASASI,,2023/02-023,70 GÜN,8/25/2023,,
AMELIYAT MASASI,DMO,2023/214,6/16/2023,DMO 1 NOLU OPERASYONEL SÜREÇLER DAİRE BAŞKANLIĞI,SB KAMU HASTANELERİ GENEL MÜDÜRLÜĞÜ (DEPREM BÖLGESİ),HATAY DEPREM BÖLGESİ,GOLDBERG 5 S,AMELİYAT MASASI,,2023/02-024,70 GÜN,8/25/2023,,
AMELIYAT MASASI,DMO,2023/215,6/16/2023,DMO 1 NOLU OPERASYONEL SÜREÇLER DAİRE BAŞKANLIĞI,SB KAMU HASTANELERİ GENEL MÜDÜRLÜĞÜ (DEPREM BÖLGESİ),HATAY DEPREM BÖLGESİ,GOLDBERG 5 S,AMELİYAT MASASI,,2023/02-025,70 GÜN,8/25/2023,,
AMELIYAT MASASI,DMO,2023/216,6/16/2023,DMO 1 NOLU OPERASYONEL SÜREÇLER DAİRE BAŞKANLIĞI,SB KAMU HASTANELERİ GENEL MÜDÜRLÜĞÜ (DEPREM BÖLGESİ),HATAY DEPREM BÖLGESİ,GOLDBERG 5 S,AMELİYAT MASASI,,2023/02-026,70 GÜN,8/25/2023,,
AMELIYAT MASASI,DMO,2023/217,6/16/2023,DMO 1 NOLU OPERASYONEL SÜREÇLER DAİRE BAŞKANLIĞI,SB KAMU HASTANELERİ GENEL MÜDÜRLÜĞÜ (DEPREM BÖLGESİ),HATAY DEPREM BÖLGESİ,GOLDBERG 5 S,AMELİYAT MASASI,,2023/02-027,70 GÜN,8/25/2023,,
AMELIYAT MASASI,DMO,2023/218,6/16/2023,DMO 1 NOLU OPERASYONEL SÜREÇLER DAİRE BAŞKANLIĞI,SB KAMU HASTANELERİ GENEL MÜDÜRLÜĞÜ (DEPREM BÖLGESİ),HATAY DEPREM BÖLGESİ,GOLDBERG 5 S,AMELİYAT MASASI,,2023/02-028,70 GÜN,8/25/2023,,
AMELIYAT MASASI,DMO,2023/219,6/16/2023,DMO 1 NOLU OPERASYONEL SÜREÇLER DAİRE BAŞKANLIĞI,SB KAMU HASTANELERİ GENEL MÜDÜRLÜĞÜ (DEPREM BÖLGESİ),HATAY DEPREM BÖLGESİ,GOLDBERG 5 S,AMELİYAT MASASI,,2023/02-029,70 GÜN,8/25/2023,,
AMELIYAT MASASI,DMO,2023/220,6/16/2023,DMO 1 NOLU OPERASYONEL SÜREÇLER DAİRE BAŞKANLIĞI,SB KAMU HASTANELERİ GENEL MÜDÜRLÜĞÜ (DEPREM BÖLGESİ),HATAY DEPREM BÖLGESİ,GOLDBERG 5 S,AMELİYAT MASASI,,2023/02-030,70 GÜN,8/25/2023,,
AMELIYAT MASASI,YURTDIŞI,2023/238,7/4/2023,BİRLEŞİK ARAP EMİRLİKLERİ,BİRLEŞİK ARAP EMİRLİKLERİ,BİRLEŞİK ARAP EMİRLİKLERİ,GOLDBERG 5 S,AMELİYAT MASASI,,2023/02-031,70 GÜN,7/12/2023,,
AMELIYAT MASASI,YURTDIŞI,2023/239,7/4/2023,BİRLEŞİK ARAP EMİRLİKLERİ,BİRLEŞİK ARAP EMİRLİKLERİ,BİRLEŞİK ARAP EMİRLİKLERİ,GOLDBERG 5 S,AMELİYAT MASASI,,2023/02-032,70 GÜN,7/12/2023,,
AMELIYAT MASASI,YURTDIŞI,2023/244,7/18/2023,PAKİSTAN,PAKİSTAN,PAKİSTAN,GOLDBERG 5 S,AMELİYAT MASASI,,2023/02-035,70 GÜN,8/17/2023,,
AMELIYAT MASASI,ÖZEL,2023/245,7/19/2023,BAYPARK HASTANESİ,BAYPARK HASTANESİ,İSTANBUL,GOLDBERG 5 S,AMELİYAT MASASI,,2023/02-036,70 GÜN,8/17/2023,,
AMELIYAT MASASI,DMO,2023/246,10/10/2023,DMO 1 NOLU OPERASYONEL SÜREÇLER DAİRE BAŞKANLIĞI,SB KAMU HASTANELERİ GENEL MÜDÜRLÜĞÜ (DEPREM BÖLGESİ),HATAY DEPREM BÖLGESİ,GOLDBERG 5 S,AMELİYAT MASASI,,2023/02-040,70 GÜN,12/19/2023,,
AMELIYAT MASASI,YURTDIŞI,2023/247,8/31/2023,IRAK,IRAK,IRAK,GOLDBERG 5 S,AMELİYAT MASASI,,2023/02-037,71 GÜN,9/4/2023,,
AMELIYAT MASASI,YURTDIŞI,2023/248,6/13/2023,BRONCAMED SARL,CASABLANCA MOROCCO,CASABLANCA FAS,GOLDBERG 3 S,AMELİYAT MASASI,,2023/02-033,30 GÜN,7/13/2023,,
AMELIYAT MASASI,YURTDIŞI,2023/253,6/13/2023,BRONCAMED SARL,CASABLANCA MOROCCO,CASABLANCA FAS,GOLDBERG 3 S,AMELİYAT MASASI,,2023/02-034,30 GÜN,7/13/2023,,
AMELIYAT MASASI,DMO,2023/274,10/9/2023,DMO ELAZIĞ BÖLGE MÜDÜRLÜĞÜ,SİVAS CUMHURİYET ÜNİVERSİTESİ REKTÖRLÜĞÜ UYGULAMA VE ARAŞTIRMA HASTANESİ,SİVAS,GOLDBERG 5 S,AMELİYAT MASASI,,2023/02-039,60 GÜN,12/8/2023,,
AMELIYAT MASASI,DMO,2023/275,10/10/2023,DMO 1 NOLU OPERASYONEL SÜREÇLER DAİRE BAŞKANLIĞI,SB KAMU HASTANELERİ GENEL MÜDÜRLÜĞÜ (DEPREM BÖLGESİ),HATAY DEPREM BÖLGESİ,GOLDBERG 5 S,AMELİYAT MASASI,,2023/02-041,70 GÜN,12/19/2023,,
AMELIYAT MASASI,DMO,2023/276,10/10/2023,DMO 1 NOLU OPERASYONEL SÜREÇLER DAİRE BAŞKANLIĞI,SB KAMU HASTANELERİ GENEL MÜDÜRLÜĞÜ (DEPREM BÖLGESİ),HATAY DEPREM BÖLGESİ,GOLDBERG 5 S,AMELİYAT MASASI,,2023/02-042,70 GÜN,12/19/2023,,
AMELIYAT MASASI,DMO,2023/277,10/10/2023,DMO 1 NOLU OPERASYONEL SÜREÇLER DAİRE BAŞKANLIĞI,SB KAMU HASTANELERİ GENEL MÜDÜRLÜĞÜ (DEPREM BÖLGESİ),HATAY DEPREM BÖLGESİ,GOLDBERG 5 S,AMELİYAT MASASI,,2023/02-043,70 GÜN,12/19/2023,,
AMELIYAT MASASI,ÖZEL,2023/278,9/15/2023,ÖZEL FLORYA HASTANESİ,ÖZEL FLORYA HASTANESİ,İSTANBUL,GOLDBERG 5 S,AMELİYAT MASASI,,2023/02-038,,9/20/2023,,
AMELIYAT MASASI,DMO,2023/279,10/10/2023,DMO 1 NOLU OPERASYONEL SÜREÇLER DAİRE BAŞKANLIĞI,SB KAMU HASTANELERİ GENEL MÜDÜRLÜĞÜ (DEPREM BÖLGESİ),HATAY DEPREM BÖLGESİ,GOLDBERG 5 S,AMELİYAT MASASI,,2023/02-044,70 GÜN,12/19/2023,,
AMELIYAT MASASI,DMO,2023/280,10/10/2023,DMO 1 NOLU OPERASYONEL SÜREÇLER DAİRE BAŞKANLIĞI,SB KAMU HASTANELERİ GENEL MÜDÜRLÜĞÜ (DEPREM BÖLGESİ),HATAY DEPREM BÖLGESİ,GOLDBERG 5 S,AMELİYAT MASASI,,2023/02-045,70 GÜN,12/19/2023,,
AMELIYAT MASASI,DMO,2023/281,10/10/2023,DMO 1 NOLU OPERASYONEL SÜREÇLER DAİRE BAŞKANLIĞI,SB KAMU HASTANELERİ GENEL MÜDÜRLÜĞÜ (DEPREM BÖLGESİ),HATAY DEPREM BÖLGESİ,GOLDBERG 5 S,AMELİYAT MASASI,,2023/02-046,70 GÜN,12/19/2023,,
AMELIYAT MASASI,DMO,2023/282,11/15/2023,DMO ELEZIĞ BÖLGE MÜDÜRLÜĞÜ,SİVAS CUMHURİYET ÜNİVERSİTESİ REKTÖRLÜĞÜ UYGULAMA VE ARAŞTIRMA HASTANESİ,SİVAS,GOLDBERG 5 S,AMELİYAT MASASI,,2023/02-048,60 GÜN,1/14/2024,,
AMELIYAT MASASI,DMO,2023/336,12/6/2023,DMO 1 NOLU OPERASYONEL SÜREÇLER DAİRE BAŞKANLIĞI,SB KAMU HASTANELERİ GENEL MÜDÜRLÜĞÜ (DEPREM BÖLGESİ),HATAY DEPREM BÖLGESİ,GOLDBERG 5 S,AMELİYAT MASASI,,2023/02-050,70 GÜN,2/14/2024,,
AMELIYAT MASASI,DMO,2023/337,12/6/2023,DMO 1 NOLU OPERASYONEL SÜREÇLER DAİRE BAŞKANLIĞI,SB KAMU HASTANELERİ GENEL MÜDÜRLÜĞÜ (DEPREM BÖLGESİ),HATAY DEPREM BÖLGESİ,GOLDBERG 5 S,AMELİYAT MASASI,,2023/02-051,70 GÜN,2/14/2024,,
AMELIYAT MASASI,DMO,2023/338,12/6/2023,DMO 1 NOLU OPERASYONEL SÜREÇLER DAİRE BAŞKANLIĞI,SB KAMU HASTANELERİ GENEL MÜDÜRLÜĞÜ (DEPREM BÖLGESİ),HATAY DEPREM BÖLGESİ,GOLDBERG 5 S,AMELİYAT MASASI,,2023/02-052,70 GÜN,2/14/2024,,
AMELIYAT MASASI,DMO,2023/339,12/6/2023,DMO 1 NOLU OPERASYONEL SÜREÇLER DAİRE BAŞKANLIĞI,SB KAMU HASTANELERİ GENEL MÜDÜRLÜĞÜ (DEPREM BÖLGESİ),HATAY DEPREM BÖLGESİ,GOLDBERG 5 S,AMELİYAT MASASI,,2023/02-053,70 GÜN,2/14/2024,,
AMELIYAT MASASI,DMO,2023/340,12/6/2023,DMO 1 NOLU OPERASYONEL SÜREÇLER DAİRE BAŞKANLIĞI,SB KAMU HASTANELERİ GENEL MÜDÜRLÜĞÜ (DEPREM BÖLGESİ),HATAY DEPREM BÖLGESİ,GOLDBERG 5 S,AMELİYAT MASASI,,2023/02-054,70 GÜN,2/14/2024,,
AMELIYAT MASASI,DMO,2023/341,12/6/2023,DMO 1 NOLU OPERASYONEL SÜREÇLER DAİRE BAŞKANLIĞI,SB KAMU HASTANELERİ GENEL MÜDÜRLÜĞÜ (DEPREM BÖLGESİ),HATAY DEPREM BÖLGESİ,GOLDBERG 5 S,AMELİYAT MASASI,,2023/02-055,70 GÜN,2/14/2024,,
AMELIYAT MASASI,DMO,2023/388,11/6/2023,DMO TRABZON BÖLGE MÜDÜRLÜĞÜ,GİRESUN ÜNİVERSİTESİ PROF.DR.A.İLHAN ÖZDEMİR EĞİTİM VE ARAŞTIRMA HASTANESİ,,ERM 2000 F,AMELİYAT MASASI,,2023/02-047,60 GÜN,1/5/2024,,
AMELIYAT MASASI,DMO,2023/428,2/20/2024,DMO ELAZIĞ BÖLGE MÜDÜRLÜĞÜ,TUNCELİ İL SAĞLIK MÜDÜRLÜĞÜ,TUNCELİ,ERM 2000 F,AMELİYAT MASASI,,,60 GÜN,,,
AMELIYAT MASASI,ÖZEL,2024/149,1/19/2024,ORDU GÜRGENTEPE DEVLET HASTANESİ,ORDU GÜRGENTEPE DEVLET HASTANESİ,ORDU,ERM 2000 F,AMELİYAT MASASI,,2024/02-035,60 GÜN,,,
AMELIYAT MASASI,ÖZEL,2024/151,9/2/2024,ÖNDER GRUP MAKİNE İTH. İHR. SAN. TİC. A.Ş.,TURGUTLU DEVLET HASTANESİ,MANİSA,ERM 2000 F,AMELİYAT MASASI,,2024/02-036,60 GÜN,7/13/2024,,
AMELIYAT MASASI,ÖZEL,2023/344,1/25/2024,EREN ENERJİ A.Ş.,BİTLİS DEVLET HASTANESİ,BİTLİS,GOLDBERG 5 S,AMELİYAT MASASI,,2024/02-001,60 GÜN,,,
AMELIYAT MASASI,ÖZEL,2023/345,1/25/2024,EREN ENERJİ A.Ş.,BİTLİS DEVLET HASTANESİ,BİTLİS,GOLDBERG 5 S,AMELİYAT MASASI,,2024/02-002,60 GÜN,,,
AMELIYAT MASASI,ÖZEL,2023/389,1/25/2024,EREN ENERJİ A.Ş.,BİTLİS DEVLET HASTANESİ,BİTLİS,GOLDBERG 5 S,AMELİYAT MASASI,,2024/02-003,60 GÜN,,,
AMELIYAT MASASI,YURTDIŞI,2024/167,2/14/2024,IEC,PAKİSTAN,PAKİSTAN,GOLDBERG 5 S,AMELİYAT MASASI,,2024/02-004,60 GÜN,,,
AMELIYAT MASASI,YURTDIŞI,2024/168,2/14/2024,IEC,PAKİSTAN,PAKİSTAN,GOLDBERG 5 S,AMELİYAT MASASI,,2024/02-005,60 GÜN,,,
AMELIYAT MASASI,YURTDIŞI,2024/169,2/14/2024,IEC,PAKİSTAN,PAKİSTAN,GOLDBERG 5 S,AMELİYAT MASASI,,2024/02-006,60 GÜN,,,
AMELIYAT MASASI,YURTDIŞI,2024/170,2/14/2024,IEC,PAKİSTAN,PAKİSTAN,GOLDBERG 5 S,AMELİYAT MASASI,,2024/02-007,60 GÜN,,,
AMELIYAT MASASI,YURTDIŞI,2023/390,2/14/2024,IP,PAKİSTAN,PAKİSTAN,GOLDBERG 5 S,AMELİYAT MASASI,,2024/02-008,60 GÜN,,,
AMELIYAT MASASI,YURTDIŞI,2023/392,2/14/2024,IP,PAKİSTAN,PAKİSTAN,GOLDBERG 5 S,AMELİYAT MASASI,,2024/02-009,60 GÜN,,,
AMELIYAT MASASI,DMO,2023/430,2/20/2024,DMO ELAZIĞ BÖLGE MÜDÜRLÜĞÜ,TUNCELİ İL SAĞLIK MÜDÜRLÜĞÜ,TUNCELİ,ERM 2000 F,AMELİYAT MASASI,,2024/02-010,60 GÜN,4/20/2024,,
AMELIYAT MASASI,YURTDIŞI,2022/503,12/7/2022,FAS,FAS,FAS,GOLDBERG 3 S,AMELİYAT MASASI,aşağıda,2024/02-030,60 GÜN,5/10/2024,,
AMELIYAT MASASI,ÖZEL,2023/164,8/16/2024,GHS DANIŞMANLIK MÜHENDİSLİK SAĞLIK HİZMETLERİ SAN. TİC. A.Ş.,GHS DANIŞMANLIK MÜHENDİSLİK SAĞLIK HİZMETLERİ SAN. TİC. A.Ş.,İSTANBUL,GOLDBERG 4 S,AMELİYAT MASASI,,2024/02-031,60 GÜN,8/17/2024,,
AMELIYAT MASASI,ÖZEL,2023/283,5/2/2024,BİOKAN MEDİKAL,BİOKAN MEDİKAL,KAYSERİ,GOLDBERG 5 S,AMELİYAT MASASI,,2024/02-012,60 GÜN,,,
AMELIYAT MASASI,DMO,2023/391,4/19/2024,DMO 1 NOLU OPERASYONEL SÜREÇLER DAİRE BAŞKANLIĞI,SELÇUK ÜNİVERSİTESİ UYGULAMA VE ARAŞTIRMA HASTANESİ,KONYA,GOLDBERG 5 S,AMELİYAT MASASI,,2024/02-013,60 GÜN,6/18/2024,,
AMELIYAT MASASI,DMO,2023/393,3/11/2024,DMO ELAZIĞ BÖLGE MÜDÜRLÜĞÜ,SİVAS CUMHURİYET ÜNİVERSİTESİ UYGULAMA VE ARAŞTIRMA HASTANESİ,SİVAS,GOLDBERG 5 S,AMELİYAT MASASI,,2024/02-011,60 GÜN,5/10/2024,,
AMELIYAT MASASI,YURTDIŞI,2023/427,11/28/2023,FAS,FAS,FAS,GOLDBERG 3 S,AMELİYAT MASASI,,2024/02-027,60 GÜN,5/10/2024,,
AMELIYAT MASASI,YURTDIŞI,2023/428,11/28/2023,FAS,FAS,FAS,GOLDBERG 3 S,AMELİYAT MASASI,,2024/02-028,60 GÜN,5/10/2024,,
AMELIYAT MASASI,YURTDIŞI,2023/429,11/28/2023,FAS,FAS,FAS,GOLDBERG 3 S,AMELİYAT MASASI,,2024/02-029,60 GÜN,5/10/2024,,
AMELIYAT MASASI,ÖZEL,2024/190,5/2/2024,BİOKAN MEDİKAL,BİOKAN MEDİKAL,KAYSERİ,GOLDBERG 5 S,AMELİYAT MASASI,,2024/02-020,60 GÜN,,,
AMELIYAT MASASI,ÖZEL,2024/191,5/2/2024,BİOKAN MEDİKAL,BİOKAN MEDİKAL,KAYSERİ,GOLDBERG 5 S,AMELİYAT MASASI,,2024/02-021,60 GÜN,,,
AMELIYAT MASASI,ÖZEL,2024/192,5/2/2024,BİOKAN MEDİKAL,BİOKAN MEDİKAL,KAYSERİ,GOLDBERG 5 S,AMELİYAT MASASI,,2024/02-022,60 GÜN,,,
AMELIYAT MASASI,ÖZEL,2024/193,5/2/2024,BİOKAN MEDİKAL,BİOKAN MEDİKAL,KAYSERİ,GOLDBERG 5 S,AMELİYAT MASASI,,2024/02-023,60 GÜN,,,
AMELIYAT MASASI,ÖZEL,2024/194,5/2/2024,BİOKAN MEDİKAL,BİOKAN MEDİKAL,KAYSERİ,GOLDBERG 5 S,AMELİYAT MASASI,,2024/02-024,60 GÜN,,,
AMELIYAT MASASI,ÖZEL,2024/195,5/2/2024,BİOKAN MEDİKAL,BİOKAN MEDİKAL,KAYSERİ,GOLDBERG 5 S,AMELİYAT MASASI,,2024/02-025,60 GÜN,,,
AMELIYAT MASASI,ÖZEL,2024/196,5/2/2024,BİOKAN MEDİKAL,BİOKAN MEDİKAL,KAYSERİ,GOLDBERG 5 S,AMELİYAT MASASI,,2024/02-026,60 GÜN,,,
AMELIYAT MASASI,YURTDIŞI,2024/250,7/30/2024,FAS,FAS,FAS,GOLDBERG 5 S,AMELİYAT MASASI,,2024/02-032,60 GÜN,8/5/2024,,
AMELIYAT MASASI,DEMO,2024/251,8/9/2024,ANKARA EĞİTİM V E ARAŞTIRMA HASTANESİ,ANKARA EĞİTİM VE ARAŞTIRMA HASTANESİ,ANKARA,GOLDBERG 5 S,AMELİYAT MASASI,,2024/02-033,60 GÜN,8/10/2024,,
AMELIYAT MASASI,DEMO,2024/252,7/30/2024,ANKARA EĞİTİM V E ARAŞTIRMA HASTANESİ,HİBE,ANKARA,GOLDBERG 5 S,AMELİYAT MASASI,,2024/02-034,60 GÜN,8/5/2024,,
AMELIYAT MASASI,DMO,2024/253,9/6/2024,MALATYA İL SAĞLIK MÜDÜRLÜĞÜ,MALATYA İL SAĞLIK MÜDÜRLÜĞÜ,MALATYA,GOLDBERG 5 S,AMELİYAT MASASI,,2024/02-027,60 GÜN,11/5/2024,,
AMELIYAT MASASI,YURTDIŞI,2024/259,9/19/2024,MET RUSYA,MET RUSYA,RUSYA,GOLDBERG 5 S,AMELİYAT MASASI,,2024/02-038,60 GÜN,9/25/2024,,
AMELIYAT MASASI,DEMO,2024/260,9/17/2024,BAFRA DEVLET HASTANESİ,BAFRA DEVLET HASTANESİ,SAMSUN,GOLDBERG 5 S,AMELİYAT MASASI,,2024/02-037,60 GÜN,,,
